Trading Date,Interval Number,Trading Interval,Load Forecast (MW),Forecast As At,Scheduled Generation (MW),Non-Scheduled Generation (MW),Total Generation (MW),Final Price ($/MWh),Extracted At
"2012-07-01",1,2012-07-01 08:00:00,1896.473,2012-06-30 11:50:14,1797.04,134.24,1931.28,44.48,"2013-09-17 13:01:25"
"2012-07-01",2,2012-07-01 08:30:00,1913.253,2012-06-30 11:50:14,1860.15,113.68,1973.83,44.18,
"2012-07-01",3,2012-07-01 09:00:00,1912.515,2012-06-30 11:50:14,1863.67,91.11,1954.78,44.07,
"2012-07-01",4,2012-07-01 09:30:00,1895.706,2012-06-30 11:50:14,1839.93,88.62,1928.55,44.26,
"2012-07-01",5,2012-07-01 10:00:00,1871.095,2012-06-30 11:50:14,1798.76,90.85,1889.61,42.45,
"2012-07-01",6,2012-07-01 10:30:00,1847.977,2012-06-30 11:50:14,1779.95,87.89,1867.84,42.57,
"2012-07-01",7,2012-07-01 11:00:00,1830.113,2012-06-30 11:50:14,1725.62,90.32,1815.94,42.6,
"2012-07-01",8,2012-07-01 11:30:00,1816.503,2012-06-30 11:50:14,1691.26,86.09,1777.35,42.35,
"2012-07-01",9,2012-07-01 12:00:00,1807.94,2012-06-30 11:50:14,1697.93,75.41,1773.34,42.2,
"2012-07-01",10,2012-07-01 12:30:00,1792.562,2012-06-30 11:50:14,1699.75,59.25,1759,42.26,
"2012-07-01",11,2012-07-01 13:00:00,1767.946,2012-06-30 11:50:14,1693.88,47.39,1741.27,42.46,
"2012-07-01",12,2012-07-01 13:30:00,1749.343,2012-06-30 11:50:14,1686.55,36.71,1723.26,42.73,
"2012-07-01",13,2012-07-01 14:00:00,1740.089,2012-06-30 11:50:14,1722,27.56,1749.56,42.93,
"2012-07-01",14,2012-07-01 14:30:00,1740.411,2012-06-30 11:50:14,1745.34,21.51,1766.85,42.92,
"2012-07-01",15,2012-07-01 15:00:00,1747.994,2012-06-30 11:50:14,1783,21.5,1804.5,71.14,
"2012-07-01",16,2012-07-01 15:30:00,1772.831,2012-06-30 11:50:14,1837.21,17.98,1855.19,77.49,
"2012-07-01",17,2012-07-01 16:00:00,1818.394,2012-06-30 11:50:14,1927.62,16.63,1944.25,184.06,
"2012-07-01",18,2012-07-01 16:30:00,1897.704,2012-06-30 11:50:14,2061.68,17.93,2079.61,249.52,
"2012-07-01",19,2012-07-01 17:00:00,2046.096,2012-06-30 11:50:14,2277.57,20,2297.57,323,
"2012-07-01",20,2012-07-01 17:30:00,2258.88,2012-06-30 11:50:14,2508.28,27,2535.28,323,
"2012-07-01",21,2012-07-01 18:00:00,2318.952,2012-07-01 05:22:34,2531.39,31.55,2562.94,116.08,
"2012-07-01",22,2012-07-01 18:30:00,2490.316,2012-07-01 05:52:38,2464.89,37.65,2502.54,82.14,
"2012-07-01",23,2012-07-01 19:00:00,2456.468,2012-07-01 06:22:45,2419.24,61.71,2480.95,83.39,
"2012-07-01",24,2012-07-01 19:30:00,2450.839,2012-07-01 06:52:48,2374.19,71.96,2446.15,85.15,
"2012-07-01",25,2012-07-01 20:00:00,2378.74,2012-07-01 07:22:33,2290.74,76.03,2366.77,81.77,
"2012-07-01",26,2012-07-01 20:30:00,2343.333,2012-07-01 07:52:54,2207.88,88.88,2296.76,76.16,
"2012-07-01",27,2012-07-01 21:00:00,2278.36,2012-07-01 08:22:55,2126.57,94.77,2221.34,73.61,
"2012-07-01",28,2012-07-01 21:30:00,2173.035,2012-07-01 08:52:43,1994.25,95.46,2089.71,53.03,
"2012-07-01",29,2012-07-01 22:00:00,2063.573,2012-07-01 09:22:56,1862.37,93.35,1955.72,47.68,
"2012-07-01",30,2012-07-01 22:30:00,1961.361,2012-07-01 09:53:07,1724.03,99.24,1823.27,44.39,
"2012-07-01",31,2012-07-01 23:00:00,1867.9,2012-07-01 10:23:09,1633.72,105.77,1739.49,42.08,
"2012-07-01",32,2012-07-01 23:30:00,1731.253,2012-07-01 10:53:07,1558.61,104.37,1662.98,45.92,
"2012-07-01",33,2012-07-02 00:00:00,1646.904,2012-07-01 11:23:12,1503.54,107.09,1610.63,44.33,
"2012-07-01",34,2012-07-02 00:30:00,1575.484,2012-07-01 11:53:17,1458.7,107.76,1566.46,48.79,
"2012-07-01",35,2012-07-02 01:00:00,1538.208,2012-07-01 11:53:17,1424.24,119.5,1543.74,44.33,
"2012-07-01",36,2012-07-02 01:30:00,1514.709,2012-07-01 11:53:17,1404.29,121.79,1526.08,42.06,
"2012-07-01",37,2012-07-02 02:00:00,1500.721,2012-07-01 11:53:17,1406.82,125.36,1532.18,45.66,
"2012-07-01",38,2012-07-02 02:30:00,1492.23,2012-07-01 11:53:17,1405.2,135.72,1540.92,46.57,
"2012-07-01",39,2012-07-02 03:00:00,1491.988,2012-07-01 11:53:17,1402.38,137.21,1539.59,46.97,
"2012-07-01",40,2012-07-02 03:30:00,1494.829,2012-07-01 11:53:17,1435.06,116.16,1551.22,54.94,
"2012-07-01",41,2012-07-02 04:00:00,1492.696,2012-07-01 11:53:17,1450.59,120.66,1571.25,47.18,
"2012-07-01",42,2012-07-02 04:30:00,1526.459,2012-07-01 11:53:17,1519.65,122.47,1642.12,47.13,
"2012-07-01",43,2012-07-02 05:00:00,1596.682,2012-07-01 11:53:17,1621.76,127.45,1749.21,42.33,
"2012-07-01",44,2012-07-02 05:30:00,1705.495,2012-07-01 11:53:17,1759.69,128.89,1888.58,55.94,
"2012-07-01",45,2012-07-02 06:00:00,1865.516,2012-07-01 11:53:17,2005.3,134.99,2140.29,95.68,
"2012-07-01",46,2012-07-02 06:30:00,2055.843,2012-07-01 11:53:17,2214.51,131.93,2346.44,304.05,
"2012-07-01",47,2012-07-02 07:00:00,2225.742,2012-07-01 11:53:17,2360.17,137,2497.17,255.3,
"2012-07-01",48,2012-07-02 07:30:00,2340.379,2012-07-01 11:53:17,2402.51,141.96,2544.47,88.87,
"2012-07-02",1,2012-07-02 08:00:00,2364.25,2012-07-01 11:53:17,2353.41,139.85,2493.26,65.74,
"2012-07-02",2,2012-07-02 08:30:00,2349.862,2012-07-01 11:53:17,2329.17,123.55,2452.72,52.95,
"2012-07-02",3,2012-07-02 09:00:00,2331.45,2012-07-01 11:53:17,2286.49,101.73,2388.22,46.79,
"2012-07-02",4,2012-07-02 09:30:00,2299.237,2012-07-01 11:53:17,2238.1,90.3,2328.4,45.93,
"2012-07-02",5,2012-07-02 10:00:00,2266.529,2012-07-01 11:53:17,2175.93,97.76,2273.69,42.35,
"2012-07-02",6,2012-07-02 10:30:00,2238.381,2012-07-01 11:53:17,2128.06,91.08,2219.14,42.54,
"2012-07-02",7,2012-07-02 11:00:00,2218.355,2012-07-01 11:53:17,2075.51,96.11,2171.62,42.58,
"2012-07-02",8,2012-07-02 11:30:00,2205.48,2012-07-01 11:53:17,2042.2,93.87,2136.07,42.72,
"2012-07-02",9,2012-07-02 12:00:00,2191.787,2012-07-01 11:53:17,2028.91,80.89,2109.8,42.77,
"2012-07-02",10,2012-07-02 12:30:00,2176.921,2012-07-01 11:53:17,2031.74,72.26,2104,42.95,
"2012-07-02",11,2012-07-02 13:00:00,2169.312,2012-07-01 11:53:17,2022,61.56,2083.56,43.15,
"2012-07-02",12,2012-07-02 13:30:00,2163.578,2012-07-01 11:53:17,2051.32,56.98,2108.3,43.36,
"2012-07-02",13,2012-07-02 14:00:00,2161.346,2012-07-01 11:53:17,2038.1,53.62,2091.72,76.62,
"2012-07-02",14,2012-07-02 14:30:00,2157.853,2012-07-01 11:53:17,2058.94,45.08,2104.02,76.52,
"2012-07-02",15,2012-07-02 15:00:00,2157.576,2012-07-01 11:53:17,2095.84,42.26,2138.1,76.99,
"2012-07-02",16,2012-07-02 15:30:00,2178.902,2012-07-01 11:53:17,2146.29,38.29,2184.58,76.45,
"2012-07-02",17,2012-07-02 16:00:00,2214.478,2012-07-01 11:53:17,2211.86,30.98,2242.84,224.83,
"2012-07-02",18,2012-07-02 16:30:00,2269.587,2012-07-01 11:53:17,2321.66,27.67,2349.33,286.25,
"2012-07-02",19,2012-07-02 17:00:00,2380.324,2012-07-01 11:53:17,2500.44,25.21,2525.65,323,
"2012-07-02",20,2012-07-02 17:30:00,2544.442,2012-07-01 11:53:17,2702.13,43.1,2745.23,323,
"2012-07-02",21,2012-07-02 18:00:00,2510.918,2012-07-02 05:21:03,2720.77,72.55,2793.32,181.23,
"2012-07-02",22,2012-07-02 18:30:00,2688.096,2012-07-02 05:51:09,2643.43,90.14,2733.57,87.58,
"2012-07-02",23,2012-07-02 19:00:00,2632.44,2012-07-02 06:20:55,2591.62,88.27,2679.89,88.82,
"2012-07-02",24,2012-07-02 19:30:00,2651.308,2012-07-02 06:51:07,2552.97,86.8,2639.77,87.67,
"2012-07-02",25,2012-07-02 20:00:00,2611.251,2012-07-02 07:21:26,2456.84,84.22,2541.06,76.19,
"2012-07-02",26,2012-07-02 20:30:00,2559.092,2012-07-02 07:51:25,2367.91,84.35,2452.26,63.83,
"2012-07-02",27,2012-07-02 21:00:00,2451.877,2012-07-02 08:21:15,2239.58,94.06,2333.64,48.48,
"2012-07-02",28,2012-07-02 21:30:00,2371.306,2012-07-02 08:51:24,2078.33,108.08,2186.41,44.76,
"2012-07-02",29,2012-07-02 22:00:00,2207.172,2012-07-02 09:21:27,1933.37,117.79,2051.16,45.11,
"2012-07-02",30,2012-07-02 22:30:00,2066.674,2012-07-02 09:51:44,1765.95,133.35,1899.3,43.07,
"2012-07-02",31,2012-07-02 23:00:00,1953.043,2012-07-02 10:21:34,1658.34,133.97,1792.31,43.23,
"2012-07-02",32,2012-07-02 23:30:00,1801.319,2012-07-02 10:51:46,1566.12,156.41,1722.53,41.95,
"2012-07-02",33,2012-07-03 00:00:00,1720.331,2012-07-02 11:21:33,1501.02,152.48,1653.5,42.42,
"2012-07-02",34,2012-07-03 00:30:00,1667.385,2012-07-02 11:51:46,1462.36,166.09,1628.45,42.72,
"2012-07-02",35,2012-07-03 01:00:00,1619.919,2012-07-02 11:51:46,1444.08,164.41,1608.49,41.72,
"2012-07-02",36,2012-07-03 01:30:00,1587.941,2012-07-02 11:51:46,1411.41,162.27,1573.68,39.17,
"2012-07-02",37,2012-07-03 02:00:00,1571.808,2012-07-02 11:51:46,1414.74,150.9,1565.64,39.12,
"2012-07-02",38,2012-07-03 02:30:00,1561.95,2012-07-02 11:51:46,1432.83,144.1,1576.93,39.13,
"2012-07-02",39,2012-07-03 03:00:00,1559.142,2012-07-02 11:51:46,1433.63,134.01,1567.64,39.12,
"2012-07-02",40,2012-07-03 03:30:00,1560.474,2012-07-02 11:51:46,1453.82,131.34,1585.16,39.2,
"2012-07-02",41,2012-07-03 04:00:00,1541.117,2012-07-02 11:51:46,1484.84,118.44,1603.28,39.23,
"2012-07-02",42,2012-07-03 04:30:00,1560.436,2012-07-02 11:51:46,1524.13,134.04,1658.17,39.19,
"2012-07-02",43,2012-07-03 05:00:00,1627.685,2012-07-02 11:51:46,1620.46,146.02,1766.48,39.38,
"2012-07-02",44,2012-07-03 05:30:00,1735.618,2012-07-02 11:51:46,1758.63,146.96,1905.59,64.34,
"2012-07-02",45,2012-07-03 06:00:00,1898.588,2012-07-02 11:51:46,1982.61,162.63,2145.24,59.51,
"2012-07-02",46,2012-07-03 06:30:00,2093.834,2012-07-02 11:51:46,2225.56,162.27,2387.83,232.98,
"2012-07-02",47,2012-07-03 07:00:00,2267.51,2012-07-02 11:51:46,2412.6,160.01,2572.61,315.53,
"2012-07-02",48,2012-07-03 07:30:00,2378.2,2012-07-02 11:51:46,2456.31,153.67,2609.98,323,
"2012-07-03",1,2012-07-03 08:00:00,2396.016,2012-07-02 11:51:46,2388.42,140.55,2528.97,54.71,
"2012-07-03",2,2012-07-03 08:30:00,2375.453,2012-07-02 11:51:46,2354.45,112,2466.45,53.1,
"2012-07-03",3,2012-07-03 09:00:00,2353.358,2012-07-02 11:51:46,2284.04,108.81,2392.85,50.54,
"2012-07-03",4,2012-07-03 09:30:00,2318.137,2012-07-02 11:51:46,2245.11,90.62,2335.73,43.68,
"2012-07-03",5,2012-07-03 10:00:00,2283.402,2012-07-02 11:51:46,2176.47,89.27,2265.74,41.08,
"2012-07-03",6,2012-07-03 10:30:00,2255.408,2012-07-02 11:51:46,2060.92,139.96,2200.88,38.45,
"2012-07-03",7,2012-07-03 11:00:00,2235.888,2012-07-02 11:51:46,1984.93,173.02,2157.95,38.42,
"2012-07-03",8,2012-07-03 11:30:00,2222.141,2012-07-02 11:51:46,1936.5,180.65,2117.15,38.52,
"2012-07-03",9,2012-07-03 12:00:00,2207.368,2012-07-02 11:51:46,1934,157.13,2091.13,38.61,
"2012-07-03",10,2012-07-03 12:30:00,2191.764,2012-07-02 11:51:46,1930.26,135.34,2065.6,38.72,
"2012-07-03",11,2012-07-03 13:00:00,2183.073,2012-07-02 11:51:46,1980.68,87.97,2068.65,38.79,
"2012-07-03",12,2012-07-03 13:30:00,2177.156,2012-07-02 11:51:46,2016.7,69.74,2086.44,38.85,
"2012-07-03",13,2012-07-03 14:00:00,2175.336,2012-07-02 11:51:46,2017.04,68.22,2085.26,38.86,
"2012-07-03",14,2012-07-03 14:30:00,2172.207,2012-07-02 11:51:46,2041.44,54.26,2095.7,38.9,
"2012-07-03",15,2012-07-03 15:00:00,2172.452,2012-07-02 11:51:46,2095.47,47.9,2143.37,40.07,
"2012-07-03",16,2012-07-03 15:30:00,2194.29,2012-07-02 11:51:46,2140.47,44.44,2184.91,44.94,
"2012-07-03",17,2012-07-03 16:00:00,2229.163,2012-07-02 11:51:46,2189.66,35.83,2225.49,48.85,
"2012-07-03",18,2012-07-03 16:30:00,2283.759,2012-07-02 11:51:46,2278.59,36.79,2315.38,63.07,
"2012-07-03",19,2012-07-03 17:00:00,2395.429,2012-07-02 11:51:46,2504.8,38.55,2543.35,150.35,
"2012-07-03",20,2012-07-03 17:30:00,2559.586,2012-07-02 11:51:46,2699.23,65.62,2764.85,323,
"2012-07-03",21,2012-07-03 18:00:00,2573.416,2012-07-03 05:24:20,2690.6,107.58,2798.18,94.22,
"2012-07-03",22,2012-07-03 18:30:00,2757.4,2012-07-03 05:54:26,2636.78,120.65,2757.43,92.28,
"2012-07-03",23,2012-07-03 19:00:00,2753.969,2012-07-03 06:24:32,2554.77,124.02,2678.79,85.6,
"2012-07-03",24,2012-07-03 19:30:00,2717.33,2012-07-03 06:54:46,2518.62,130.57,2649.19,75.67,
"2012-07-03",25,2012-07-03 20:00:00,2642.499,2012-07-03 07:24:51,2442.53,146.8,2589.33,65.51,
"2012-07-03",26,2012-07-03 20:30:00,2598.731,2012-07-03 07:54:54,2310.38,198.33,2508.71,49.76,
"2012-07-03",27,2012-07-03 21:00:00,2514.903,2012-07-03 08:25:02,2133.69,222.65,2356.34,45.63,
"2012-07-03",28,2012-07-03 21:30:00,2439.002,2012-07-03 08:55:02,1975.3,235.23,2210.53,43.12,
"2012-07-03",29,2012-07-03 22:00:00,2209.985,2012-07-03 09:24:59,1857.08,222.34,2079.42,41.83,
"2012-07-03",30,2012-07-03 22:30:00,2091.677,2012-07-03 09:54:57,1725.56,215.01,1940.57,39.22,
"2012-07-03",31,2012-07-03 23:00:00,1980.155,2012-07-03 10:25:12,1623.68,223.13,1846.81,42.29,
"2012-07-03",32,2012-07-03 23:30:00,1858.785,2012-07-03 10:55:25,1534.83,215.37,1750.2,41.05,
"2012-07-03",33,2012-07-04 00:00:00,1763.978,2012-07-03 11:25:31,1448.17,181.92,1630.09,39.27,
"2012-07-03",34,2012-07-04 00:30:00,1712.151,2012-07-03 11:55:18,1411.5,194.19,1605.69,39.3,
"2012-07-03",35,2012-07-04 01:00:00,1663.259,2012-07-03 11:55:18,1401.15,197.65,1598.8,39.2,
"2012-07-03",36,2012-07-04 01:30:00,1628.834,2012-07-03 11:55:18,1373.75,223.83,1597.58,39.15,
"2012-07-03",37,2012-07-04 02:00:00,1611.994,2012-07-03 11:55:18,1337.67,242.71,1580.38,78.2,
"2012-07-03",38,2012-07-04 02:30:00,1601.57,2012-07-03 11:55:18,1342.02,242.4,1584.42,78.42,
"2012-07-03",39,2012-07-04 03:00:00,1598.037,2012-07-03 11:55:18,1327.8,240.83,1568.63,78.1,
"2012-07-03",40,2012-07-04 03:30:00,1599.105,2012-07-03 11:55:18,1337.02,240.19,1577.21,78.8,
"2012-07-03",41,2012-07-04 04:00:00,1570.923,2012-07-03 11:55:18,1376.51,242.07,1618.58,39.16,
"2012-07-03",42,2012-07-04 04:30:00,1598.127,2012-07-03 11:55:18,1400.85,259.69,1660.54,54.99,
"2012-07-03",43,2012-07-04 05:00:00,1668.522,2012-07-03 11:55:18,1528.49,256.61,1785.1,77.99,
"2012-07-03",44,2012-07-04 05:30:00,1780.879,2012-07-03 11:55:18,1700.1,258.04,1958.14,122.24,
"2012-07-03",45,2012-07-04 06:00:00,1950.09,2012-07-03 11:55:18,1933.97,247.67,2181.64,120.68,
"2012-07-03",46,2012-07-04 06:30:00,2149.047,2012-07-03 11:55:18,2186.45,234.2,2420.65,311.81,
"2012-07-03",47,2012-07-04 07:00:00,2323.868,2012-07-03 11:55:18,2379.9,234.36,2614.26,323,
"2012-07-03",48,2012-07-04 07:30:00,2437.308,2012-07-03 11:55:18,2401.13,223.5,2624.63,323,
"2012-07-04",1,2012-07-04 08:00:00,2451.518,2012-07-03 11:55:18,2356.69,206.35,2563.04,44.11,
"2012-07-04",2,2012-07-04 08:30:00,2423.744,2012-07-03 11:55:18,2302.41,190.22,2492.63,43.44,
"2012-07-04",3,2012-07-04 09:00:00,2391.049,2012-07-03 11:55:18,2221.54,190.29,2411.83,42.24,
"2012-07-04",4,2012-07-04 09:30:00,2345.56,2012-07-03 11:55:18,2174.03,166.28,2340.31,39.24,
"2012-07-04",5,2012-07-04 10:00:00,2301.938,2012-07-03 11:55:18,2150.91,136.19,2287.1,39.2,
"2012-07-04",6,2012-07-04 10:30:00,2263.434,2012-07-03 11:55:19,2100.34,135.38,2235.72,39.2,
"2012-07-04",7,2012-07-04 11:00:00,2236.023,2012-07-03 11:55:19,2107.52,101.7,2209.22,41.05,
"2012-07-04",8,2012-07-04 11:30:00,2216.268,2012-07-03 11:55:19,2104.16,90.38,2194.54,39.17,
"2012-07-04",9,2012-07-04 12:00:00,2195.558,2012-07-03 11:55:19,2073.03,83.02,2156.05,42.46,
"2012-07-04",10,2012-07-04 12:30:00,2174.419,2012-07-03 11:55:19,2055.52,75.75,2131.27,43.87,
"2012-07-04",11,2012-07-04 13:00:00,2162.683,2012-07-03 11:55:19,2074.56,51.67,2126.23,44.95,
"2012-07-04",12,2012-07-04 13:30:00,2156.796,2012-07-03 11:55:19,2088.9,34.67,2123.57,44.75,
"2012-07-04",13,2012-07-04 14:00:00,2156.132,2012-07-03 11:55:19,2101.65,28.09,2129.74,45.06,
"2012-07-04",14,2012-07-04 14:30:00,2154.721,2012-07-03 11:55:19,2088.83,32.23,2121.06,45.17,
"2012-07-04",15,2012-07-04 15:00:00,2157.266,2012-07-03 11:55:19,2131.44,28.88,2160.32,44.96,
"2012-07-04",16,2012-07-04 15:30:00,2181.113,2012-07-03 11:55:19,2192.44,27,2219.44,48.5,
"2012-07-04",17,2012-07-04 16:00:00,2217.653,2012-07-03 11:55:19,2226.17,36.48,2262.65,48.44,
"2012-07-04",18,2012-07-04 16:30:00,2275.561,2012-07-03 11:55:19,2318.38,46.45,2364.83,53.77,
"2012-07-04",19,2012-07-04 17:00:00,2394.905,2012-07-03 11:55:19,2524.38,36.68,2561.06,110.91,
"2012-07-04",20,2012-07-04 17:30:00,2573.776,2012-07-03 11:55:19,2709.61,56.07,2765.68,122.11,
"2012-07-04",21,2012-07-04 18:00:00,2565.046,2012-07-04 05:23:23,2716.46,75.03,2791.49,95.58,
"2012-07-04",22,2012-07-04 18:30:00,2691.881,2012-07-04 05:53:35,2685.5,84.81,2770.31,93.5,
"2012-07-04",23,2012-07-04 19:00:00,2667.811,2012-07-04 05:53:35,2599.36,88.66,2688.02,81,
"2012-07-04",24,2012-07-04 19:30:00,2672.919,2012-07-04 18:53:37,2531.68,105.99,2637.67,67.36,
"2012-07-04",25,2012-07-04 20:00:00,2605.864,2012-07-04 19:23:45,2440.28,135.52,2575.8,51.79,
"2012-07-04",26,2012-07-04 20:30:00,2568.762,2012-07-04 19:54:10,2321.08,156.41,2477.49,48.66,
"2012-07-04",27,2012-07-04 21:00:00,2499.028,2012-07-04 20:24:14,2176,186.58,2362.58,45.91,
"2012-07-04",28,2012-07-04 21:30:00,2377.977,2012-07-04 20:53:51,2003.49,211.81,2215.3,41.08,
"2012-07-04",29,2012-07-04 22:00:00,2226.23,2012-07-04 21:24:23,1770.47,268.36,2038.83,36.72,
"2012-07-04",30,2012-07-04 22:30:00,2082.653,2012-07-04 21:54:07,1634.99,262.85,1897.84,35.34,
"2012-07-04",31,2012-07-04 23:00:00,1977.318,2012-07-04 22:24:00,1525.8,266.1,1791.9,34.85,
"2012-07-04",32,2012-07-04 23:30:00,1829.523,2012-07-04 22:54:20,1452.55,260.15,1712.7,35.06,
"2012-07-04",33,2012-07-05 00:00:00,1699.319,2012-07-04 23:24:28,1384.05,262.86,1646.91,34.65,
"2012-07-04",34,2012-07-05 00:30:00,1642.45,2012-07-04 23:54:18,1327.95,270.07,1598.02,34.8,
"2012-07-04",35,2012-07-05 01:00:00,1596.246,2012-07-04 23:54:18,1301.18,281.33,1582.51,34.94,
"2012-07-04",36,2012-07-05 01:30:00,1566.785,2012-07-04 23:54:18,1295.58,271.8,1567.38,34.94,
"2012-07-04",37,2012-07-05 02:00:00,1552.286,2012-07-04 23:54:18,1276.36,280.23,1556.59,39.14,
"2012-07-04",38,2012-07-05 02:30:00,1546.945,2012-07-04 23:54:18,1289.63,278,1567.63,39.14,
"2012-07-04",39,2012-07-05 03:00:00,1551.722,2012-07-04 23:54:18,1302.46,280.26,1582.72,39.17,
"2012-07-04",40,2012-07-05 03:30:00,1558.904,2012-07-04 23:54:18,1309.69,280.33,1590.02,39.18,
"2012-07-04",41,2012-07-05 04:00:00,1540.093,2012-07-04 23:54:18,1323.83,284.32,1608.15,39.25,
"2012-07-04",42,2012-07-05 04:30:00,1569.223,2012-07-04 23:54:18,1380.13,286.45,1666.58,39.79,
"2012-07-04",43,2012-07-05 05:00:00,1640.501,2012-07-04 23:54:18,1497.02,286.15,1783.17,40.22,
"2012-07-04",44,2012-07-05 05:30:00,1751.986,2012-07-04 23:54:18,1635.07,285.1,1920.17,41.68,
"2012-07-04",45,2012-07-05 06:00:00,1919.999,2012-07-04 23:54:18,1878.06,286.48,2164.54,46.74,
"2012-07-04",46,2012-07-05 06:30:00,2122.017,2012-07-04 23:54:18,2086.86,285.06,2371.92,50.56,
"2012-07-04",47,2012-07-05 07:00:00,2304.338,2012-07-04 23:54:18,2273.32,280.94,2554.26,113.9,
"2012-07-04",48,2012-07-05 07:30:00,2418.947,2012-07-04 23:54:18,2309.83,267.02,2576.85,48.66,
"2012-07-05",1,2012-07-05 08:00:00,2428.769,2012-07-04 23:54:18,2266.41,244.79,2511.2,45.17,
"2012-07-05",2,2012-07-05 08:30:00,2398.44,2012-07-04 23:54:18,2217.89,223.97,2441.86,43.33,
"2012-07-05",3,2012-07-05 09:00:00,2367.357,2012-07-04 23:54:18,2192.84,217.92,2410.76,41.34,
"2012-07-05",4,2012-07-05 09:30:00,2323.46,2012-07-04 23:54:18,2148.77,184.73,2333.5,41.22,
"2012-07-05",5,2012-07-05 10:00:00,2280.854,2012-07-04 23:54:18,2112.66,171.82,2284.48,41.08,
"2012-07-05",6,2012-07-05 10:30:00,2245.305,2012-07-04 23:54:18,2042.03,174.68,2216.71,41.08,
"2012-07-05",7,2012-07-05 11:00:00,2220.829,2012-07-04 23:54:18,1994.35,185.04,2179.39,39.24,
"2012-07-05",8,2012-07-05 11:30:00,2202.754,2012-07-04 23:54:18,1965.96,192.54,2158.5,39.21,
"2012-07-05",9,2012-07-05 12:00:00,2183.537,2012-07-04 23:54:18,1927.78,170.31,2098.09,39.18,
"2012-07-05",10,2012-07-05 12:30:00,2164.982,2012-07-04 23:54:18,1936.69,163.27,2099.96,39.17,
"2012-07-05",11,2012-07-05 13:00:00,2156.132,2012-07-04 23:54:18,1946.56,136.57,2083.13,39.18,
"2012-07-05",12,2012-07-05 13:30:00,2150.912,2012-07-04 23:54:18,1971.93,134.76,2106.69,39.18,
"2012-07-05",13,2012-07-05 14:00:00,2149.422,2012-07-04 23:54:18,1950.04,83.96,2034,39.17,
"2012-07-05",14,2012-07-05 14:30:00,2145.607,2012-07-04 23:54:18,1992.96,71.11,2064.07,39.16,
"2012-07-05",15,2012-07-05 15:00:00,2145.123,2012-07-04 23:54:18,2005.65,56.9,2062.55,41.36,
"2012-07-05",16,2012-07-05 15:30:00,2164.948,2012-07-04 23:54:18,2061.61,34.6,2096.21,42.78,
"2012-07-05",17,2012-07-05 16:00:00,2196.979,2012-07-04 23:54:18,2105.84,31.42,2137.26,46.37,
"2012-07-05",18,2012-07-05 16:30:00,2247.541,2012-07-04 23:54:19,2215.92,24.62,2240.54,48.94,
"2012-07-05",19,2012-07-05 17:00:00,2356.081,2012-07-04 23:54:19,2397.45,28.99,2426.44,66.48,
"2012-07-05",20,2012-07-05 17:30:00,2531.476,2012-07-04 23:54:19,2613.39,25.93,2639.32,115.11,
"2012-07-05",21,2012-07-05 18:00:00,2468.063,2012-07-05 17:27:21,2679.17,19.93,2699.1,87.77,
"2012-07-05",22,2012-07-05 18:30:00,2644.479,2012-07-05 17:57:16,2634.79,18.98,2653.77,81.44,
"2012-07-05",23,2012-07-05 19:00:00,2642.606,2012-07-05 18:27:21,2598.01,20.46,2618.47,80.99,
"2012-07-05",24,2012-07-05 19:30:00,2607.629,2012-07-05 18:57:38,2574.4,21.99,2596.39,82.12,
"2012-07-05",25,2012-07-05 20:00:00,2579.903,2012-07-05 19:27:40,2535.81,19.91,2555.72,83.16,
"2012-07-05",26,2012-07-05 20:30:00,2499.544,2012-07-05 19:52:58,2445.98,20.5,2466.48,76.1,
"2012-07-05",27,2012-07-05 21:00:00,2481.298,2012-07-05 20:27:42,2316.12,22.05,2338.17,69.46,
"2012-07-05",28,2012-07-05 21:30:00,2356.251,2012-07-05 20:57:45,2176.16,28.21,2204.37,58.77,
"2012-07-05",29,2012-07-05 22:00:00,2199.898,2012-07-05 21:22:49,1999.8,36.82,2036.62,46.17,
"2012-07-05",30,2012-07-05 22:30:00,2082.513,2012-07-05 21:52:52,1864.46,55.22,1919.68,42.05,
"2012-07-05",31,2012-07-05 23:00:00,1929.67,2012-07-05 22:22:58,1733.54,74.12,1807.66,47.41,
"2012-07-05",32,2012-07-05 23:30:00,1913.824,2012-07-05 22:53:02,1655.61,68.77,1724.38,102.54,
"2012-07-05",33,2012-07-06 00:00:00,1730.681,2012-07-05 23:23:05,1601.58,60.36,1661.94,47.29,
"2012-07-05",34,2012-07-06 00:30:00,1649.651,2012-07-05 23:53:29,1557.93,67.31,1625.24,95.92,
"2012-07-05",35,2012-07-06 01:00:00,1604.427,2012-07-05 23:53:29,1513.89,84.55,1598.44,42.53,
"2012-07-05",36,2012-07-06 01:30:00,1572.055,2012-07-05 23:53:29,1476.05,87.14,1563.19,42.01,
"2012-07-05",37,2012-07-06 02:00:00,1553.607,2012-07-05 23:53:29,1437.44,106.18,1543.62,36.78,
"2012-07-05",38,2012-07-06 02:30:00,1544.156,2012-07-05 23:53:29,1377.58,141.05,1518.63,36.6,
"2012-07-05",39,2012-07-06 03:00:00,1537.427,2012-07-05 23:53:29,1330.59,179.02,1509.61,36.81,
"2012-07-05",40,2012-07-06 03:30:00,1533.126,2012-07-05 23:53:29,1325.04,187.84,1512.88,36.92,
"2012-07-05",41,2012-07-06 04:00:00,1519.154,2012-07-05 23:53:29,1380.21,174.38,1554.59,37.01,
"2012-07-05",42,2012-07-06 04:30:00,1551.275,2012-07-05 23:53:29,1388.66,194.01,1582.67,36.99,
"2012-07-05",43,2012-07-06 05:00:00,1623.349,2012-07-05 23:53:29,1473.75,209.26,1683.01,39.19,
"2012-07-05",44,2012-07-06 05:30:00,1733.149,2012-07-05 23:53:29,1629.39,196.95,1826.34,40.95,
"2012-07-05",45,2012-07-06 06:00:00,1897.801,2012-07-05 23:53:29,1862.41,204.19,2066.6,46.74,
"2012-07-05",46,2012-07-06 06:30:00,2100.966,2012-07-05 23:53:29,2061.59,202.4,2263.99,59.96,
"2012-07-05",47,2012-07-06 07:00:00,2296.743,2012-07-05 23:53:29,2234.52,210.79,2445.31,85,
"2012-07-05",48,2012-07-06 07:30:00,2419.366,2012-07-05 23:53:29,2279.76,202.19,2481.95,81.36,
"2012-07-06",1,2012-07-06 08:00:00,2437.017,2012-07-05 23:53:29,2253.86,195.62,2449.48,74.71,
"2012-07-06",2,2012-07-06 08:30:00,2412.632,2012-07-05 23:53:29,2265.38,153.79,2419.17,73.13,
"2012-07-06",3,2012-07-06 09:00:00,2384.478,2012-07-05 23:53:29,2209.51,127.73,2337.24,70.96,
"2012-07-06",4,2012-07-06 09:30:00,2341.654,2012-07-05 23:53:29,2174.47,104.8,2279.27,72.48,
"2012-07-06",5,2012-07-06 10:00:00,2297.194,2012-07-05 23:53:29,2152.58,101.65,2254.23,46.24,
"2012-07-06",6,2012-07-06 10:30:00,2257.75,2012-07-05 23:53:30,2121.8,111.81,2233.61,42.31,
"2012-07-06",7,2012-07-06 11:00:00,2228.944,2012-07-05 23:53:30,2119.1,121.58,2240.68,48.86,
"2012-07-06",8,2012-07-06 11:30:00,2208.191,2012-07-05 23:53:30,2091.38,128.29,2219.67,48.86,
"2012-07-06",9,2012-07-06 12:00:00,2185.595,2012-07-05 23:53:30,2073.17,112.05,2185.22,48.86,
"2012-07-06",10,2012-07-06 12:30:00,2161.896,2012-07-05 23:53:30,2079.5,97.31,2176.81,48.86,
"2012-07-06",11,2012-07-06 13:00:00,2147.459,2012-07-05 23:53:30,2081.44,107.55,2188.99,55.58,
"2012-07-06",12,2012-07-06 13:30:00,2139.222,2012-07-05 23:53:30,2069.89,125.26,2195.15,52.67,
"2012-07-06",13,2012-07-06 14:00:00,2136.1,2012-07-05 23:53:30,2058.4,131.02,2189.42,52.67,
"2012-07-06",14,2012-07-06 14:30:00,2131.158,2012-07-05 23:53:30,2094.5,118.35,2212.85,62.99,
"2012-07-06",15,2012-07-06 15:00:00,2130.073,2012-07-05 23:53:30,2153.29,105.88,2259.17,85,
"2012-07-06",16,2012-07-06 15:30:00,2151.549,2012-07-05 23:53:30,2249.7,73.91,2323.61,85,
"2012-07-06",17,2012-07-06 16:00:00,2189.531,2012-07-05 23:53:30,2349.77,52.41,2402.18,255.26,
"2012-07-06",18,2012-07-06 16:30:00,2246.112,2012-07-05 23:53:30,2443.89,44.81,2488.7,115.47,
"2012-07-06",19,2012-07-06 17:00:00,2351.106,2012-07-05 23:53:30,2591.11,30.52,2621.63,159.34,
"2012-07-06",20,2012-07-06 17:30:00,2504.212,2012-07-05 23:53:30,2675.4,25.81,2701.21,109.67,
"2012-07-06",21,2012-07-06 18:00:00,2573.043,2012-07-06 17:26:25,2664.9,24.75,2689.65,85.26,
"2012-07-06",22,2012-07-06 18:30:00,2634.512,2012-07-06 17:56:29,2604.85,34.28,2639.13,85.49,
"2012-07-06",23,2012-07-06 19:00:00,2632.226,2012-07-06 18:26:43,2507.1,39.92,2547.02,86.02,
"2012-07-06",24,2012-07-06 19:30:00,2556.94,2012-07-06 18:56:29,2449.54,41.24,2490.78,88.26,
"2012-07-06",25,2012-07-06 20:00:00,2470.85,2012-07-06 19:26:41,2390.22,38.65,2428.87,87.75,
"2012-07-06",26,2012-07-06 20:30:00,2401.271,2012-07-06 19:56:35,2314.71,28.37,2343.08,75.2,
"2012-07-06",27,2012-07-06 21:00:00,2333.471,2012-07-06 20:26:48,2233.6,23.35,2256.95,93.25,
"2012-07-06",28,2012-07-06 21:30:00,2209.026,2012-07-06 20:56:41,2131.19,20.14,2151.33,55.75,
"2012-07-06",29,2012-07-06 22:00:00,2106.828,2012-07-06 21:26:48,2002.97,23.41,2026.38,55.75,
"2012-07-06",30,2012-07-06 22:30:00,2045.08,2012-07-06 21:57:12,1894.08,23.37,1917.45,46.06,
"2012-07-06",31,2012-07-06 23:00:00,1930.883,2012-07-06 22:27:11,1793,15.82,1808.82,55.75,
"2012-07-06",32,2012-07-06 23:30:00,1856.396,2012-07-06 22:57:26,1726.59,19.07,1745.66,50.18,
"2012-07-06",33,2012-07-07 00:00:00,1720.496,2012-07-06 23:27:10,1661.35,19.57,1680.92,84.44,
"2012-07-06",34,2012-07-07 00:30:00,1681.004,2012-07-06 23:57:18,1624.7,18.97,1643.67,102.75,
"2012-07-06",35,2012-07-07 01:00:00,1622.746,2012-07-06 23:57:18,1564.2,21.25,1585.45,100.82,
"2012-07-06",36,2012-07-07 01:30:00,1588.024,2012-07-06 23:57:18,1523.7,23.28,1546.98,78.4,
"2012-07-06",37,2012-07-07 02:00:00,1565.853,2012-07-06 23:57:18,1512.86,23.3,1536.16,56.73,
"2012-07-06",38,2012-07-07 02:30:00,1546.753,2012-07-06 23:57:18,1500.9,24.31,1525.21,55.96,
"2012-07-06",39,2012-07-07 03:00:00,1531.58,2012-07-06 23:57:18,1484.96,35.09,1520.05,56.25,
"2012-07-06",40,2012-07-07 03:30:00,1521.292,2012-07-06 23:57:18,1504,28.57,1532.57,62.87,
"2012-07-06",41,2012-07-07 04:00:00,1495.957,2012-07-06 23:57:18,1524.6,22.76,1547.36,62.82,
"2012-07-06",42,2012-07-07 04:30:00,1501.545,2012-07-06 23:57:18,1557.13,16.16,1573.29,63.29,
"2012-07-06",43,2012-07-07 05:00:00,1534.943,2012-07-06 23:57:18,1590.87,24.77,1615.64,41.98,
"2012-07-06",44,2012-07-07 05:30:00,1583.716,2012-07-06 23:57:18,1642.74,30.73,1673.47,41.84,
"2012-07-06",45,2012-07-07 06:00:00,1658.308,2012-07-06 23:57:18,1716.86,33.91,1750.77,42.92,
"2012-07-06",46,2012-07-07 06:30:00,1751.922,2012-07-06 23:57:18,1797.59,30.12,1827.71,54.43,
"2012-07-06",47,2012-07-07 07:00:00,1844.756,2012-07-06 23:57:18,1892.79,30.86,1923.65,72.91,
"2012-07-06",48,2012-07-07 07:30:00,1935.215,2012-07-06 23:57:18,1998.79,24.9,2023.69,89.07,
"2012-07-07",1,2012-07-07 08:00:00,2000.594,2012-07-06 23:57:18,2050.53,19.23,2069.76,94.9,
"2012-07-07",2,2012-07-07 08:30:00,2033.541,2012-07-06 23:57:18,2076.91,16.23,2093.14,85.42,
"2012-07-07",3,2012-07-07 09:00:00,2044.644,2012-07-06 23:57:18,2056.44,15.81,2072.25,85.34,
"2012-07-07",4,2012-07-07 09:30:00,2027.295,2012-07-06 23:57:18,2015.97,15.99,2031.96,75.57,
"2012-07-07",5,2012-07-07 10:00:00,1999.361,2012-07-06 23:57:18,1966.28,17,1983.28,53.65,
"2012-07-07",6,2012-07-07 10:30:00,1972.106,2012-07-06 23:57:18,1927.66,17,1944.66,44.61,
"2012-07-07",7,2012-07-07 11:00:00,1949.767,2012-07-06 23:57:18,1898.79,18.42,1917.21,42.95,
"2012-07-07",8,2012-07-07 11:30:00,1930.932,2012-07-06 23:57:18,1874.41,31.31,1905.72,42.72,
"2012-07-07",9,2012-07-07 12:00:00,1911.565,2012-07-06 23:57:18,1858.51,38.79,1897.3,42.28,
"2012-07-07",10,2012-07-07 12:30:00,1891.192,2012-07-06 23:57:18,1830.41,45.98,1876.39,42.35,
"2012-07-07",11,2012-07-07 13:00:00,1869.689,2012-07-06 23:57:18,1783.54,51.62,1835.16,41.25,
"2012-07-07",12,2012-07-07 13:30:00,1853.463,2012-07-06 23:57:18,1783.41,60.08,1843.49,39.58,
"2012-07-07",13,2012-07-07 14:00:00,1845.46,2012-07-06 23:57:18,1761.86,60.98,1822.84,38.16,
"2012-07-07",14,2012-07-07 14:30:00,1846.569,2012-07-06 23:57:18,1804.55,55.17,1859.72,42.08,
"2012-07-07",15,2012-07-07 15:00:00,1854.439,2012-07-06 23:57:18,1822.63,66.72,1889.35,45.87,
"2012-07-07",16,2012-07-07 15:30:00,1878.427,2012-07-06 23:57:18,1859.21,77.08,1936.29,55.75,
"2012-07-07",17,2012-07-07 16:00:00,1921.002,2012-07-06 23:57:18,1977.57,45,2022.57,92.19,
"2012-07-07",18,2012-07-07 16:30:00,1989.864,2012-07-06 23:57:18,2114.69,41.17,2155.86,116,
"2012-07-07",19,2012-07-07 17:00:00,2108.648,2012-07-06 23:57:19,2249.11,52.87,2301.98,118.29,
"2012-07-07",20,2012-07-07 17:30:00,2281.007,2012-07-06 23:57:19,2423.62,41.94,2465.56,250.44,
"2012-07-07",21,2012-07-07 18:00:00,2386.322,2012-07-07 16:55:23,2433.54,41.58,2475.12,116.1,
"2012-07-07",22,2012-07-07 18:30:00,2375.656,2012-07-07 17:25:16,2394.3,45.55,2439.85,88.2,
"2012-07-07",23,2012-07-07 19:00:00,2375.415,2012-07-07 17:55:13,2319.74,41.16,2360.9,86.57,
"2012-07-07",24,2012-07-07 19:30:00,2330.927,2012-07-07 18:25:41,2291.76,21.96,2313.72,92.58,
"2012-07-07",25,2012-07-07 20:00:00,2329.906,2012-07-07 18:55:48,2227.77,22.05,2249.82,95.21,
"2012-07-07",26,2012-07-07 20:30:00,2255.654,2012-07-07 19:25:34,2158.02,31.41,2189.43,81.58,
"2012-07-07",27,2012-07-07 21:00:00,2188.236,2012-07-07 19:55:54,2072.04,48.91,2120.95,69.4,
"2012-07-07",28,2012-07-07 21:30:00,2085.01,2012-07-07 20:25:51,1993.85,55.05,2048.9,66.09,
"2012-07-07",29,2012-07-07 22:00:00,2016.553,2012-07-07 20:56:10,1926.25,56.78,1983.03,51.81,
"2012-07-07",30,2012-07-07 22:30:00,1909.474,2012-07-07 21:26:09,1855.6,54.09,1909.69,62.74,
"2012-07-07",31,2012-07-07 23:00:00,1831.757,2012-07-07 21:55:55,1768.59,46.18,1814.77,73.69,
"2012-07-07",32,2012-07-07 23:30:00,1791.032,2012-07-07 22:26:13,1707.3,39.67,1746.97,69.48,
"2012-07-07",33,2012-07-08 00:00:00,1714.854,2012-07-07 22:56:21,1642.59,26.68,1669.27,109.35,
"2012-07-07",34,2012-07-08 00:30:00,1656.574,2012-07-07 23:26:05,1637.41,19.68,1657.09,108.43,
"2012-07-07",35,2012-07-08 01:00:00,1591.668,2012-07-07 23:56:15,1579.64,18.98,1598.62,104.12,
"2012-07-07",36,2012-07-08 01:30:00,1551.787,2012-07-07 23:56:15,1560.6,17.09,1577.69,105,
"2012-07-07",37,2012-07-08 02:00:00,1515.942,2012-07-07 23:56:15,1504.21,48.55,1552.76,85.02,
"2012-07-07",38,2012-07-08 02:30:00,1495.263,2012-07-07 23:56:15,1496.06,45.07,1541.13,78.38,
"2012-07-07",39,2012-07-08 03:00:00,1486.049,2012-07-07 23:56:15,1499.44,32.8,1532.24,78.99,
"2012-07-07",40,2012-07-08 03:30:00,1475.292,2012-07-07 23:56:15,1473.25,67.2,1540.45,78.99,
"2012-07-07",41,2012-07-08 04:00:00,1476.549,2012-07-07 23:56:15,1414.76,136.41,1551.17,53.68,
"2012-07-07",42,2012-07-08 04:30:00,1487.123,2012-07-07 23:56:15,1449.79,112.77,1562.56,66.35,
"2012-07-07",43,2012-07-08 05:00:00,1511.736,2012-07-07 23:56:15,1433.94,139.77,1573.71,39.78,
"2012-07-07",44,2012-07-08 05:30:00,1548.278,2012-07-07 23:56:15,1443.04,153.26,1596.3,36.96,
"2012-07-07",45,2012-07-08 06:00:00,1602.403,2012-07-07 23:56:15,1531.1,112.45,1643.55,53.46,
"2012-07-07",46,2012-07-08 06:30:00,1669.222,2012-07-07 23:56:15,1601.1,99.61,1700.71,55.27,
"2012-07-07",47,2012-07-08 07:00:00,1736.702,2012-07-07 23:56:16,1635.92,128.96,1764.88,41.53,
"2012-07-07",48,2012-07-08 07:30:00,1814.178,2012-07-07 23:56:16,1732.05,122.34,1854.39,42.89,
"2012-07-08",1,2012-07-08 08:00:00,1882.341,2012-07-07 23:56:16,1771.66,136.7,1908.36,42.6,
"2012-07-08",2,2012-07-08 08:30:00,1916.814,2012-07-07 23:56:16,1747.27,194.52,1941.79,42.42,
"2012-07-08",3,2012-07-08 09:00:00,1926.682,2012-07-07 23:56:16,1729.91,229.68,1959.59,42.58,
"2012-07-08",4,2012-07-08 09:30:00,1915.158,2012-07-07 23:56:16,1699.52,242.33,1941.85,41.08,
"2012-07-08",5,2012-07-08 10:00:00,1891.213,2012-07-07 23:56:16,1645.25,264.98,1910.23,39.71,
"2012-07-08",6,2012-07-08 10:30:00,1855.194,2012-07-07 23:56:16,1657.09,238.75,1895.84,39.54,
"2012-07-08",7,2012-07-08 11:00:00,1825.37,2012-07-07 23:56:16,1648.57,212.68,1861.25,41.08,
"2012-07-08",8,2012-07-08 11:30:00,1805.643,2012-07-07 23:56:16,1626.52,243.05,1869.57,39.65,
"2012-07-08",9,2012-07-08 12:00:00,1788.71,2012-07-07 23:56:16,1645.93,211.45,1857.38,40.95,
"2012-07-08",10,2012-07-08 12:30:00,1765.483,2012-07-07 23:56:16,1630.66,205.82,1836.48,40.95,
"2012-07-08",11,2012-07-08 13:00:00,1735.473,2012-07-07 23:56:16,1607.58,220.58,1828.16,39.59,
"2012-07-08",12,2012-07-08 13:30:00,1721.848,2012-07-07 23:56:16,1618.49,204.66,1823.15,40.95,
"2012-07-08",13,2012-07-08 14:00:00,1720.091,2012-07-07 23:56:16,1670.72,166.6,1837.32,43.43,
"2012-07-08",14,2012-07-08 14:30:00,1728.28,2012-07-07 23:56:16,1723.78,150.06,1873.84,43.58,
"2012-07-08",15,2012-07-08 15:00:00,1749.852,2012-07-07 23:56:16,1756.97,161.87,1918.84,43.39,
"2012-07-08",16,2012-07-08 15:30:00,1795.485,2012-07-07 23:56:16,1798.54,181.63,1980.17,67.74,
"2012-07-08",17,2012-07-08 16:00:00,1860.203,2012-07-07 23:56:16,1945.67,137.57,2083.24,89.84,
"2012-07-08",18,2012-07-08 16:30:00,1958.302,2012-07-07 23:56:16,2078.97,171.71,2250.68,103.92,
"2012-07-08",19,2012-07-08 17:00:00,2135.842,2012-07-07 23:56:16,2244.94,214.48,2459.42,117.2,
"2012-07-08",20,2012-07-08 17:30:00,2385.811,2012-07-07 23:56:16,2535.54,173.94,2709.48,323,
"2012-07-08",21,2012-07-08 18:00:00,2491.176,2012-07-08 16:59:19,2554.79,177.6,2732.39,125,
"2012-07-08",22,2012-07-08 18:30:00,2574.564,2012-07-08 17:29:32,2529.29,166.31,2695.6,118.94,
"2012-07-08",23,2012-07-08 19:00:00,2605.417,2012-07-08 17:59:21,2444.72,181.48,2626.2,82.61,
"2012-07-08",24,2012-07-08 19:30:00,2528.392,2012-07-08 18:29:17,2388.7,230.63,2619.33,85.47,
"2012-07-08",25,2012-07-08 20:00:00,2545.867,2012-07-08 18:59:43,2322.96,223.88,2546.84,89.54,
"2012-07-08",26,2012-07-08 20:30:00,2495.67,2012-07-08 19:29:47,2217.71,257.05,2474.76,85.51,
"2012-07-08",27,2012-07-08 21:00:00,2456.877,2012-07-08 19:59:51,2120.83,254.28,2375.11,75.13,
"2012-07-08",28,2012-07-08 21:30:00,2332.665,2012-07-08 20:29:51,2000.6,261.39,2261.99,59.38,
"2012-07-08",29,2012-07-08 22:00:00,2213.043,2012-07-08 20:59:56,1852.47,247.36,2099.83,46.29,
"2012-07-08",30,2012-07-08 22:30:00,2099.453,2012-07-08 21:30:02,1729.28,263.48,1992.76,42.94,
"2012-07-08",31,2012-07-08 23:00:00,1999.675,2012-07-08 21:59:54,1605.88,253.84,1859.72,41.46,
"2012-07-08",32,2012-07-08 23:30:00,1889.304,2012-07-08 22:25:05,1513.01,260.26,1773.27,40.07,
"2012-07-08",33,2012-07-09 00:00:00,1873.387,2012-07-08 23:00:01,1448.59,260.24,1708.83,40.35,
"2012-07-08",34,2012-07-09 00:30:00,1691.967,2012-07-08 23:30:04,1417.92,255.61,1673.53,40.36,
"2012-07-08",35,2012-07-09 01:00:00,1649.771,2012-07-08 23:30:04,1405.28,244.84,1650.12,39.61,
"2012-07-08",36,2012-07-09 01:30:00,1623.67,2012-07-08 23:30:04,1335.06,271.09,1606.15,36.72,
"2012-07-08",37,2012-07-09 02:00:00,1607.105,2012-07-08 23:30:04,1366.43,244.12,1610.55,36.83,
"2012-07-08",38,2012-07-09 02:30:00,1598.717,2012-07-08 23:30:04,1399.07,203.17,1602.24,36.75,
"2012-07-08",39,2012-07-09 03:00:00,1598.165,2012-07-08 23:30:04,1390.08,196.89,1586.97,36.56,
"2012-07-08",40,2012-07-09 03:30:00,1572.558,2012-07-08 23:30:04,1381.51,228.13,1609.64,36.56,
"2012-07-08",41,2012-07-09 04:00:00,1575.654,2012-07-08 23:30:04,1373.8,264.02,1637.82,37.07,
"2012-07-08",42,2012-07-09 04:30:00,1608.745,2012-07-08 23:30:04,1429.04,274.81,1703.85,39.61,
"2012-07-08",43,2012-07-09 05:00:00,1678.177,2012-07-08 23:30:04,1547.79,266.52,1814.31,45.27,
"2012-07-08",44,2012-07-09 05:30:00,1787.149,2012-07-08 23:30:04,1731.92,237.2,1969.12,76.24,
"2012-07-08",45,2012-07-09 06:00:00,1942.061,2012-07-08 23:30:04,1936.95,224.44,2161.39,96.88,
"2012-07-08",46,2012-07-09 06:30:00,2118.584,2012-07-08 23:30:04,2128.22,237.73,2365.95,80.17,
"2012-07-08",47,2012-07-09 07:00:00,2289.061,2012-07-08 23:30:04,2271.96,259.65,2531.61,79.49,
"2012-07-08",48,2012-07-09 07:30:00,2435.663,2012-07-08 23:30:04,2349.39,283.66,2633.05,88.44,
"2012-07-09",1,2012-07-09 08:00:00,2509.72,2012-07-08 23:30:04,2379,283.22,2662.22,85.54,
"2012-07-09",2,2012-07-09 08:30:00,2532.663,2012-07-08 23:30:04,2404.31,261.13,2665.44,76.01,
"2012-07-09",3,2012-07-09 09:00:00,2518.049,2012-07-08 23:30:05,2427.54,207.94,2635.48,64.86,
"2012-07-09",4,2012-07-09 09:30:00,2475.391,2012-07-08 23:30:05,2373.19,230.3,2603.49,57,
"2012-07-09",5,2012-07-09 10:00:00,2428.565,2012-07-08 23:30:05,2277.84,249.96,2527.8,53.07,
"2012-07-09",6,2012-07-09 10:30:00,2378.715,2012-07-08 23:30:05,2261.61,227.03,2488.64,51.05,
"2012-07-09",7,2012-07-09 11:00:00,2338.303,2012-07-08 23:30:05,2238.76,203.36,2442.12,86.27,
"2012-07-09",8,2012-07-09 11:30:00,2312.182,2012-07-08 23:30:05,2220.61,185.58,2406.19,86.44,
"2012-07-09",9,2012-07-09 12:00:00,2290.384,2012-07-08 23:30:05,2230.65,169.36,2400.01,95.5,
"2012-07-09",10,2012-07-09 12:30:00,2269.07,2012-07-08 23:30:05,2227.42,145.47,2372.89,116.83,
"2012-07-09",11,2012-07-09 13:00:00,2256.871,2012-07-08 23:30:05,2217.99,121.29,2339.28,78.06,
"2012-07-09",12,2012-07-09 13:30:00,2254.225,2012-07-08 23:30:05,2218.16,117.19,2335.35,77.57,
"2012-07-09",13,2012-07-09 14:00:00,2259.068,2012-07-08 23:30:05,2234.35,108.8,2343.15,76.91,
"2012-07-09",14,2012-07-09 14:30:00,2266.331,2012-07-08 23:30:05,2328.4,74.7,2403.1,76.96,
"2012-07-09",15,2012-07-09 15:00:00,2286.575,2012-07-08 23:30:05,2358.16,94.58,2452.74,118.73,
"2012-07-09",16,2012-07-09 15:30:00,2329.098,2012-07-08 23:30:05,2392.51,119.99,2512.5,113.99,
"2012-07-09",17,2012-07-09 16:00:00,2389.569,2012-07-08 23:30:05,2473.87,122.46,2596.33,143.88,
"2012-07-09",18,2012-07-09 16:30:00,2481.216,2012-07-08 23:30:05,2659.88,79.89,2739.77,283.36,
"2012-07-09",19,2012-07-09 17:00:00,2631.899,2012-07-08 23:30:05,2829.86,98.29,2928.15,323,
"2012-07-09",20,2012-07-09 17:30:00,2833.031,2012-07-08 23:30:05,2989.3,106.39,3095.69,323,
"2012-07-09",21,2012-07-09 18:00:00,2891.295,2012-07-09 16:58:16,2983.81,116.15,3099.96,120.71,
"2012-07-09",22,2012-07-09 18:30:00,2956.221,2012-07-09 17:28:08,2881.66,156.03,3037.69,84.96,
"2012-07-09",23,2012-07-09 19:00:00,3015.306,2012-07-09 17:58:22,2777.34,164.21,2941.55,87.66,
"2012-07-09",24,2012-07-09 19:30:00,2933.218,2012-07-09 18:28:32,2729.65,161.01,2890.66,86.43,
"2012-07-09",25,2012-07-09 20:00:00,2853.409,2012-07-09 18:58:30,2612.38,169.08,2781.46,86.29,
"2012-07-09",26,2012-07-09 20:30:00,2782.339,2012-07-09 19:28:23,2485.75,175.82,2661.57,76.9,
"2012-07-09",27,2012-07-09 21:00:00,2695.869,2012-07-09 19:58:33,2416.16,100.39,2516.55,72.46,
"2012-07-09",28,2012-07-09 21:30:00,2539.667,2012-07-09 20:28:48,2244.15,94.59,2338.74,56.84,
"2012-07-09",29,2012-07-09 22:00:00,2395.934,2012-07-09 20:58:42,2078.52,108.67,2187.19,50.08,
"2012-07-09",30,2012-07-09 22:30:00,2175.463,2012-07-09 21:28:43,1914.13,119.76,2033.89,46.21,
"2012-07-09",31,2012-07-09 23:00:00,2054.667,2012-07-09 21:58:58,1784.01,112.86,1896.87,42.18,
"2012-07-09",32,2012-07-09 23:30:00,1922.613,2012-07-09 22:28:57,1697.96,105.17,1803.13,42.22,
"2012-07-09",33,2012-07-10 00:00:00,1903.91,2012-07-09 22:59:00,1601.25,120.98,1722.23,66.35,
"2012-07-09",34,2012-07-10 00:30:00,1753.562,2012-07-09 23:29:17,1530.66,130.97,1661.63,42.49,
"2012-07-09",35,2012-07-10 01:00:00,1704.474,2012-07-09 23:29:17,1489.78,130.66,1620.44,42.72,
"2012-07-09",36,2012-07-10 01:30:00,1672.097,2012-07-09 23:29:17,1485.48,131.23,1616.71,42.91,
"2012-07-09",37,2012-07-10 02:00:00,1654.762,2012-07-09 23:29:17,1474.49,130.71,1605.2,39.14,
"2012-07-09",38,2012-07-10 02:30:00,1644.721,2012-07-09 23:29:17,1462.66,130.47,1593.13,39.13,
"2012-07-09",39,2012-07-10 03:00:00,1642.269,2012-07-09 23:29:17,1460.14,130.23,1590.37,39.06,
"2012-07-09",40,2012-07-10 03:30:00,1598.147,2012-07-09 23:29:18,1465.38,128.39,1593.77,39.05,
"2012-07-09",41,2012-07-10 04:00:00,1590.933,2012-07-09 23:29:18,1521.09,121.94,1643.03,39.05,
"2012-07-09",42,2012-07-10 04:30:00,1622.296,2012-07-09 23:29:18,1573.89,110.69,1684.58,61.86,
"2012-07-09",43,2012-07-10 05:00:00,1686.368,2012-07-09 23:29:18,1655.86,122.24,1778.1,43.94,
"2012-07-09",44,2012-07-10 05:30:00,1793.356,2012-07-09 23:29:18,1785.59,125.84,1911.43,66.35,
"2012-07-09",45,2012-07-10 06:00:00,1950.417,2012-07-09 23:29:18,2037.04,102.3,2139.34,204.11,
"2012-07-09",46,2012-07-10 06:30:00,2127.922,2012-07-09 23:29:18,2181.69,120.81,2302.5,166.8,
"2012-07-09",47,2012-07-10 07:00:00,2291.733,2012-07-09 23:29:18,2340.33,117.52,2457.85,323,
"2012-07-09",48,2012-07-10 07:30:00,2421.913,2012-07-09 23:29:18,2457.37,113.47,2570.84,179.65,
"2012-07-10",1,2012-07-10 08:00:00,2478.7,2012-07-09 23:29:18,2535.89,104.41,2640.3,192.47,
"2012-07-10",2,2012-07-10 08:30:00,2487.096,2012-07-09 23:29:18,2540.62,98.15,2638.77,257.99,
"2012-07-10",3,2012-07-10 09:00:00,2466.661,2012-07-09 23:29:18,2500.6,121.61,2622.21,189.48,
"2012-07-10",4,2012-07-10 09:30:00,2419.142,2012-07-09 23:29:18,2470.88,122.62,2593.5,254.14,
"2012-07-10",5,2012-07-10 10:00:00,2366.71,2012-07-09 23:29:18,2440.52,109.15,2549.67,240.52,
"2012-07-10",6,2012-07-10 10:30:00,2320.944,2012-07-09 23:29:18,2371.11,109.67,2480.78,160.03,
"2012-07-10",7,2012-07-10 11:00:00,2285.742,2012-07-09 23:29:18,2297.42,122.51,2419.93,80.02,
"2012-07-10",8,2012-07-10 11:30:00,2260.498,2012-07-09 23:29:18,2323.25,103.02,2426.27,79.81,
"2012-07-10",9,2012-07-10 12:00:00,2239.22,2012-07-09 23:29:18,2287.17,71.83,2359,75.75,
"2012-07-10",10,2012-07-10 12:30:00,2220.858,2012-07-09 23:29:18,2263.5,58.37,2321.87,76.07,
"2012-07-10",11,2012-07-10 13:00:00,2213.929,2012-07-09 23:29:18,2197.61,97.59,2295.2,77.02,
"2012-07-10",12,2012-07-10 13:30:00,2210.666,2012-07-09 23:29:18,2209.35,97.85,2307.2,78.61,
"2012-07-10",13,2012-07-10 14:00:00,2214.658,2012-07-09 23:29:18,2265.99,100.14,2366.13,78.8,
"2012-07-10",14,2012-07-10 14:30:00,2224.297,2012-07-09 23:29:18,2333.33,70.49,2403.82,203.02,
"2012-07-10",15,2012-07-10 15:00:00,2244.331,2012-07-09 23:29:18,2403.87,54.26,2458.13,323,
"2012-07-10",16,2012-07-10 15:30:00,2280.97,2012-07-09 23:29:18,2375.27,62.66,2437.93,154.51,
"2012-07-10",17,2012-07-10 16:00:00,2332.892,2012-07-09 23:29:18,2491.44,58.75,2550.19,220.21,
"2012-07-10",18,2012-07-10 16:30:00,2409.335,2012-07-09 23:29:18,2560.92,67.59,2628.51,154.51,
"2012-07-10",19,2012-07-10 17:00:00,2536.175,2012-07-09 23:29:18,2675.07,54.64,2729.71,114.76,
"2012-07-10",20,2012-07-10 17:30:00,2715.012,2012-07-09 23:29:18,2781.22,49.49,2830.71,92.7,
"2012-07-10",21,2012-07-10 18:00:00,2966.285,2012-07-10 17:08:35,2812.06,35.64,2847.7,84.3,
"2012-07-10",22,2012-07-10 18:30:00,2914.963,2012-07-10 17:38:45,2766.74,36.86,2803.6,85.89,
"2012-07-10",23,2012-07-10 19:00:00,2839.429,2012-07-10 18:08:51,2705.09,17.04,2722.13,84.3,
"2012-07-10",24,2012-07-10 19:30:00,2813.999,2012-07-10 18:39:07,2638.09,16.71,2654.8,84.45,
"2012-07-10",25,2012-07-10 20:00:00,2729.759,2012-07-10 19:08:55,2537.08,30.32,2567.4,76.53,
"2012-07-10",26,2012-07-10 20:30:00,2639.396,2012-07-10 19:39:15,2393.87,71.03,2464.9,66.27,
"2012-07-10",27,2012-07-10 21:00:00,2581.301,2012-07-10 20:09:05,2275.47,59.33,2334.8,55.75,
"2012-07-10",28,2012-07-10 21:30:00,2435.996,2012-07-10 20:39:09,2134.38,47.04,2181.42,49.24,
"2012-07-10",29,2012-07-10 22:00:00,2276.611,2012-07-10 21:09:28,2033.98,70.24,2104.22,45.24,
"2012-07-10",30,2012-07-10 22:30:00,2144.995,2012-07-10 21:39:26,1881.04,71.25,1952.29,43.32,
"2012-07-10",31,2012-07-10 23:00:00,2048.816,2012-07-10 22:09:36,1761.82,70.6,1832.42,42.54,
"2012-07-10",32,2012-07-10 23:30:00,1839.545,2012-07-10 22:39:17,1670.34,66.75,1737.09,39.07,
"2012-07-10",33,2012-07-11 00:00:00,1810.138,2012-07-10 23:09:41,1584.16,81.04,1665.2,39.24,
"2012-07-10",34,2012-07-11 00:30:00,1709.049,2012-07-10 23:39:37,1543.74,74.36,1618.1,39.28,
"2012-07-10",35,2012-07-11 01:00:00,1658.2,2012-07-10 23:39:37,1533.72,59.2,1592.92,39.28,
"2012-07-10",36,2012-07-11 01:30:00,1624.968,2012-07-10 23:39:37,1525.52,63.64,1589.16,39.3,
"2012-07-10",37,2012-07-11 02:00:00,1606.003,2012-07-10 23:39:37,1512.32,57.92,1570.24,39.32,
"2012-07-10",38,2012-07-11 02:30:00,1595.168,2012-07-10 23:39:37,1507.84,55.96,1563.8,39.32,
"2012-07-10",39,2012-07-11 03:00:00,1592.461,2012-07-10 23:39:37,1492.68,71.85,1564.53,39.31,
"2012-07-10",40,2012-07-11 03:30:00,1583.822,2012-07-10 23:39:37,1488.32,89.76,1578.08,39.29,
"2012-07-10",41,2012-07-11 04:00:00,1547.263,2012-07-10 23:39:37,1507.4,96.24,1603.64,39.32,
"2012-07-10",42,2012-07-11 04:30:00,1576.06,2012-07-10 23:39:37,1562.12,106.34,1668.46,40.96,
"2012-07-10",43,2012-07-11 05:00:00,1640.69,2012-07-10 23:39:37,1649.22,112.51,1761.73,61.99,
"2012-07-10",44,2012-07-11 05:30:00,1743.745,2012-07-10 23:39:37,1804.08,108.18,1912.26,72.4,
"2012-07-10",45,2012-07-11 06:00:00,1892.364,2012-07-10 23:39:37,1981.77,120.53,2102.3,66.35,
"2012-07-10",46,2012-07-11 06:30:00,2066.224,2012-07-10 23:39:37,2172.39,122.63,2295.02,66.35,
"2012-07-10",47,2012-07-11 07:00:00,2225.234,2012-07-10 23:39:37,2334.15,112.21,2446.36,222.19,
"2012-07-10",48,2012-07-11 07:30:00,2349.558,2012-07-10 23:39:37,2440.39,105.47,2545.86,183.04,
"2012-07-11",1,2012-07-11 08:00:00,2415.036,2012-07-10 23:39:37,2476.13,93.45,2569.58,236.75,
"2012-07-11",2,2012-07-11 08:30:00,2433.596,2012-07-10 23:39:37,2457.13,78.16,2535.29,158.52,
"2012-07-11",3,2012-07-11 09:00:00,2415.7,2012-07-10 23:39:37,2380.68,79,2459.68,114.78,
"2012-07-11",4,2012-07-11 09:30:00,2374.521,2012-07-10 23:39:37,2358.42,88.59,2447.01,90.35,
"2012-07-11",5,2012-07-11 10:00:00,2332.016,2012-07-10 23:39:37,2292.74,82.84,2375.58,78.68,
"2012-07-11",6,2012-07-11 10:30:00,2285.142,2012-07-10 23:39:37,2261.27,84.91,2346.18,80.24,
"2012-07-11",7,2012-07-11 11:00:00,2247.519,2012-07-10 23:39:37,2224.41,78.85,2303.26,79.95,
"2012-07-11",8,2012-07-11 11:30:00,2221.971,2012-07-10 23:39:37,2230.42,71.92,2302.34,80.6,
"2012-07-11",9,2012-07-11 12:00:00,2197.295,2012-07-10 23:39:37,2184.05,87.68,2271.73,80.6,
"2012-07-11",10,2012-07-11 12:30:00,2171.849,2012-07-10 23:39:37,2131.45,98.21,2229.66,69.8,
"2012-07-11",11,2012-07-11 13:00:00,2155.483,2012-07-10 23:39:37,2119.38,90.11,2209.49,70.36,
"2012-07-11",12,2012-07-11 13:30:00,2153.242,2012-07-10 23:39:37,2117.89,100.88,2218.77,70.36,
"2012-07-11",13,2012-07-11 14:00:00,2158.961,2012-07-10 23:39:37,2153.78,77.65,2231.43,81.38,
"2012-07-11",14,2012-07-11 14:30:00,2168.56,2012-07-10 23:39:37,2204.83,69.25,2274.08,81.38,
"2012-07-11",15,2012-07-11 15:00:00,2187.275,2012-07-10 23:39:37,2222.5,58.72,2281.22,81.82,
"2012-07-11",16,2012-07-11 15:30:00,2223.688,2012-07-10 23:39:37,2275.24,65.28,2340.52,81.33,
"2012-07-11",17,2012-07-11 16:00:00,2272.914,2012-07-10 23:39:37,2344.43,57.73,2402.16,184.69,
"2012-07-11",18,2012-07-11 16:30:00,2349.727,2012-07-10 23:39:37,2454.15,56.87,2511.02,154.51,
"2012-07-11",19,2012-07-11 17:00:00,2491.067,2012-07-10 23:39:37,2629.77,54.34,2684.11,277.54,
"2012-07-11",20,2012-07-11 17:30:00,2691.864,2012-07-10 23:39:37,2811.08,68.59,2879.67,323,
"2012-07-11",21,2012-07-11 18:00:00,2745.284,2012-07-11 17:07:48,2850.97,74.08,2925.05,154.51,
"2012-07-11",22,2012-07-11 18:30:00,2828.666,2012-07-11 17:37:42,2825.37,91.86,2917.23,120.27,
"2012-07-11",23,2012-07-11 19:00:00,2827.606,2012-07-11 18:07:40,2754.86,91.04,2845.9,118.87,
"2012-07-11",24,2012-07-11 19:30:00,2807.264,2012-07-11 18:37:51,2724.39,77.6,2801.99,124.5,
"2012-07-11",25,2012-07-11 20:00:00,2788.041,2012-07-11 19:07:53,2657.12,72.1,2729.22,322.5,
"2012-07-11",26,2012-07-11 20:30:00,2721.405,2012-07-11 19:37:53,2566.53,72.34,2638.87,322.5,
"2012-07-11",27,2012-07-11 21:00:00,2654.472,2012-07-11 20:08:08,2429.22,87.7,2516.92,322.5,
"2012-07-11",28,2012-07-11 21:30:00,2505.024,2012-07-11 20:38:07,2269.38,78.64,2348.02,114.76,
"2012-07-11",29,2012-07-11 22:00:00,2376.323,2012-07-11 21:08:11,2123.18,76.35,2199.53,43.22,
"2012-07-11",30,2012-07-11 22:30:00,2274.44,2012-07-11 21:38:20,1963.84,77.85,2041.69,39.13,
"2012-07-11",31,2012-07-11 23:00:00,2135.724,2012-07-11 22:08:23,1826.31,78.75,1905.06,40.42,
"2012-07-11",32,2012-07-11 23:30:00,1945.449,2012-07-11 22:38:32,1737.67,75.54,1813.21,42.44,
"2012-07-11",33,2012-07-12 00:00:00,1904.742,2012-07-11 23:08:33,1643.41,85.72,1729.13,61.56,
"2012-07-11",34,2012-07-12 00:30:00,1749.213,2012-07-11 23:38:41,1578.97,101.77,1680.74,61.56,
"2012-07-11",35,2012-07-12 01:00:00,1696.43,2012-07-11 23:38:41,1577.11,99.2,1676.31,55.16,
"2012-07-11",36,2012-07-12 01:30:00,1662.354,2012-07-11 23:38:41,1544.91,105.21,1650.12,55.17,
"2012-07-11",37,2012-07-12 02:00:00,1641.206,2012-07-11 23:38:41,1533.44,103.47,1636.91,40.95,
"2012-07-11",38,2012-07-12 02:30:00,1629.88,2012-07-11 23:38:41,1537.82,95.73,1633.55,55.2,
"2012-07-11",39,2012-07-12 03:00:00,1627.019,2012-07-11 23:38:41,1548.46,93.83,1642.29,55.24,
"2012-07-11",40,2012-07-12 03:30:00,1614.462,2012-07-11 23:38:41,1553.43,96.74,1650.17,66.35,
"2012-07-11",41,2012-07-12 04:00:00,1600.308,2012-07-11 23:38:41,1583.23,78.98,1662.21,152.06,
"2012-07-11",42,2012-07-12 04:30:00,1630.052,2012-07-11 23:38:41,1641,77.63,1718.63,54.9,
"2012-07-11",43,2012-07-12 05:00:00,1697.112,2012-07-11 23:38:41,1721.14,92.34,1813.48,45.07,
"2012-07-11",44,2012-07-12 05:30:00,1804.029,2012-07-11 23:38:42,1855.99,102.51,1958.5,77.47,
"2012-07-11",45,2012-07-12 06:00:00,1959.953,2012-07-11 23:38:42,2116.49,79.23,2195.72,322.5,
"2012-07-11",46,2012-07-12 06:30:00,2150.744,2012-07-11 23:38:42,2267.11,92.49,2359.6,75.76,
"2012-07-11",47,2012-07-12 07:00:00,2330.576,2012-07-11 23:38:42,2438.94,91.98,2530.92,322.5,
"2012-07-11",48,2012-07-12 07:30:00,2465.056,2012-07-11 23:38:42,2551.38,73.8,2625.18,322.5,
"2012-07-12",1,2012-07-12 08:00:00,2520.502,2012-07-11 23:38:42,2578.64,59.5,2638.14,322.5,
"2012-07-12",2,2012-07-12 08:30:00,2526.562,2012-07-11 23:38:42,2557.84,58.77,2616.61,322.5,
"2012-07-12",3,2012-07-12 09:00:00,2500.793,2012-07-11 23:38:42,2479.54,55.93,2535.47,270.44,
"2012-07-12",4,2012-07-12 09:30:00,2452.163,2012-07-11 23:38:42,2401.58,58.51,2460.09,233.4,
"2012-07-12",5,2012-07-12 10:00:00,2402.933,2012-07-11 23:38:42,2339.65,64.05,2403.7,238.66,
"2012-07-12",6,2012-07-12 10:30:00,2354.512,2012-07-11 23:38:42,2267.4,65.02,2332.42,83.68,
"2012-07-12",7,2012-07-12 11:00:00,2318.356,2012-07-11 23:38:42,2225.72,69.38,2295.1,202.56,
"2012-07-12",8,2012-07-12 11:30:00,2293.836,2012-07-11 23:38:42,2202.28,67.88,2270.16,83.68,
"2012-07-12",9,2012-07-12 12:00:00,2272.508,2012-07-11 23:38:42,2191.97,58.7,2250.67,83.68,
"2012-07-12",10,2012-07-12 12:30:00,2253.875,2012-07-11 23:38:42,2214.34,55.89,2270.23,77.13,
"2012-07-12",11,2012-07-12 13:00:00,2245.151,2012-07-11 23:38:42,2214.22,46.11,2260.33,77,
"2012-07-12",12,2012-07-12 13:30:00,2243.258,2012-07-11 23:38:42,2234.48,36.26,2270.74,77.99,
"2012-07-12",13,2012-07-12 14:00:00,2249.557,2012-07-11 23:38:42,2207.79,45.33,2253.12,67.91,
"2012-07-12",14,2012-07-12 14:30:00,2257.411,2012-07-11 23:38:42,2229.82,46.53,2276.35,76.32,
"2012-07-12",15,2012-07-12 15:00:00,2276.061,2012-07-11 23:38:42,2250.52,51.8,2302.32,77.45,
"2012-07-12",16,2012-07-12 15:30:00,2312.526,2012-07-11 23:38:42,2307.29,43.09,2350.38,76.73,
"2012-07-12",17,2012-07-12 16:00:00,2364.766,2012-07-11 23:38:42,2369.1,47.36,2416.46,150.93,
"2012-07-12",18,2012-07-12 16:30:00,2443.575,2012-07-11 23:38:42,2484.55,44.33,2528.88,229.04,
"2012-07-12",19,2012-07-12 17:00:00,2577.418,2012-07-11 23:38:42,2702.08,47.91,2749.99,302.79,
"2012-07-12",20,2012-07-12 17:30:00,2776.122,2012-07-11 23:38:42,2914.41,59.15,2973.56,322.5,
"2012-07-12",21,2012-07-12 18:00:00,2803.976,2012-07-12 17:11:23,2957.19,81.67,3038.86,322.5,
"2012-07-12",22,2012-07-12 18:30:00,2897.348,2012-07-12 17:36:40,2916.63,88.7,3005.33,120.73,
"2012-07-12",23,2012-07-12 19:00:00,2913.344,2012-07-12 18:06:32,2839.86,89.35,2929.21,93.57,
"2012-07-12",24,2012-07-12 19:30:00,2899.9,2012-07-12 18:36:47,2783.2,82.61,2865.81,95.49,
"2012-07-12",25,2012-07-12 20:00:00,2892.721,2012-07-12 19:06:57,2728.42,88.9,2817.32,97.04,
"2012-07-12",26,2012-07-12 20:30:00,2801.226,2012-07-12 19:36:54,2609.85,89.01,2698.86,84.05,
"2012-07-12",27,2012-07-12 21:00:00,2724.676,2012-07-12 20:06:59,2472.91,90.82,2563.73,71.76,
"2012-07-12",28,2012-07-12 21:30:00,2619.587,2012-07-12 20:37:03,2314.79,76.75,2391.54,55.75,
"2012-07-12",29,2012-07-12 22:00:00,2498.251,2012-07-12 21:07:16,2190.69,71.16,2261.85,46.19,
"2012-07-12",30,2012-07-12 22:30:00,2352.557,2012-07-12 21:37:11,2038.26,68.97,2107.23,42.52,
"2012-07-12",31,2012-07-12 23:00:00,2174.636,2012-07-12 22:07:28,1914.24,56.45,1970.69,45.87,
"2012-07-12",32,2012-07-12 23:30:00,2001.987,2012-07-12 22:37:24,1837.55,33.17,1870.72,67.94,
"2012-07-12",33,2012-07-13 00:00:00,1948.828,2012-07-12 23:07:40,1762.14,30.23,1792.37,74.54,
"2012-07-12",34,2012-07-13 00:30:00,1817.331,2012-07-12 23:37:30,1692.12,27.13,1719.25,75.85,
"2012-07-12",35,2012-07-13 01:00:00,1765.667,2012-07-12 23:37:30,1661.11,23.02,1684.13,76.59,
"2012-07-12",36,2012-07-13 01:30:00,1733.341,2012-07-12 23:37:30,1645.95,23.35,1669.3,77.41,
"2012-07-12",37,2012-07-13 02:00:00,1712.023,2012-07-12 23:37:30,1610.55,26.29,1636.84,69.82,
"2012-07-12",38,2012-07-13 02:30:00,1701.582,2012-07-12 23:37:30,1601.8,30.27,1632.07,69.83,
"2012-07-12",39,2012-07-13 03:00:00,1694.181,2012-07-12 23:37:30,1618.4,31.69,1650.09,71.29,
"2012-07-12",40,2012-07-13 03:30:00,1669.753,2012-07-12 23:37:30,1606.86,34.64,1641.5,71.53,
"2012-07-12",41,2012-07-13 04:00:00,1642.213,2012-07-12 23:37:30,1646.75,30.79,1677.54,73.51,
"2012-07-12",42,2012-07-13 04:30:00,1673.756,2012-07-12 23:37:30,1689.36,32.49,1721.85,47.96,
"2012-07-12",43,2012-07-13 05:00:00,1742.468,2012-07-12 23:37:30,1805.36,27.2,1832.56,66.35,
"2012-07-12",44,2012-07-13 05:30:00,1851.718,2012-07-12 23:37:30,1937.31,38.02,1975.33,77.3,
"2012-07-12",45,2012-07-13 06:00:00,2010.265,2012-07-12 23:37:30,2177.26,45.4,2222.66,77.1,
"2012-07-12",46,2012-07-13 06:30:00,2205.426,2012-07-12 23:37:30,2335.96,64.8,2400.76,122.17,
"2012-07-12",47,2012-07-13 07:00:00,2386.582,2012-07-12 23:37:30,2483.77,68.92,2552.69,322.5,
"2012-07-12",48,2012-07-13 07:30:00,2521.591,2012-07-12 23:37:30,2597.67,63.01,2660.68,322.5,
"2012-07-13",1,2012-07-13 08:00:00,2574.652,2012-07-12 23:37:30,2652.96,54.98,2707.94,127.44,
"2012-07-13",2,2012-07-13 08:30:00,2574.222,2012-07-12 23:37:30,2653.49,37.87,2691.36,137.32,
"2012-07-13",3,2012-07-13 09:00:00,2540.271,2012-07-12 23:37:30,2535.4,30.32,2565.72,100.13,
"2012-07-13",4,2012-07-13 09:30:00,2484.036,2012-07-12 23:37:30,2464.61,33.05,2497.66,98.08,
"2012-07-13",5,2012-07-13 10:00:00,2426.621,2012-07-12 23:37:30,2368.93,33.92,2402.85,86.18,
"2012-07-13",6,2012-07-13 10:30:00,2371.529,2012-07-12 23:37:30,2269.28,31.77,2301.05,45.87,
"2012-07-13",7,2012-07-13 11:00:00,2328.609,2012-07-12 23:37:30,2242.64,26.04,2268.68,80.47,
"2012-07-13",8,2012-07-13 11:30:00,2297.047,2012-07-12 23:37:30,2216.34,24.21,2240.55,81.55,
"2012-07-13",9,2012-07-13 12:00:00,2270.305,2012-07-12 23:37:30,2177.05,27.96,2205.01,72.2,
"2012-07-13",10,2012-07-13 12:30:00,2244.794,2012-07-12 23:37:30,2242.78,24.78,2267.56,81.95,
"2012-07-13",11,2012-07-13 13:00:00,2226.177,2012-07-12 23:37:30,2134.48,38.07,2172.55,65.91,
"2012-07-13",12,2012-07-13 13:30:00,2218.043,2012-07-12 23:37:30,2148.87,30.59,2179.46,81.51,
"2012-07-13",13,2012-07-13 14:00:00,2219.326,2012-07-12 23:37:30,2119.76,33.97,2153.73,82.19,
"2012-07-13",14,2012-07-13 14:30:00,2222.898,2012-07-12 23:37:30,2129.48,39.31,2168.79,81.72,
"2012-07-13",15,2012-07-13 15:00:00,2234.409,2012-07-12 23:37:31,2126.84,45.91,2172.75,80.91,
"2012-07-13",16,2012-07-13 15:30:00,2264.76,2012-07-12 23:37:31,2165.31,37.59,2202.9,79.98,
"2012-07-13",17,2012-07-13 16:00:00,2313.354,2012-07-12 23:37:31,2223.45,34.54,2257.99,163.18,
"2012-07-13",18,2012-07-13 16:30:00,2389.438,2012-07-12 23:37:31,2336.92,14.59,2351.51,241.86,
"2012-07-13",19,2012-07-13 17:00:00,2516.996,2012-07-12 23:37:31,2550.67,13.64,2564.31,313.13,
"2012-07-13",20,2012-07-13 17:30:00,2698.284,2012-07-12 23:37:31,2732.11,14.51,2746.62,323,
"2012-07-13",21,2012-07-13 18:00:00,2574.485,2012-07-13 17:10:34,2786.3,23.13,2809.43,323,
"2012-07-13",22,2012-07-13 18:30:00,2669.653,2012-07-13 17:40:36,2703.34,37.19,2740.53,96.19,
"2012-07-13",23,2012-07-13 19:00:00,2709.669,2012-07-13 18:10:43,2657,37.2,2694.2,93.41,
"2012-07-13",24,2012-07-13 19:30:00,2693.047,2012-07-13 18:40:50,2611.03,29.5,2640.53,83.68,
"2012-07-13",25,2012-07-13 20:00:00,2633.166,2012-07-13 19:10:49,2538.1,48.87,2586.97,72.37,
"2012-07-13",26,2012-07-13 20:30:00,2583.455,2012-07-13 19:40:56,2463.47,46.1,2509.57,78.43,
"2012-07-13",27,2012-07-13 21:00:00,2495.193,2012-07-13 20:11:02,2383.35,33.14,2416.49,285.82,
"2012-07-13",28,2012-07-13 21:30:00,2434.88,2012-07-13 20:41:05,2275.35,45.38,2320.73,258.8,
"2012-07-13",29,2012-07-13 22:00:00,2331.394,2012-07-13 21:11:11,2131.24,49.46,2180.7,80.25,
"2012-07-13",30,2012-07-13 22:30:00,2099.629,2012-07-13 21:41:17,2024.47,36.87,2061.34,73.24,
"2012-07-13",31,2012-07-13 23:00:00,2136.382,2012-07-13 22:11:22,1908.55,35.7,1944.25,83.04,
"2012-07-13",32,2012-07-13 23:30:00,1975.113,2012-07-13 22:41:24,1804.82,27.59,1832.41,122.81,
"2012-07-13",33,2012-07-14 00:00:00,1888.685,2012-07-13 23:11:28,1731.47,25.46,1756.93,78,
"2012-07-13",34,2012-07-14 00:30:00,1782.484,2012-07-13 23:41:25,1686.31,17.94,1704.25,72.37,
"2012-07-13",35,2012-07-14 01:00:00,1721.927,2012-07-13 23:41:25,1628.19,22.3,1650.49,61.59,
"2012-07-13",36,2012-07-14 01:30:00,1685.047,2012-07-13 23:41:25,1615.32,18.7,1634.02,55.57,
"2012-07-13",37,2012-07-14 02:00:00,1658.285,2012-07-13 23:41:25,1584.29,17.38,1601.67,65.37,
"2012-07-13",38,2012-07-14 02:30:00,1636.523,2012-07-13 23:41:25,1593.1,12.09,1605.19,70.08,
"2012-07-13",39,2012-07-14 03:00:00,1621.805,2012-07-13 23:41:25,1585.53,15.58,1601.11,67.96,
"2012-07-13",40,2012-07-14 03:30:00,1600.128,2012-07-13 23:41:25,1596.84,14.97,1611.81,67.97,
"2012-07-13",41,2012-07-14 04:00:00,1579.457,2012-07-13 23:41:26,1603.89,14.49,1618.38,67.75,
"2012-07-13",42,2012-07-14 04:30:00,1598.069,2012-07-13 23:41:26,1603.64,17.83,1621.47,58.59,
"2012-07-13",43,2012-07-14 05:00:00,1639.128,2012-07-13 23:41:26,1651.7,21.61,1673.31,56.62,
"2012-07-13",44,2012-07-14 05:30:00,1699.943,2012-07-13 23:41:26,1720.46,19.06,1739.52,58.27,
"2012-07-13",45,2012-07-14 06:00:00,1791.422,2012-07-13 23:41:26,1814.54,19.92,1834.46,61.17,
"2012-07-13",46,2012-07-14 06:30:00,1911.46,2012-07-13 23:41:26,1891.32,22.89,1914.21,64.08,
"2012-07-13",47,2012-07-14 07:00:00,2036.956,2012-07-13 23:41:26,1996.29,26.6,2022.89,63.74,
"2012-07-13",48,2012-07-14 07:30:00,2146.269,2012-07-13 23:41:26,2116.23,31.87,2148.1,76.85,
"2012-07-14",1,2012-07-14 08:00:00,2209.198,2012-07-13 23:41:26,2203.76,38.76,2242.52,83.68,
"2012-07-14",2,2012-07-14 08:30:00,2229.361,2012-07-13 23:41:26,2250.72,29.92,2280.64,91.4,
"2012-07-14",3,2012-07-14 09:00:00,2221.796,2012-07-13 23:41:26,2246.06,22.76,2268.82,82.05,
"2012-07-14",4,2012-07-14 09:30:00,2183.92,2012-07-13 23:41:26,2198.24,20.74,2218.98,70.15,
"2012-07-14",5,2012-07-14 10:00:00,2137.425,2012-07-13 23:41:26,2125.09,18.05,2143.14,64.46,
"2012-07-14",6,2012-07-14 10:30:00,2090.006,2012-07-13 23:41:26,2064.84,17.13,2081.97,62.09,
"2012-07-14",7,2012-07-14 11:00:00,2049.256,2012-07-13 23:41:26,2033.13,12.9,2046.03,59.51,
"2012-07-14",8,2012-07-14 11:30:00,2017.555,2012-07-13 23:41:26,2008.13,10.84,2018.97,62.32,
"2012-07-14",9,2012-07-14 12:00:00,1989.262,2012-07-13 23:41:26,1961.74,11.5,1973.24,59.51,
"2012-07-14",10,2012-07-14 12:30:00,1962.002,2012-07-13 23:41:26,1913.55,10.48,1924.03,58.31,
"2012-07-14",11,2012-07-14 13:00:00,1937.241,2012-07-13 23:41:26,1888.35,10.31,1898.66,58.3,
"2012-07-14",12,2012-07-14 13:30:00,1920.812,2012-07-13 23:41:26,1869.47,11.07,1880.54,58.52,
"2012-07-14",13,2012-07-14 14:00:00,1913.842,2012-07-13 23:41:26,1863.62,10.51,1874.13,61.24,
"2012-07-14",14,2012-07-14 14:30:00,1914.289,2012-07-13 23:41:26,1876.17,10.45,1886.62,61.23,
"2012-07-14",15,2012-07-14 15:00:00,1926.615,2012-07-13 23:41:26,1928.28,10.56,1938.84,66.35,
"2012-07-14",16,2012-07-14 15:30:00,1960.061,2012-07-13 23:41:26,1989.56,10.47,2000.03,75.01,
"2012-07-14",17,2012-07-14 16:00:00,2016.034,2012-07-13 23:41:26,2076.27,10.2,2086.47,123.67,
"2012-07-14",18,2012-07-14 16:30:00,2106.135,2012-07-13 23:41:26,2231.48,10.17,2241.65,232.76,
"2012-07-14",19,2012-07-14 17:00:00,2249.341,2012-07-13 23:41:26,2411.73,10.55,2422.28,298.79,
"2012-07-14",20,2012-07-14 17:30:00,2445.455,2012-07-13 23:41:26,2595.16,12.82,2607.98,154.51,
"2012-07-14",21,2012-07-14 18:00:00,2488.705,2012-07-14 17:09:31,2583.94,14.97,2598.91,114.76,
"2012-07-14",22,2012-07-14 18:30:00,2496.453,2012-07-14 17:39:37,2533.61,19.59,2553.2,91.9,
"2012-07-14",23,2012-07-14 19:00:00,2492.273,2012-07-14 18:09:47,2421.6,24.38,2445.98,59.51,
"2012-07-14",24,2012-07-14 19:30:00,2460.194,2012-07-14 18:39:45,2355.89,23.72,2379.61,55.3,
"2012-07-14",25,2012-07-14 20:00:00,2432.872,2012-07-14 19:09:56,2273.8,21.03,2294.83,54.14,
"2012-07-14",26,2012-07-14 20:30:00,2343.763,2012-07-14 19:39:50,2187.24,22.98,2210.22,53.14,
"2012-07-14",27,2012-07-14 21:00:00,2273.951,2012-07-14 20:09:51,2114.28,26.92,2141.2,50.56,
"2012-07-14",28,2012-07-14 21:30:00,2156.434,2012-07-14 20:40:05,2030.8,25.06,2055.86,47.96,
"2012-07-14",29,2012-07-14 22:00:00,2060.167,2012-07-14 21:10:10,1928.89,21.35,1950.24,45.71,
"2012-07-14",30,2012-07-14 22:30:00,1988.765,2012-07-14 21:40:19,1839.44,13.88,1853.32,42.79,
"2012-07-14",31,2012-07-14 23:00:00,1911.437,2012-07-14 22:10:16,1763.66,10.77,1774.43,41.14,
"2012-07-14",32,2012-07-14 23:30:00,1805.821,2012-07-14 22:40:27,1677.52,10.9,1688.42,41.05,
"2012-07-14",33,2012-07-15 00:00:00,1709.737,2012-07-14 23:10:35,1612.1,12.17,1624.27,61.75,
"2012-07-14",34,2012-07-15 00:30:00,1617.457,2012-07-14 23:40:44,1556.96,15.31,1572.27,61.24,
"2012-07-14",35,2012-07-15 01:00:00,1564.36,2012-07-14 23:40:44,1512.62,18.6,1531.22,57.23,
"2012-07-14",36,2012-07-15 01:30:00,1521.557,2012-07-14 23:40:44,1481.9,21.59,1503.49,57.56,
"2012-07-14",37,2012-07-15 02:00:00,1487.544,2012-07-14 23:40:44,1447.91,32.11,1480.02,56.43,
"2012-07-14",38,2012-07-15 02:30:00,1469.18,2012-07-14 23:40:44,1421.68,36.93,1458.61,56.65,
"2012-07-14",39,2012-07-15 03:00:00,1459.967,2012-07-14 23:40:44,1417.88,51.26,1469.14,56.83,
"2012-07-14",40,2012-07-15 03:30:00,1442.184,2012-07-14 23:40:44,1406.51,57.9,1464.41,56.86,
"2012-07-14",41,2012-07-15 04:00:00,1424.456,2012-07-14 23:40:44,1404.54,56.74,1461.28,56.78,
"2012-07-14",42,2012-07-15 04:30:00,1438.199,2012-07-14 23:40:44,1422.27,54.89,1477.16,56.72,
"2012-07-14",43,2012-07-15 05:00:00,1470.279,2012-07-14 23:40:44,1441.9,57.51,1499.41,56.31,
"2012-07-14",44,2012-07-15 05:30:00,1511.011,2012-07-14 23:40:44,1479.02,58.3,1537.32,56.31,
"2012-07-14",45,2012-07-15 06:00:00,1568.659,2012-07-14 23:40:44,1517.16,59.86,1577.02,39.27,
"2012-07-14",46,2012-07-15 06:30:00,1683.569,2012-07-14 23:40:44,1561.96,64.15,1626.11,39.15,
"2012-07-14",47,2012-07-15 07:00:00,1818.425,2012-07-14 23:40:44,1618.31,65.4,1683.71,39.14,
"2012-07-14",48,2012-07-15 07:30:00,1897.826,2012-07-14 23:40:44,1696.06,73.7,1769.76,39.17,
"2012-07-15",1,2012-07-15 08:00:00,1950.31,2012-07-14 23:40:44,1768.48,73.42,1841.9,39.16,
"2012-07-15",2,2012-07-15 08:30:00,1974.324,2012-07-14 23:40:44,1837.54,58.39,1895.93,40.95,
"2012-07-15",3,2012-07-15 09:00:00,1982.021,2012-07-14 23:40:44,1859.06,42.49,1901.55,49.77,
"2012-07-15",4,2012-07-15 09:30:00,1968.562,2012-07-14 23:40:45,1880.27,33.29,1913.56,46.27,
"2012-07-15",5,2012-07-15 10:00:00,1942.635,2012-07-14 23:40:45,1867.38,30.2,1897.58,46.33,
"2012-07-15",6,2012-07-15 10:30:00,1915.581,2012-07-14 23:40:45,1850.75,29.09,1879.84,42.81,
"2012-07-15",7,2012-07-15 11:00:00,1893.705,2012-07-14 23:40:45,1807.7,23.56,1831.26,42.76,
"2012-07-15",8,2012-07-15 11:30:00,1879.412,2012-07-14 23:40:45,1807.28,14.64,1821.92,46.4,
"2012-07-15",9,2012-07-15 12:00:00,1870.421,2012-07-14 23:40:45,1774.62,11.38,1786,40.02,
"2012-07-15",10,2012-07-15 12:30:00,1856.069,2012-07-14 23:40:45,1760.44,10.86,1771.3,40.02,
"2012-07-15",11,2012-07-15 13:00:00,1837.832,2012-07-14 23:40:45,1736.03,9.8,1745.83,39.2,
"2012-07-15",12,2012-07-15 13:30:00,1824.829,2012-07-14 23:40:45,1723.99,10.74,1734.73,39.18,
"2012-07-15",13,2012-07-15 14:00:00,1821.985,2012-07-14 23:40:45,1729.03,9.9,1738.93,39.17,
"2012-07-15",14,2012-07-15 14:30:00,1830.319,2012-07-14 23:40:45,1744.92,11.22,1756.14,40.02,
"2012-07-15",15,2012-07-15 15:00:00,1852.422,2012-07-14 23:40:45,1764.2,11.11,1775.31,40.02,
"2012-07-15",16,2012-07-15 15:30:00,1897.056,2012-07-14 23:40:45,1812.48,11.75,1824.23,42.43,
"2012-07-15",17,2012-07-15 16:00:00,1962.814,2012-07-14 23:40:45,1920.89,10.79,1931.68,63.92,
"2012-07-15",18,2012-07-15 16:30:00,2059.639,2012-07-14 23:40:45,2036.68,10.99,2047.67,78.4,
"2012-07-15",19,2012-07-15 17:00:00,2212.357,2012-07-14 23:40:45,2195.87,11.05,2206.92,88.63,
"2012-07-15",20,2012-07-15 17:30:00,2416.67,2012-07-14 23:40:45,2433.79,10.81,2444.6,104.52,
"2012-07-15",21,2012-07-15 18:00:00,2289.38,2012-07-15 17:13:46,2465.14,11.8,2476.94,120.13,
"2012-07-15",22,2012-07-15 18:30:00,2323.943,2012-07-15 17:43:44,2446.3,10.75,2457.05,106.14,
"2012-07-15",23,2012-07-15 19:00:00,2413.384,2012-07-15 18:13:36,2366.35,10.81,2377.16,70.25,
"2012-07-15",24,2012-07-15 19:30:00,2377.093,2012-07-15 18:44:05,2335.5,11.08,2346.58,63.54,
"2012-07-15",25,2012-07-15 20:00:00,2378.1,2012-07-15 19:14:04,2280.3,11.09,2291.39,59.51,
"2012-07-15",26,2012-07-15 20:30:00,2287.095,2012-07-15 19:44:01,2206.44,11.33,2217.77,54.86,
"2012-07-15",27,2012-07-15 21:00:00,2236.386,2012-07-15 20:14:12,2115.15,11.15,2126.3,53.57,
"2012-07-15",28,2012-07-15 21:30:00,2133.231,2012-07-15 20:43:59,1994.48,11.54,2006.02,50.98,
"2012-07-15",29,2012-07-15 22:00:00,2036.476,2012-07-15 21:09:12,1873.05,10.82,1883.87,44.1,
"2012-07-15",30,2012-07-15 22:30:00,1920.068,2012-07-15 21:39:30,1739.22,15.69,1754.91,39.37,
"2012-07-15",31,2012-07-15 23:00:00,1818.056,2012-07-15 22:09:26,1655.88,13.75,1669.63,39.52,
"2012-07-15",32,2012-07-15 23:30:00,1715.798,2012-07-15 22:39:34,1587.1,11.54,1598.64,39.11,
"2012-07-15",33,2012-07-16 00:00:00,1605.36,2012-07-15 23:09:40,1535.31,11.32,1546.63,40.95,
"2012-07-15",34,2012-07-16 00:30:00,1539.554,2012-07-15 23:39:43,1476.25,23.09,1499.34,52.57,
"2012-07-15",35,2012-07-16 01:00:00,1501.17,2012-07-15 23:39:43,1448.58,21.06,1469.64,55.75,
"2012-07-15",36,2012-07-16 01:30:00,1476.704,2012-07-15 23:39:43,1440.54,21.87,1462.41,55.75,
"2012-07-15",37,2012-07-16 02:00:00,1461.746,2012-07-15 23:39:43,1423.29,19.89,1443.18,58.44,
"2012-07-15",38,2012-07-16 02:30:00,1455.762,2012-07-15 23:39:43,1418.58,24.51,1443.09,60.52,
"2012-07-15",39,2012-07-16 03:00:00,1460.494,2012-07-15 23:39:43,1406.46,19.49,1425.95,60.69,
"2012-07-15",40,2012-07-16 03:30:00,1459.237,2012-07-15 23:39:43,1404.16,24.75,1428.91,66.35,
"2012-07-15",41,2012-07-16 04:00:00,1428.046,2012-07-15 23:39:43,1432.01,37.65,1469.66,66.35,
"2012-07-15",42,2012-07-16 04:30:00,1459.356,2012-07-15 23:39:43,1514.9,16.76,1531.66,74.19,
"2012-07-15",43,2012-07-16 05:00:00,1528.357,2012-07-15 23:39:43,1590.16,26.22,1616.38,85.54,
"2012-07-15",44,2012-07-16 05:30:00,1628.889,2012-07-15 23:39:44,1729.37,27.69,1757.06,93.61,
"2012-07-15",45,2012-07-16 06:00:00,1767.659,2012-07-15 23:39:44,1918.03,23.47,1941.5,91.82,
"2012-07-15",46,2012-07-16 06:30:00,1959.641,2012-07-15 23:39:44,2069.61,12.94,2082.55,59.58,
"2012-07-15",47,2012-07-16 07:00:00,2171.481,2012-07-15 23:39:44,2232.1,10.64,2242.74,126.85,
"2012-07-15",48,2012-07-16 07:30:00,2305.498,2012-07-15 23:39:44,2294.75,17.36,2312.11,75.49,
"2012-07-16",1,2012-07-16 08:00:00,2372.09,2012-07-15 23:39:44,2331.68,18.04,2349.72,68.25,
"2012-07-16",2,2012-07-16 08:30:00,2398.573,2012-07-15 23:39:44,2327.25,10.19,2337.44,61.25,
"2012-07-16",3,2012-07-16 09:00:00,2393.581,2012-07-15 23:39:44,2329.26,10.08,2339.34,62,
"2012-07-16",4,2012-07-16 09:30:00,2364.688,2012-07-15 23:39:44,2324.21,10.98,2335.19,96.94,
"2012-07-16",5,2012-07-16 10:00:00,2332.444,2012-07-15 23:39:44,2309.38,10.65,2320.03,105.6,
"2012-07-16",6,2012-07-16 10:30:00,2298.425,2012-07-15 23:39:44,2294.93,11.3,2306.23,100.55,
"2012-07-16",7,2012-07-16 11:00:00,2271.484,2012-07-15 23:39:44,2289.65,11.82,2301.47,92.05,
"2012-07-16",8,2012-07-16 11:30:00,2254.825,2012-07-15 23:39:44,2308.54,11.87,2320.41,85,
"2012-07-16",9,2012-07-16 12:00:00,2240.441,2012-07-15 23:39:44,2267,12.16,2279.16,77.25,
"2012-07-16",10,2012-07-16 12:30:00,2226.471,2012-07-15 23:39:44,2221.68,23.5,2245.18,81,
"2012-07-16",11,2012-07-16 13:00:00,2220.316,2012-07-15 23:39:44,2203.87,22.31,2226.18,79.24,
"2012-07-16",12,2012-07-16 13:30:00,2218.373,2012-07-15 23:39:44,2189.75,20.58,2210.33,70.25,
"2012-07-16",13,2012-07-16 14:00:00,2222.792,2012-07-15 23:39:44,2199.82,20.77,2220.59,66.98,
"2012-07-16",14,2012-07-16 14:30:00,2229.623,2012-07-15 23:39:44,2234.11,14.2,2248.31,81,
"2012-07-16",15,2012-07-16 15:00:00,2244.898,2012-07-15 23:39:44,2244.07,41.1,2285.17,77.2,
"2012-07-16",16,2012-07-16 15:30:00,2276.487,2012-07-15 23:39:44,2268.77,16.56,2285.33,76.27,
"2012-07-16",17,2012-07-16 16:00:00,2322.268,2012-07-15 23:39:44,2335.99,19.61,2355.6,122.04,
"2012-07-16",18,2012-07-16 16:30:00,2391.654,2012-07-15 23:39:44,2408.28,10.37,2418.65,92.12,
"2012-07-16",19,2012-07-16 17:00:00,2507.757,2012-07-15 23:39:44,2568.41,12.34,2580.75,108.48,
"2012-07-16",20,2012-07-16 17:30:00,2676.322,2012-07-15 23:39:44,2742.25,12.36,2754.61,124.51,
"2012-07-16",21,2012-07-16 18:00:00,2578.516,2012-07-16 17:12:37,2779.37,12.1,2791.47,116.52,
"2012-07-16",22,2012-07-16 18:30:00,2663.082,2012-07-16 17:42:40,2741.29,11.37,2752.66,97.33,
"2012-07-16",23,2012-07-16 19:00:00,2699.423,2012-07-16 18:12:57,2642.81,11.06,2653.87,59.51,
"2012-07-16",24,2012-07-16 19:30:00,2662.802,2012-07-16 18:42:47,2578.87,12.29,2591.16,59.71,
"2012-07-16",25,2012-07-16 20:00:00,2641.769,2012-07-16 19:12:59,2508.01,13.47,2521.48,56.51,
"2012-07-16",26,2012-07-16 20:30:00,2526.179,2012-07-16 19:42:59,2418.54,18.59,2437.13,54.38,
"2012-07-16",27,2012-07-16 21:00:00,2403.965,2012-07-16 20:13:08,2268.69,23.77,2292.46,93.44,
"2012-07-16",28,2012-07-16 21:30:00,2330.727,2012-07-16 20:43:09,2124.21,26.99,2151.2,99.33,
"2012-07-16",29,2012-07-16 22:00:00,2184.908,2012-07-16 21:13:10,1951.21,40.55,1991.76,45.36,
"2012-07-16",30,2012-07-16 22:30:00,2011.318,2012-07-16 21:43:16,1810.58,50.8,1861.38,42.97,
"2012-07-16",31,2012-07-16 23:00:00,1936.321,2012-07-16 22:13:11,1709.32,51.71,1761.03,44.38,
"2012-07-16",32,2012-07-16 23:30:00,1804.268,2012-07-16 22:43:16,1610.11,64.69,1674.8,50.31,
"2012-07-16",33,2012-07-17 00:00:00,1702.889,2012-07-16 23:13:37,1525.93,70.49,1596.42,50.35,
"2012-07-16",34,2012-07-17 00:30:00,1636.039,2012-07-16 23:43:37,1470.07,76.29,1546.36,50.64,
"2012-07-16",35,2012-07-17 01:00:00,1583.642,2012-07-16 23:43:37,1458.33,80.01,1538.34,64.72,
"2012-07-16",36,2012-07-17 01:30:00,1549.994,2012-07-16 23:43:37,1426.48,95.65,1522.13,50.9,
"2012-07-16",37,2012-07-17 02:00:00,1528.376,2012-07-16 23:43:37,1413.84,103.69,1517.53,39.23,
"2012-07-16",38,2012-07-17 02:30:00,1516.253,2012-07-16 23:43:37,1407.11,103.92,1511.03,39.24,
"2012-07-16",39,2012-07-17 03:00:00,1514.271,2012-07-16 23:43:37,1391.16,112.64,1503.8,39.24,
"2012-07-16",40,2012-07-17 03:30:00,1509.115,2012-07-16 23:43:37,1405.16,114.4,1519.56,39.21,
"2012-07-16",41,2012-07-17 04:00:00,1485.025,2012-07-16 23:43:37,1425.25,111.85,1537.1,39.19,
"2012-07-16",42,2012-07-17 04:30:00,1514.235,2012-07-16 23:43:37,1474.75,113.83,1588.58,38.55,
"2012-07-16",43,2012-07-17 05:00:00,1583.272,2012-07-16 23:43:37,1552.32,122.09,1674.41,41.02,
"2012-07-16",44,2012-07-17 05:30:00,1688.833,2012-07-16 23:43:37,1691.43,121.77,1813.2,41.98,
"2012-07-16",45,2012-07-17 06:00:00,1840.144,2012-07-16 23:43:37,1900.74,120.42,2021.16,42.86,
"2012-07-16",46,2012-07-17 06:30:00,2045.802,2012-07-16 23:43:37,2065.45,127.55,2193,48.45,
"2012-07-16",47,2012-07-17 07:00:00,2265.988,2012-07-16 23:43:37,2196.96,132.64,2329.6,59.51,
"2012-07-16",48,2012-07-17 07:30:00,2404.105,2012-07-16 23:43:37,2286,127.61,2413.61,59.51,
"2012-07-17",1,2012-07-17 08:00:00,2463.94,2012-07-16 23:43:37,2354.25,107.55,2461.8,57.04,
"2012-07-17",2,2012-07-17 08:30:00,2475.095,2012-07-16 23:43:37,2353.48,89.35,2442.83,51.47,
"2012-07-17",3,2012-07-17 09:00:00,2452.096,2012-07-16 23:43:37,2299.69,81.34,2381.03,47.08,
"2012-07-17",4,2012-07-17 09:30:00,2406.025,2012-07-16 23:43:37,2223.03,78.45,2301.48,42.54,
"2012-07-17",5,2012-07-17 10:00:00,2360.982,2012-07-16 23:43:37,2158.9,87.38,2246.28,59.51,
"2012-07-17",6,2012-07-17 10:30:00,2314.864,2012-07-16 23:43:37,2098.08,91.58,2189.66,59.51,
"2012-07-17",7,2012-07-17 11:00:00,2279.578,2012-07-16 23:43:37,2062.75,76.35,2139.1,55.75,
"2012-07-17",8,2012-07-17 11:30:00,2256.043,2012-07-16 23:43:37,2066.58,67.66,2134.24,45.87,
"2012-07-17",9,2012-07-17 12:00:00,2235.905,2012-07-16 23:43:38,2039.09,70.97,2110.06,42.94,
"2012-07-17",10,2012-07-17 12:30:00,2218.007,2012-07-16 23:43:38,2044.16,60.94,2105.1,42.95,
"2012-07-17",11,2012-07-17 13:00:00,2209.911,2012-07-16 23:43:38,2018.61,62.61,2081.22,43.13,
"2012-07-17",12,2012-07-17 13:30:00,2209.117,2012-07-16 23:43:38,2016.66,68.67,2085.33,43.25,
"2012-07-17",13,2012-07-17 14:00:00,2217.052,2012-07-16 23:43:38,1997.07,79.84,2076.91,43.21,
"2012-07-17",14,2012-07-17 14:30:00,2227.506,2012-07-16 23:43:38,2003.41,82.71,2086.12,43.07,
"2012-07-17",15,2012-07-17 15:00:00,2247.652,2012-07-16 23:43:38,2026.2,80,2106.2,45.87,
"2012-07-17",16,2012-07-17 15:30:00,2284.928,2012-07-16 23:43:38,2044.97,82.13,2127.1,45.87,
"2012-07-17",17,2012-07-17 16:00:00,2336.503,2012-07-16 23:43:38,2112.03,93.75,2205.78,59.51,
"2012-07-17",18,2012-07-17 16:30:00,2414.169,2012-07-16 23:43:38,2242.56,77.58,2320.14,71.14,
"2012-07-17",19,2012-07-17 17:00:00,2543.259,2012-07-16 23:43:38,2432.62,91,2523.62,99.4,
"2012-07-17",20,2012-07-17 17:30:00,2730.356,2012-07-16 23:43:38,2690.75,88.76,2779.51,117.97,
"2012-07-17",21,2012-07-17 18:00:00,2616.294,2012-07-17 17:11:39,2768.27,90.93,2859.2,129.68,
"2012-07-17",22,2012-07-17 18:30:00,2662.709,2012-07-17 17:41:40,2730.33,98.11,2828.44,129.93,
"2012-07-17",23,2012-07-17 19:00:00,2754.102,2012-07-17 18:11:39,2659.33,104.84,2764.17,121.77,
"2012-07-17",24,2012-07-17 19:30:00,2748.446,2012-07-17 18:41:50,2596.83,128,2724.83,111.12,
"2012-07-17",25,2012-07-17 20:00:00,2725.053,2012-07-17 19:12:04,2522.31,138.37,2660.68,101.84,
"2012-07-17",26,2012-07-17 20:30:00,2644.966,2012-07-17 19:41:59,2425.05,138.71,2563.76,82.92,
"2012-07-17",27,2012-07-17 21:00:00,2593.636,2012-07-17 20:12:00,2338.13,130.86,2468.99,81.89,
"2012-07-17",28,2012-07-17 21:30:00,2486.758,2012-07-17 20:42:02,2185.01,111.04,2296.05,82.17,
"2012-07-17",29,2012-07-17 22:00:00,2387.247,2012-07-17 21:12:26,2019.18,108.98,2128.16,42.2,
"2012-07-17",30,2012-07-17 22:30:00,2221.663,2012-07-17 21:42:25,1859.12,117.71,1976.83,41.88,
"2012-07-17",31,2012-07-17 23:00:00,2057.711,2012-07-17 22:12:22,1743.6,122.96,1866.56,41.08,
"2012-07-17",32,2012-07-17 23:30:00,1923.168,2012-07-17 22:42:27,1643.96,126.56,1770.52,55.69,
"2012-07-17",33,2012-07-18 00:00:00,1800.836,2012-07-17 23:12:28,1594.21,119.69,1713.9,55.75,
"2012-07-17",34,2012-07-18 00:30:00,1714.578,2012-07-17 23:42:32,1540.33,125.79,1666.12,55.72,
"2012-07-17",35,2012-07-18 01:00:00,1660.165,2012-07-17 23:42:32,1493.7,139.09,1632.79,55.76,
"2012-07-17",36,2012-07-18 01:30:00,1626.491,2012-07-17 23:42:32,1470.13,140.24,1610.37,55.79,
"2012-07-17",37,2012-07-18 02:00:00,1604.359,2012-07-17 23:42:32,1483.68,145.27,1628.95,55.33,
"2012-07-17",38,2012-07-18 02:30:00,1592.267,2012-07-17 23:42:32,1440.49,145.94,1586.43,55.33,
"2012-07-17",39,2012-07-18 03:00:00,1589.614,2012-07-17 23:42:32,1465.36,145.8,1611.16,55.33,
"2012-07-17",40,2012-07-18 03:30:00,1583.481,2012-07-17 23:42:32,1492.48,146.83,1639.31,63.04,
"2012-07-17",41,2012-07-18 04:00:00,1567.044,2012-07-17 23:42:32,1531.57,136.69,1668.26,68.68,
"2012-07-17",42,2012-07-18 04:30:00,1598.39,2012-07-17 23:42:32,1543.98,132.49,1676.47,55.18,
"2012-07-17",43,2012-07-18 05:00:00,1668.348,2012-07-17 23:42:33,1674.97,137.4,1812.37,62.68,
"2012-07-17",44,2012-07-18 05:30:00,1779.545,2012-07-17 23:42:33,1838.15,139.32,1977.47,77.35,
"2012-07-17",45,2012-07-18 06:00:00,1940.37,2012-07-17 23:42:33,2029.34,144.2,2173.54,77.54,
"2012-07-17",46,2012-07-18 06:30:00,2141.177,2012-07-17 23:42:33,2212.95,148.67,2361.62,97.31,
"2012-07-17",47,2012-07-18 07:00:00,2333.13,2012-07-17 23:42:33,2390.54,146.65,2537.19,314.17,
"2012-07-17",48,2012-07-18 07:30:00,2470.313,2012-07-17 23:42:33,2469.28,142.48,2611.76,229.41,
"2012-07-18",1,2012-07-18 08:00:00,2528.34,2012-07-17 23:42:33,2472.69,136.08,2608.77,113.53,
"2012-07-18",2,2012-07-18 08:30:00,2533.348,2012-07-17 23:42:33,2487.94,120.54,2608.48,102.21,
"2012-07-18",3,2012-07-18 09:00:00,2500.124,2012-07-17 23:42:33,2399.17,104.04,2503.21,94.04,
"2012-07-18",4,2012-07-18 09:30:00,2443.428,2012-07-17 23:42:33,2336.52,103.56,2440.08,80.6,
"2012-07-18",5,2012-07-18 10:00:00,2388.045,2012-07-17 23:42:33,2273.91,93.19,2367.1,78.23,
"2012-07-18",6,2012-07-18 10:30:00,2330.95,2012-07-17 23:42:33,2223.2,84.01,2307.21,75.3,
"2012-07-18",7,2012-07-18 11:00:00,2286.525,2012-07-17 23:42:33,2181.55,74.81,2256.36,80.81,
"2012-07-18",8,2012-07-18 11:30:00,2255.846,2012-07-17 23:42:33,2170.53,70.34,2240.87,81.77,
"2012-07-18",9,2012-07-18 12:00:00,2229.893,2012-07-17 23:42:33,2142.73,52.11,2194.84,81,
"2012-07-18",10,2012-07-18 12:30:00,2206.565,2012-07-17 23:42:33,2118.77,51.67,2170.44,69.05,
"2012-07-18",11,2012-07-18 13:00:00,2195.294,2012-07-17 23:42:33,2111.37,46.88,2158.25,75.73,
"2012-07-18",12,2012-07-18 13:30:00,2193.951,2012-07-17 23:42:33,2106.54,39.75,2146.29,69.09,
"2012-07-18",13,2012-07-18 14:00:00,2202.529,2012-07-17 23:42:33,2116.43,41.68,2158.11,61.81,
"2012-07-18",14,2012-07-18 14:30:00,2215.2,2012-07-17 23:42:33,2117.48,42.19,2159.67,55.75,
"2012-07-18",15,2012-07-18 15:00:00,2238.806,2012-07-17 23:42:33,2124.1,55.9,2180,57.47,
"2012-07-18",16,2012-07-18 15:30:00,2280.718,2012-07-17 23:42:33,2190.16,52.55,2242.71,61.03,
"2012-07-18",17,2012-07-18 16:00:00,2337.644,2012-07-17 23:42:33,2286.35,51.31,2337.66,78.9,
"2012-07-18",18,2012-07-18 16:30:00,2424.731,2012-07-17 23:42:33,2369.4,45.03,2414.43,114.76,
"2012-07-18",19,2012-07-18 17:00:00,2568.757,2012-07-17 23:42:33,2592.96,42.22,2635.18,234.18,
"2012-07-18",20,2012-07-18 17:30:00,2773.59,2012-07-17 23:42:33,2830.15,61.63,2891.78,302.83,
"2012-07-18",21,2012-07-18 18:00:00,2709.294,2012-07-18 17:15:36,2887.23,80.05,2967.28,322.5,
"2012-07-18",22,2012-07-18 18:30:00,2743.57,2012-07-18 17:45:46,2828.42,92.45,2920.87,127.25,
"2012-07-18",23,2012-07-18 19:00:00,2900.351,2012-07-18 18:15:53,2785.81,107.22,2893.03,114.76,
"2012-07-18",24,2012-07-18 19:30:00,2905.807,2012-07-18 18:45:58,2735.19,108.06,2843.25,129.33,
"2012-07-18",25,2012-07-18 20:00:00,2861.071,2012-07-18 19:16:04,2667.17,101.91,2769.08,125.7,
"2012-07-18",26,2012-07-18 20:30:00,2763.751,2012-07-18 19:45:57,2568.76,117.4,2686.16,115.7,
"2012-07-18",27,2012-07-18 21:00:00,2709.366,2012-07-18 20:16:01,2435.95,127.97,2563.92,111.88,
"2012-07-18",28,2012-07-18 21:30:00,2583.972,2012-07-18 20:46:06,2294.06,123.85,2417.91,108.48,
"2012-07-18",29,2012-07-18 22:00:00,2475.154,2012-07-18 21:16:19,2138.18,122.52,2260.7,66.35,
"2012-07-18",30,2012-07-18 22:30:00,2312.034,2012-07-18 21:46:15,1965.81,121.5,2087.31,52.12,
"2012-07-18",31,2012-07-18 23:00:00,2174.889,2012-07-18 22:16:24,1819.92,123.31,1943.23,51.47,
"2012-07-18",32,2012-07-18 23:30:00,2048.21,2012-07-18 22:46:18,1702.09,116.88,1818.97,66.35,
"2012-07-18",33,2012-07-19 00:00:00,1943.687,2012-07-18 23:16:37,1643.71,129.04,1772.75,79.59,
"2012-07-18",34,2012-07-19 00:30:00,1792.29,2012-07-18 23:46:44,1588.08,131.21,1719.29,78.05,
"2012-07-18",35,2012-07-19 01:00:00,1738.54,2012-07-18 23:46:44,1550.32,132.43,1682.75,80.74,
"2012-07-18",36,2012-07-19 01:30:00,1705.854,2012-07-18 23:46:44,1523.04,142.67,1665.71,66.35,
"2012-07-18",37,2012-07-19 02:00:00,1685.648,2012-07-18 23:46:44,1503.99,148.76,1652.75,69.48,
"2012-07-18",38,2012-07-19 02:30:00,1674.153,2012-07-18 23:46:44,1491.01,152.34,1643.35,70.94,
"2012-07-18",39,2012-07-19 03:00:00,1671.296,2012-07-18 23:46:44,1506.05,144.81,1650.86,81.5,
"2012-07-18",40,2012-07-19 03:30:00,1663.289,2012-07-18 23:46:44,1516.45,145.93,1662.38,71.29,
"2012-07-18",41,2012-07-19 04:00:00,1637.097,2012-07-18 23:46:44,1544.89,150.17,1695.06,78.48,
"2012-07-18",42,2012-07-19 04:30:00,1668.009,2012-07-18 23:46:44,1604.65,147.82,1752.47,60.49,
"2012-07-18",43,2012-07-19 05:00:00,1737.957,2012-07-18 23:46:44,1673.83,146.1,1819.93,55.75,
"2012-07-18",44,2012-07-19 05:30:00,1851.384,2012-07-18 23:46:44,1845.73,150.39,1996.12,71.14,
"2012-07-18",45,2012-07-19 06:00:00,2015.484,2012-07-18 23:46:44,2039.65,151.23,2190.88,93.6,
"2012-07-18",46,2012-07-19 06:30:00,2206.705,2012-07-18 23:46:44,2256.92,146.96,2403.88,117.94,
"2012-07-18",47,2012-07-19 07:00:00,2385.583,2012-07-18 23:46:44,2402.41,143.33,2545.74,323,
"2012-07-18",48,2012-07-19 07:30:00,2521.432,2012-07-18 23:46:44,2512.39,139.56,2651.95,323,
"2012-07-19",1,2012-07-19 08:00:00,2570.362,2012-07-18 23:46:44,2539.85,127.08,2666.93,95.61,
"2012-07-19",2,2012-07-19 08:30:00,2565.941,2012-07-18 23:46:44,2559.47,106.01,2665.48,117.98,
"2012-07-19",3,2012-07-19 09:00:00,2528.803,2012-07-18 23:46:44,2502.92,64.16,2567.08,112.84,
"2012-07-19",4,2012-07-19 09:30:00,2468.56,2012-07-18 23:46:44,2462.29,45.24,2507.53,58.35,
"2012-07-19",5,2012-07-19 10:00:00,2409.336,2012-07-18 23:46:45,2387.2,37.52,2424.72,59.51,
"2012-07-19",6,2012-07-19 10:30:00,2353.609,2012-07-18 23:46:45,2309.32,32.24,2341.56,59.51,
"2012-07-19",7,2012-07-19 11:00:00,2310.423,2012-07-18 23:46:45,2263.38,27.14,2290.52,63.19,
"2012-07-19",8,2012-07-19 11:30:00,2278.34,2012-07-18 23:46:45,2233.64,24.87,2258.51,59.51,
"2012-07-19",9,2012-07-19 12:00:00,2251.242,2012-07-18 23:46:45,2170.26,22.37,2192.63,42.93,
"2012-07-19",10,2012-07-19 12:30:00,2227.663,2012-07-18 23:46:45,2135.59,16.71,2152.3,43.1,
"2012-07-19",11,2012-07-19 13:00:00,2214.992,2012-07-18 23:46:45,2110.82,12.4,2123.22,42.37,
"2012-07-19",12,2012-07-19 13:30:00,2210.374,2012-07-18 23:46:45,2132.06,10.33,2142.39,41.64,
"2012-07-19",13,2012-07-19 14:00:00,2213.047,2012-07-18 23:46:45,2129.49,10.1,2139.59,41.63,
"2012-07-19",14,2012-07-19 14:30:00,2218.41,2012-07-18 23:46:45,2152.65,9.9,2162.55,41.63,
"2012-07-19",15,2012-07-19 15:00:00,2232.053,2012-07-18 23:46:45,2146.57,10,2156.57,41.65,
"2012-07-19",16,2012-07-19 15:30:00,2261.545,2012-07-18 23:46:45,2205.83,9.95,2215.78,42.34,
"2012-07-19",17,2012-07-19 16:00:00,2305.323,2012-07-18 23:46:45,2248.99,15.15,2264.14,42.94,
"2012-07-19",18,2012-07-19 16:30:00,2325.303,2012-07-19 15:44:20,2357.64,20.54,2378.18,59.51,
"2012-07-19",19,2012-07-19 17:00:00,2507.449,2012-07-19 16:14:23,2557.12,27.65,2584.77,97.92,
"2012-07-19",20,2012-07-19 17:30:00,2671.574,2012-07-19 16:44:39,2769.84,42.07,2811.91,122.53,
"2012-07-19",21,2012-07-19 18:00:00,2745.797,2012-07-19 17:14:23,2869.58,51.37,2920.95,127.52,
"2012-07-19",22,2012-07-19 18:30:00,2680.905,2012-07-19 17:44:39,2826.99,59.03,2886.02,84.82,
"2012-07-19",23,2012-07-19 19:00:00,2764.348,2012-07-19 18:14:39,2726.88,79.87,2806.75,86.47,
"2012-07-19",24,2012-07-19 19:30:00,2814.831,2012-07-19 18:45:00,2701.15,69.41,2770.56,87.11,
"2012-07-19",25,2012-07-19 20:00:00,2730.014,2012-07-19 19:14:46,2658.01,67.95,2725.96,66.7,
"2012-07-19",26,2012-07-19 20:30:00,2623.101,2012-07-19 19:45:08,2587.55,55.86,2643.41,61.76,
"2012-07-19",27,2012-07-19 21:00:00,2530.003,2012-07-19 20:15:03,2443.23,75.17,2518.4,56.16,
"2012-07-19",28,2012-07-19 21:30:00,2441.408,2012-07-19 20:45:08,2264.83,96.65,2361.48,48.55,
"2012-07-19",29,2012-07-19 22:00:00,2291.398,2012-07-19 21:15:04,2081.28,118.56,2199.84,42.42,
"2012-07-19",30,2012-07-19 22:30:00,2133.131,2012-07-19 21:45:27,1923.67,126.49,2050.16,42.26,
"2012-07-19",31,2012-07-19 23:00:00,2005.537,2012-07-19 22:15:21,1788.47,126.95,1915.42,38.95,
"2012-07-19",32,2012-07-19 23:30:00,1938.312,2012-07-19 22:45:27,1681.5,132.98,1814.48,37.68,
"2012-07-19",33,2012-07-20 00:00:00,1828.719,2012-07-19 23:15:27,1607.13,136.08,1743.21,37.41,
"2012-07-19",34,2012-07-20 00:30:00,1779.038,2012-07-19 23:15:27,1563.09,139.2,1702.29,37.51,
"2012-07-19",35,2012-07-20 01:00:00,1748.024,2012-07-19 23:15:27,1502.3,141.58,1643.88,37.58,
"2012-07-19",36,2012-07-20 01:30:00,1654.743,2012-07-20 00:45:51,1483.8,140.54,1624.34,37.63,
"2012-07-19",37,2012-07-20 02:00:00,1641.546,2012-07-20 01:15:54,1482.94,139.32,1622.26,39.35,
"2012-07-19",38,2012-07-20 02:30:00,1633.37,2012-07-20 01:45:55,1467.54,142.86,1610.4,39.36,
"2012-07-19",39,2012-07-20 03:00:00,1627.109,2012-07-20 02:16:10,1474.4,141.16,1615.56,39.36,
"2012-07-19",40,2012-07-20 03:30:00,1626.791,2012-07-20 02:46:00,1496.5,135.81,1632.31,39.34,
"2012-07-19",41,2012-07-20 04:00:00,1642.678,2012-07-20 03:16:02,1526.03,132.4,1658.43,39.34,
"2012-07-19",42,2012-07-20 04:30:00,1693.491,2012-07-20 03:46:19,1588.62,136.91,1725.53,39.29,
"2012-07-19",43,2012-07-20 05:00:00,1800.758,2012-07-20 04:16:26,1693.57,132.87,1826.44,41.35,
"2012-07-19",44,2012-07-20 05:30:00,1959.481,2012-07-20 04:46:28,1834,124.34,1958.34,43.08,
"2012-07-19",45,2012-07-20 06:00:00,2149.827,2012-07-20 05:16:43,2062.54,122.42,2184.96,49.64,
"2012-07-19",46,2012-07-20 06:30:00,2347.569,2012-07-20 05:46:33,2228.41,128.11,2356.52,53.05,
"2012-07-19",47,2012-07-20 07:00:00,2481.024,2012-07-20 06:16:33,2400.42,126.37,2526.79,59.51,
"2012-07-19",48,2012-07-20 07:30:00,2548.617,2012-07-20 06:46:50,2500.38,126.5,2626.88,58.79,
"2012-07-20",1,2012-07-20 08:00:00,2612.739,2012-07-20 07:16:58,2515.26,117.6,2632.86,56.74,
"2012-07-20",2,2012-07-20 08:30:00,2548.905,2012-07-20 07:46:51,2499.28,99.95,2599.23,53.71,
"2012-07-20",3,2012-07-20 09:00:00,2569.765,2012-07-20 08:17:02,2448.66,72.59,2521.25,50.86,
"2012-07-20",4,2012-07-20 09:30:00,2523.921,2012-07-20 08:47:15,2387.59,62.36,2449.95,47.21,
"2012-07-20",5,2012-07-20 10:00:00,2458.915,2012-07-20 09:16:58,2298.47,41.1,2339.57,43.22,
"2012-07-20",6,2012-07-20 10:30:00,2420.334,2012-07-20 09:47:17,2247.44,36.54,2283.98,43.64,
"2012-07-20",7,2012-07-20 11:00:00,2330.054,2012-07-20 10:17:16,2195.11,27.76,2222.87,43.96,
"2012-07-20",8,2012-07-20 11:30:00,2278.356,2012-07-20 10:47:42,2160.01,22.25,2182.26,56.74,
"2012-07-20",9,2012-07-20 12:00:00,2195.802,2012-07-20 11:17:32,2103.94,21.36,2125.3,44.14,
"2012-07-20",10,2012-07-20 12:30:00,2154.005,2012-07-20 11:47:32,2070.75,19.06,2089.81,44.11,
"2012-07-20",11,2012-07-20 13:00:00,2107.225,2012-07-20 12:17:49,2056.4,20.4,2076.8,44.04,
"2012-07-20",12,2012-07-20 13:30:00,2065.138,2012-07-20 12:47:58,2045.08,15.73,2060.81,43.93,
"2012-07-20",13,2012-07-20 14:00:00,2064.974,2012-07-20 13:17:43,2079.87,16.64,2096.51,42.65,
"2012-07-20",14,2012-07-20 14:30:00,2064.638,2012-07-20 13:47:46,2092.93,14.86,2107.79,41.83,
"2012-07-20",15,2012-07-20 15:00:00,2103.352,2012-07-20 14:17:55,2091.34,20.85,2112.19,40.85,
"2012-07-20",16,2012-07-20 15:30:00,2200.859,2012-07-20 14:47:51,2110.04,30.16,2140.2,39.4,
"2012-07-20",17,2012-07-20 16:00:00,2243.5,2012-07-20 15:17:47,2161.95,33.8,2195.75,56.9,
"2012-07-20",18,2012-07-20 16:30:00,2285.176,2012-07-20 15:47:49,2232.23,37.01,2269.24,66.81,
"2012-07-20",19,2012-07-20 17:00:00,2450.943,2012-07-20 16:17:49,2394.37,50.01,2444.38,88.83,
"2012-07-20",20,2012-07-20 17:30:00,2510.741,2012-07-20 16:48:02,2620.23,59.32,2679.55,108.46,
"2012-07-20",21,2012-07-20 18:00:00,2506.514,2012-07-20 17:18:04,2645.37,83.54,2728.91,74.65,
"2012-07-20",22,2012-07-20 18:30:00,2530.372,2012-07-20 17:48:11,2613.81,102.71,2716.52,59.13,
"2012-07-20",23,2012-07-20 19:00:00,2582.752,2012-07-20 18:18:14,2504.18,131.04,2635.22,58.56,
"2012-07-20",24,2012-07-20 19:30:00,2595.177,2012-07-20 18:48:09,2478.29,134.99,2613.28,55.45,
"2012-07-20",25,2012-07-20 20:00:00,2541.849,2012-07-20 19:18:16,2398.93,147.13,2546.06,52.57,
"2012-07-20",26,2012-07-20 20:30:00,2466.282,2012-07-20 19:48:18,2332.34,151.62,2483.96,50.05,
"2012-07-20",27,2012-07-20 21:00:00,2431.561,2012-07-20 20:18:17,2243.39,156.71,2400.1,46.24,
"2012-07-20",28,2012-07-20 21:30:00,2315.02,2012-07-20 20:48:12,2119.8,160.81,2280.61,43.15,
"2012-07-20",29,2012-07-20 22:00:00,2172.542,2012-07-20 21:18:25,1998.9,156.33,2155.23,42.18,
"2012-07-20",30,2012-07-20 22:30:00,2073.572,2012-07-20 21:48:23,1889.48,163.09,2052.57,37.14,
"2012-07-20",31,2012-07-20 23:00:00,1992.06,2012-07-20 22:18:26,1745.52,165.39,1910.91,29.17,
"2012-07-20",32,2012-07-20 23:30:00,1839.067,2012-07-20 22:48:30,1661.91,164.11,1826.02,20.79,
"2012-07-20",33,2012-07-21 00:00:00,1797.036,2012-07-20 23:18:20,1584.34,146.88,1731.22,13.71,
"2012-07-20",34,2012-07-21 00:30:00,1740.435,2012-07-20 23:18:20,1540.03,144.24,1684.27,6.52,
"2012-07-20",35,2012-07-21 01:00:00,1703.523,2012-07-20 23:18:20,1505.44,145.27,1650.71,6.43,
"2012-07-20",36,2012-07-21 01:30:00,1653.047,2012-07-21 00:48:36,1479.68,144.85,1624.53,6.55,
"2012-07-20",37,2012-07-21 02:00:00,1604.604,2012-07-21 01:18:42,1456.2,145.43,1601.63,39.38,
"2012-07-20",38,2012-07-21 02:30:00,1609.32,2012-07-21 01:48:38,1453.05,145.88,1598.93,39.4,
"2012-07-20",39,2012-07-21 03:00:00,1596.592,2012-07-21 02:13:40,1420.47,147.42,1567.89,38.9,
"2012-07-20",40,2012-07-21 03:30:00,1581.048,2012-07-21 02:48:50,1438.58,143.91,1582.49,39.42,
"2012-07-20",41,2012-07-21 04:00:00,1604.422,2012-07-21 03:18:53,1455.82,144.06,1599.88,39.45,
"2012-07-20",42,2012-07-21 04:30:00,1613.812,2012-07-21 03:48:57,1474.42,148.3,1622.72,39.53,
"2012-07-20",43,2012-07-21 05:00:00,1646.049,2012-07-21 04:18:49,1500.03,164.46,1664.49,39.56,
"2012-07-20",44,2012-07-21 05:30:00,1697.625,2012-07-21 04:48:56,1559.77,164.2,1723.97,39.49,
"2012-07-20",45,2012-07-21 06:00:00,1790.327,2012-07-21 05:18:52,1626.73,167.8,1794.53,39.34,
"2012-07-20",46,2012-07-21 06:30:00,1878.347,2012-07-21 05:49:11,1714.57,160.6,1875.17,39.01,
"2012-07-20",47,2012-07-21 07:00:00,1981.924,2012-07-21 06:19:05,1834.82,160.44,1995.26,38.71,
"2012-07-20",48,2012-07-21 07:30:00,2073.082,2012-07-21 06:49:16,1957.7,160.36,2118.06,38.66,
"2012-07-21",1,2012-07-21 08:00:00,2185.716,2012-07-21 07:19:01,2018.71,155.24,2173.95,38.48,
"2012-07-21",2,2012-07-21 08:30:00,2157.428,2012-07-21 07:49:05,2021.68,144.92,2166.6,38.62,
"2012-07-21",3,2012-07-21 09:00:00,2177.178,2012-07-21 08:19:19,2015.81,143.85,2159.66,38.8,
"2012-07-21",4,2012-07-21 09:30:00,2128.052,2012-07-21 08:49:23,1948.94,133.51,2082.45,38.99,
"2012-07-21",5,2012-07-21 10:00:00,2075.99,2012-07-21 09:19:16,1883.51,132.81,2016.32,39.14,
"2012-07-21",6,2012-07-21 10:30:00,2047.722,2012-07-21 09:49:25,1832.84,122.63,1955.47,39.2,
"2012-07-21",7,2012-07-21 11:00:00,1971.401,2012-07-21 10:19:29,1795.97,107.59,1903.56,39.23,
"2012-07-21",8,2012-07-21 11:30:00,1949.981,2012-07-21 10:49:25,1736.84,111.42,1848.26,39.24,
"2012-07-21",9,2012-07-21 12:00:00,1880.085,2012-07-21 11:19:34,1740.26,93.29,1833.55,39.25,
"2012-07-21",10,2012-07-21 12:30:00,1839.121,2012-07-21 11:49:39,1724.96,76.73,1801.69,39.26,
"2012-07-21",11,2012-07-21 13:00:00,1800.072,2012-07-21 12:19:39,1703.08,77.04,1780.12,39.26,
"2012-07-21",12,2012-07-21 13:30:00,1785.176,2012-07-21 12:49:37,1713.03,55.8,1768.83,39.29,
"2012-07-21",13,2012-07-21 14:00:00,1788.626,2012-07-21 13:19:41,1733.26,29.9,1763.16,39.31,
"2012-07-21",14,2012-07-21 14:30:00,1786.363,2012-07-21 13:49:51,1724.29,31.37,1755.66,39.31,
"2012-07-21",15,2012-07-21 15:00:00,1810.206,2012-07-21 14:19:46,1773.92,19.07,1792.99,39.58,
"2012-07-21",16,2012-07-21 15:30:00,1865.448,2012-07-21 14:49:50,1831.57,22.98,1854.55,39.54,
"2012-07-21",17,2012-07-21 16:00:00,1960.611,2012-07-21 15:19:44,1890.21,14.85,1905.06,50.69,
"2012-07-21",18,2012-07-21 16:30:00,2084.066,2012-07-21 15:49:54,2026.5,17.05,2043.55,45.5,
"2012-07-21",19,2012-07-21 17:00:00,2161.202,2012-07-21 16:19:57,2173.28,24.27,2197.55,50.69,
"2012-07-21",20,2012-07-21 17:30:00,2315.174,2012-07-21 16:49:56,2360.92,46.45,2407.37,92.9,
"2012-07-21",21,2012-07-21 18:00:00,2316.778,2012-07-21 17:19:52,2356.52,88.62,2445.14,67.47,
"2012-07-21",22,2012-07-21 18:30:00,2314.172,2012-07-21 17:50:07,2327.09,86.28,2413.37,63.82,
"2012-07-21",23,2012-07-21 19:00:00,2302.65,2012-07-21 18:19:57,2245.84,83.55,2329.39,66.81,
"2012-07-21",24,2012-07-21 19:30:00,2304.603,2012-07-21 18:50:08,2174.64,103.91,2278.55,59.79,
"2012-07-21",25,2012-07-21 20:00:00,2251.688,2012-07-21 19:20:09,2130.01,99.55,2229.56,45.24,
"2012-07-21",26,2012-07-21 20:30:00,2192.097,2012-07-21 19:50:14,2085.08,88.61,2173.69,45.58,
"2012-07-21",27,2012-07-21 21:00:00,2101.052,2012-07-21 20:20:22,2034.67,75.18,2109.85,46.32,
"2012-07-21",28,2012-07-21 21:30:00,2036.844,2012-07-21 20:50:19,1968.28,67.47,2035.75,38.86,
"2012-07-21",29,2012-07-21 22:00:00,1982.271,2012-07-21 21:20:22,1861.42,70.59,1932.01,37.93,
"2012-07-21",30,2012-07-21 22:30:00,1901.935,2012-07-21 21:50:25,1751.63,83.61,1835.24,38.98,
"2012-07-21",31,2012-07-21 23:00:00,1817.773,2012-07-21 22:20:23,1681.76,76.48,1758.24,55.06,
"2012-07-21",32,2012-07-21 23:30:00,1735.694,2012-07-21 22:50:23,1598.14,86.34,1684.48,22.41,
"2012-07-21",33,2012-07-22 00:00:00,1665.196,2012-07-21 23:20:24,1527.03,97.64,1624.67,14.04,
"2012-07-21",34,2012-07-22 00:30:00,1612.597,2012-07-21 23:20:24,1495.7,84.52,1580.22,55.51,
"2012-07-21",35,2012-07-22 01:00:00,1570.77,2012-07-21 23:20:24,1438.23,94.71,1532.94,55.57,
"2012-07-21",36,2012-07-22 01:30:00,1518.555,2012-07-22 00:45:39,1424.8,101.76,1526.56,55.62,
"2012-07-21",37,2012-07-22 02:00:00,1500.707,2012-07-22 01:15:45,1414.58,98.57,1513.15,55.93,
"2012-07-21",38,2012-07-22 02:30:00,1483.275,2012-07-22 01:45:46,1389.54,102.14,1491.68,56.3,
"2012-07-21",39,2012-07-22 03:00:00,1487.188,2012-07-22 02:15:43,1370.85,96.8,1467.65,56.62,
"2012-07-21",40,2012-07-22 03:30:00,1480.178,2012-07-22 02:45:51,1382.18,95.95,1478.13,56.74,
"2012-07-21",41,2012-07-22 04:00:00,1490.655,2012-07-22 03:20:40,1406.88,83.32,1490.2,56.57,
"2012-07-21",42,2012-07-22 04:30:00,1506.961,2012-07-22 03:45:42,1415.45,90.27,1505.72,56.34,
"2012-07-21",43,2012-07-22 05:00:00,1521.251,2012-07-22 04:15:44,1410.79,103.81,1514.6,55.96,
"2012-07-21",44,2012-07-22 05:30:00,1536.884,2012-07-22 04:45:51,1436.36,106.46,1542.82,55.65,
"2012-07-21",45,2012-07-22 06:00:00,1581.809,2012-07-22 05:15:49,1454.44,124.57,1579.01,39.38,
"2012-07-21",46,2012-07-22 06:30:00,1631.282,2012-07-22 05:45:53,1520.74,113.68,1634.42,39.22,
"2012-07-21",47,2012-07-22 07:00:00,1688.883,2012-07-22 06:16:14,1550.79,113.96,1664.75,39.2,
"2012-07-21",48,2012-07-22 07:30:00,1741.02,2012-07-22 06:46:09,1616.77,112.3,1729.07,39.17,
"2012-07-22",1,2012-07-22 08:00:00,1822.04,2012-07-22 07:16:02,1706.73,101.58,1808.31,39.16,
"2012-07-22",2,2012-07-22 08:30:00,1812.255,2012-07-22 07:46:11,1761.48,78.94,1840.42,39.17,
"2012-07-22",3,2012-07-22 09:00:00,1820.878,2012-07-22 08:16:06,1792.56,59.34,1851.9,45.51,
"2012-07-22",4,2012-07-22 09:30:00,1818.606,2012-07-22 08:46:10,1789.86,31.61,1821.47,55.97,
"2012-07-22",5,2012-07-22 10:00:00,1757.789,2012-07-22 09:16:24,1839.98,37.75,1877.73,61.39,
"2012-07-22",6,2012-07-22 10:30:00,1777.67,2012-07-22 09:46:20,1838.54,39.39,1877.93,62.66,
"2012-07-22",7,2012-07-22 11:00:00,1756.045,2012-07-22 10:16:28,1750.26,36.12,1786.38,62.14,
"2012-07-22",8,2012-07-22 11:30:00,1721.874,2012-07-22 10:46:32,1761.45,21.05,1782.5,62.18,
"2012-07-22",9,2012-07-22 12:00:00,1740.675,2012-07-22 11:16:22,1742.36,21.91,1764.27,62.34,
"2012-07-22",10,2012-07-22 12:30:00,1733.294,2012-07-22 11:46:26,1730.24,23.54,1753.78,62.61,
"2012-07-22",11,2012-07-22 13:00:00,1714.335,2012-07-22 12:16:39,1703.47,28.39,1731.86,62.85,
"2012-07-22",12,2012-07-22 13:30:00,1733.722,2012-07-22 12:41:53,1702.77,21.48,1724.25,63.3,
"2012-07-22",13,2012-07-22 14:00:00,1724.182,2012-07-22 13:16:33,1672.87,33.43,1706.3,63.58,
"2012-07-22",14,2012-07-22 14:30:00,1735.158,2012-07-22 13:46:36,1694.27,27.37,1721.64,63.86,
"2012-07-22",15,2012-07-22 15:00:00,1725.953,2012-07-22 14:11:45,1712.81,23.91,1736.72,63.32,
"2012-07-22",16,2012-07-22 15:30:00,1812.976,2012-07-22 14:46:43,1767.25,12.4,1779.65,62.89,
"2012-07-22",17,2012-07-22 16:00:00,1892.337,2012-07-22 15:16:55,1815.28,23.92,1839.2,56.95,
"2012-07-22",18,2012-07-22 16:30:00,1953.821,2012-07-22 15:46:53,1921.63,36.93,1958.56,63.64,
"2012-07-22",19,2012-07-22 17:00:00,2100.621,2012-07-22 16:17:01,2082.13,24.62,2106.75,77.39,
"2012-07-22",20,2012-07-22 17:30:00,2244.458,2012-07-22 16:47:01,2305.76,39.39,2345.15,90.97,
"2012-07-22",21,2012-07-22 18:00:00,2271.494,2012-07-22 17:17:06,2355.87,22.57,2378.44,104.46,
"2012-07-22",22,2012-07-22 18:30:00,2236.822,2012-07-22 17:46:52,2325.04,29.51,2354.55,110.54,
"2012-07-22",23,2012-07-22 19:00:00,2250.108,2012-07-22 18:17:01,2281.54,22.2,2303.74,82.2,
"2012-07-22",24,2012-07-22 19:30:00,2236.289,2012-07-22 18:47:10,2243.9,18.48,2262.38,83.19,
"2012-07-22",25,2012-07-22 20:00:00,2199.356,2012-07-22 19:17:11,2184.88,19.06,2203.94,72.76,
"2012-07-22",26,2012-07-22 20:30:00,2120.658,2012-07-22 19:47:07,2119.22,17.34,2136.56,61.78,
"2012-07-22",27,2012-07-22 21:00:00,2024.627,2012-07-22 20:17:08,2039.9,14.85,2054.75,61.79,
"2012-07-22",28,2012-07-22 21:30:00,1921.206,2012-07-22 20:47:06,1954.81,9.88,1964.69,58.24,
"2012-07-22",29,2012-07-22 22:00:00,1815.95,2012-07-22 21:17:23,1846.8,13.71,1860.51,39,
"2012-07-22",30,2012-07-22 22:30:00,1744.524,2012-07-22 21:47:13,1749.23,9.3,1758.53,56.95,
"2012-07-22",31,2012-07-22 23:00:00,1675.561,2012-07-22 22:17:14,1658.33,9.4,1667.73,59.51,
"2012-07-22",32,2012-07-22 23:30:00,1600.366,2012-07-22 22:47:18,1585.51,12.48,1597.99,59.17,
"2012-07-22",33,2012-07-23 00:00:00,1578.587,2012-07-22 23:17:23,1495.07,20.73,1515.8,55.68,
"2012-07-22",34,2012-07-23 00:30:00,1542.5,2012-07-22 23:17:24,1481.1,12.88,1493.98,59,
"2012-07-22",35,2012-07-23 01:00:00,1518.868,2012-07-22 23:17:24,1448.23,18.68,1466.91,59.33,
"2012-07-22",36,2012-07-23 01:30:00,1441.764,2012-07-23 00:47:43,1446.73,18.93,1465.66,59.51,
"2012-07-22",37,2012-07-23 02:00:00,1433.295,2012-07-23 01:17:43,1449.05,19.32,1468.37,56.95,
"2012-07-22",38,2012-07-23 02:30:00,1439.15,2012-07-23 01:47:37,1450.71,9.18,1459.89,57.21,
"2012-07-22",39,2012-07-23 03:00:00,1438.296,2012-07-23 02:17:37,1439.15,9.3,1448.45,57.25,
"2012-07-22",40,2012-07-23 03:30:00,1437.574,2012-07-23 02:47:40,1466.17,9.36,1475.53,56.86,
"2012-07-22",41,2012-07-23 04:00:00,1469.509,2012-07-23 03:17:43,1487.94,9.37,1497.31,56.36,
"2012-07-22",42,2012-07-23 04:30:00,1529.383,2012-07-23 03:47:45,1523.58,11.37,1534.95,55.89,
"2012-07-22",43,2012-07-23 05:00:00,1656.597,2012-07-23 04:17:57,1590.25,23.69,1613.94,58.7,
"2012-07-22",44,2012-07-23 05:30:00,1779.564,2012-07-23 04:47:49,1706.98,12.76,1719.74,67.66,
"2012-07-22",45,2012-07-23 06:00:00,1944.047,2012-07-23 05:17:58,2004,9.45,2013.45,74.52,
"2012-07-22",46,2012-07-23 06:30:00,2128.717,2012-07-23 05:47:59,2135.96,9.58,2145.54,77.65,
"2012-07-22",47,2012-07-23 07:00:00,2269.958,2012-07-23 06:18:07,2286.82,10.1,2296.92,88.97,
"2012-07-22",48,2012-07-23 07:30:00,2330.754,2012-07-23 06:48:07,2332.86,9.98,2342.84,92.68,
"2012-07-23",1,2012-07-23 08:00:00,2378.93,2012-07-23 07:18:02,2402.63,14.14,2416.77,81.7,
"2012-07-23",2,2012-07-23 08:30:00,2287.386,2012-07-23 07:48:12,2439.03,13.61,2452.64,96.22,
"2012-07-23",3,2012-07-23 09:00:00,2336.436,2012-07-23 08:18:08,2412.01,13.76,2425.77,78.99,
"2012-07-23",4,2012-07-23 09:30:00,2377.323,2012-07-23 08:48:07,2286.51,13.95,2300.46,61.8,
"2012-07-23",5,2012-07-23 10:00:00,2348.007,2012-07-23 09:18:12,2247.93,17.22,2265.15,60.64,
"2012-07-23",6,2012-07-23 10:30:00,2216.77,2012-07-23 09:48:14,2236.39,17.46,2253.85,61.11,
"2012-07-23",7,2012-07-23 11:00:00,2170.423,2012-07-23 10:18:14,2240.39,14.19,2254.58,63.35,
"2012-07-23",8,2012-07-23 11:30:00,2233.456,2012-07-23 10:48:34,2222.54,14.4,2236.94,63.36,
"2012-07-23",9,2012-07-23 12:00:00,2213.842,2012-07-23 11:18:35,2185.73,19.74,2205.47,63.38,
"2012-07-23",10,2012-07-23 12:30:00,2218.153,2012-07-23 11:48:39,2171.89,19.36,2191.25,62.81,
"2012-07-23",11,2012-07-23 13:00:00,2211.491,2012-07-23 12:18:38,2155.78,20.47,2176.25,66.44,
"2012-07-23",12,2012-07-23 13:30:00,2193.292,2012-07-23 12:48:55,2134.68,37.23,2171.91,65.45,
"2012-07-23",13,2012-07-23 14:00:00,2184.531,2012-07-23 13:18:46,2145.96,30.08,2176.04,56.93,
"2012-07-23",14,2012-07-23 14:30:00,2166.136,2012-07-23 13:48:59,2149.84,29.82,2179.66,51.52,
"2012-07-23",15,2012-07-23 15:00:00,2204.802,2012-07-23 14:19:20,2208.53,26.99,2235.52,65.45,
"2012-07-23",16,2012-07-23 15:30:00,2211.155,2012-07-23 14:49:04,2248.97,21.77,2270.74,56.93,
"2012-07-23",17,2012-07-23 16:00:00,2277.659,2012-07-23 15:19:25,2323.06,27.52,2350.58,54.64,
"2012-07-23",18,2012-07-23 16:30:00,2408.986,2012-07-23 15:49:14,2434.18,19.33,2453.51,66.8,
"2012-07-23",19,2012-07-23 17:00:00,2516.662,2012-07-23 16:19:25,2591.87,15.74,2607.61,77.78,
"2012-07-23",20,2012-07-23 17:30:00,2644.974,2012-07-23 16:49:47,2759.24,15.61,2774.85,96.29,
"2012-07-23",21,2012-07-23 18:00:00,2652.49,2012-07-23 17:19:38,2777.53,15.39,2792.92,92.63,
"2012-07-23",22,2012-07-23 18:30:00,2631.697,2012-07-23 17:49:52,2744.33,15.06,2759.39,85.14,
"2012-07-23",23,2012-07-23 19:00:00,2622.575,2012-07-23 18:19:38,2664.54,15.19,2679.73,88.84,
"2012-07-23",24,2012-07-23 19:30:00,2595.911,2012-07-23 18:50:03,2606.3,23.37,2629.67,92.52,
"2012-07-23",25,2012-07-23 20:00:00,2523.448,2012-07-23 19:20:09,2450.39,73.07,2523.46,81.74,
"2012-07-23",26,2012-07-23 20:30:00,2430.667,2012-07-23 19:50:08,2391.09,61.61,2452.7,72.89,
"2012-07-23",27,2012-07-23 21:00:00,2321.773,2012-07-23 20:19:54,2247.26,60.81,2308.07,62.11,
"2012-07-23",28,2012-07-23 21:30:00,2199.52,2012-07-23 20:50:21,2102.96,57.33,2160.29,50.05,
"2012-07-23",29,2012-07-23 22:00:00,2045.865,2012-07-23 21:20:16,1941.37,70.03,2011.4,43.23,
"2012-07-23",30,2012-07-23 22:30:00,1908.481,2012-07-23 21:50:22,1789.86,77.3,1867.16,40.85,
"2012-07-23",31,2012-07-23 23:00:00,1834.544,2012-07-23 22:20:24,1684.66,75.81,1760.47,57.84,
"2012-07-23",32,2012-07-23 23:30:00,1734.51,2012-07-23 22:50:42,1613.43,76.13,1689.56,59.43,
"2012-07-23",33,2012-07-24 00:00:00,1683.96,2012-07-23 23:20:33,1584.18,68.82,1653,61.16,
"2012-07-23",34,2012-07-24 00:30:00,1633.482,2012-07-23 23:20:33,1549.92,66.72,1616.64,61.16,
"2012-07-23",35,2012-07-24 01:00:00,1601.151,2012-07-23 23:20:33,1450.72,124.15,1574.87,61.5,
"2012-07-23",36,2012-07-24 01:30:00,1563.066,2012-07-24 00:51:03,1436.59,129.98,1566.57,61.44,
"2012-07-23",37,2012-07-24 02:00:00,1556.601,2012-07-24 01:21:00,1430.18,127.27,1557.45,58.45,
"2012-07-23",38,2012-07-24 02:30:00,1561.29,2012-07-24 01:51:07,1418.37,126.98,1545.35,58.42,
"2012-07-23",39,2012-07-24 03:00:00,1548.111,2012-07-24 02:21:08,1422.5,141.09,1563.59,58.3,
"2012-07-23",40,2012-07-24 03:30:00,1555.336,2012-07-24 02:51:17,1415.26,142.48,1557.74,57.89,
"2012-07-23",41,2012-07-24 04:00:00,1578.225,2012-07-24 03:21:04,1451.85,141.68,1593.53,57.85,
"2012-07-23",42,2012-07-24 04:30:00,1630.224,2012-07-24 03:51:25,1497.81,134.34,1632.15,57.58,
"2012-07-23",43,2012-07-24 05:00:00,1740.356,2012-07-24 04:21:41,1619.61,127.9,1747.51,57.64,
"2012-07-23",44,2012-07-24 05:30:00,1871.687,2012-07-24 04:51:19,1765.63,131.69,1897.32,82.2,
"2012-07-23",45,2012-07-24 06:00:00,2076.887,2012-07-24 05:21:42,2016.26,130.36,2146.62,83.19,
"2012-07-23",46,2012-07-24 06:30:00,2278.712,2012-07-24 05:51:58,2238.38,136.8,2375.18,82.2,
"2012-07-23",47,2012-07-24 07:00:00,2344.598,2012-07-24 06:22:12,2426.86,123.58,2550.44,322.5,
"2012-07-23",48,2012-07-24 07:30:00,2447.599,2012-07-24 06:51:56,2427.74,131.35,2559.09,143.18,
"2012-07-24",1,2012-07-24 08:00:00,2579.831,2012-07-24 07:22:01,2384.35,120,2504.35,87.98,
"2012-07-24",2,2012-07-24 08:30:00,2517.549,2012-07-24 07:52:09,2341.65,125.01,2466.66,66.81,
"2012-07-24",3,2012-07-24 09:00:00,2424.886,2012-07-24 08:22:11,2305.05,114.61,2419.66,66.81,
"2012-07-24",4,2012-07-24 09:30:00,2372.799,2012-07-24 08:52:12,2267.58,108.13,2375.71,60.52,
"2012-07-24",5,2012-07-24 10:00:00,2300.589,2012-07-24 09:22:18,2211.65,104.67,2316.32,47.73,
"2012-07-24",6,2012-07-24 10:30:00,2263.421,2012-07-24 09:52:25,2152.58,101.31,2253.89,47.2,
"2012-07-24",7,2012-07-24 11:00:00,2210.711,2012-07-24 10:17:26,2111.65,109.76,2221.41,50.17,
"2012-07-24",8,2012-07-24 11:30:00,2184.856,2012-07-24 10:52:32,2112.73,95.06,2207.79,56.01,
"2012-07-24",9,2012-07-24 12:00:00,2159.238,2012-07-24 11:22:24,2082.17,85.59,2167.76,47.68,
"2012-07-24",10,2012-07-24 12:30:00,2152.632,2012-07-24 11:47:51,2077.96,71.88,2149.84,50.17,
"2012-07-24",11,2012-07-24 13:00:00,2134.699,2012-07-24 12:17:50,2066.74,74.49,2141.23,47.71,
"2012-07-24",12,2012-07-24 13:30:00,2117.877,2012-07-24 12:47:53,2109.33,61.24,2170.57,60.92,
"2012-07-24",13,2012-07-24 14:00:00,2122.278,2012-07-24 13:18:01,2083.02,68.21,2151.23,48.14,
"2012-07-24",14,2012-07-24 14:30:00,2160.25,2012-07-24 13:48:16,2103.34,76.18,2179.52,61.48,
"2012-07-24",15,2012-07-24 15:00:00,2169.517,2012-07-24 14:18:08,2151.13,60.45,2211.58,61.63,
"2012-07-24",16,2012-07-24 15:30:00,2203.532,2012-07-24 14:48:13,2227.35,46.24,2273.59,100.05,
"2012-07-24",17,2012-07-24 16:00:00,2239.791,2012-07-24 15:18:04,2289.95,49.04,2338.99,66.81,
"2012-07-24",18,2012-07-24 16:30:00,2389.619,2012-07-24 15:48:08,2408.43,56.64,2465.07,72.08,
"2012-07-24",19,2012-07-24 17:00:00,2562.512,2012-07-24 16:18:41,2642.66,49.55,2692.21,322.5,
"2012-07-24",20,2012-07-24 17:30:00,2722.24,2012-07-24 16:48:20,2892.32,50.73,2943.05,322.5,
"2012-07-24",21,2012-07-24 18:00:00,2788.842,2012-07-24 17:18:26,2988.47,51.38,3039.85,164.79,
"2012-07-24",22,2012-07-24 18:30:00,2808.197,2012-07-24 17:48:34,2931.63,91.84,3023.47,95.04,
"2012-07-24",23,2012-07-24 19:00:00,2851.814,2012-07-24 18:19:03,2832.92,132.8,2965.72,95.29,
"2012-07-24",24,2012-07-24 19:30:00,2870.638,2012-07-24 18:49:04,2775.41,127.81,2903.22,93.17,
"2012-07-24",25,2012-07-24 20:00:00,2807.458,2012-07-24 19:19:04,2707.73,133.51,2841.24,116.18,
"2012-07-24",26,2012-07-24 20:30:00,2754.645,2012-07-24 19:49:17,2600.97,127.38,2728.35,78.28,
"2012-07-24",27,2012-07-24 21:00:00,2628.938,2012-07-24 20:19:10,2467.46,113.97,2581.43,68.27,
"2012-07-24",28,2012-07-24 21:30:00,2473.43,2012-07-24 20:49:13,2259.4,130.51,2389.91,57.87,
"2012-07-24",29,2012-07-24 22:00:00,2306.487,2012-07-24 21:19:32,2073.65,128.11,2201.76,48.16,
"2012-07-24",30,2012-07-24 22:30:00,2153.296,2012-07-24 21:49:19,1913.55,129.13,2042.68,43.89,
"2012-07-24",31,2012-07-24 23:00:00,2003.798,2012-07-24 22:19:17,1753.73,136.28,1890.01,41.88,
"2012-07-24",32,2012-07-24 23:30:00,1896.502,2012-07-24 22:49:20,1665.43,134.24,1799.67,39.57,
"2012-07-24",33,2012-07-25 00:00:00,1801.694,2012-07-24 23:19:24,1606.02,130.78,1736.8,39.77,
"2012-07-24",34,2012-07-25 00:30:00,1754.091,2012-07-24 23:19:24,1569.71,125.82,1695.53,58.17,
"2012-07-24",35,2012-07-25 01:00:00,1722.699,2012-07-24 23:19:24,1534.52,124.84,1659.36,58.27,
"2012-07-24",36,2012-07-25 01:30:00,1666.076,2012-07-25 00:50:04,1534.97,134.09,1669.06,58.21,
"2012-07-24",37,2012-07-25 02:00:00,1642.917,2012-07-25 01:20:09,1522.94,114.92,1637.86,57.55,
"2012-07-24",38,2012-07-25 02:30:00,1617.404,2012-07-25 01:49:54,1538.54,116.94,1655.48,57.56,
"2012-07-24",39,2012-07-25 03:00:00,1634.086,2012-07-25 02:20:09,1551.84,113.77,1665.61,57.4,
"2012-07-24",40,2012-07-25 03:30:00,1654.695,2012-07-25 02:50:11,1572.66,107.21,1679.87,57.27,
"2012-07-24",41,2012-07-25 04:00:00,1676.439,2012-07-25 03:20:09,1593.67,109.78,1703.45,57.16,
"2012-07-24",42,2012-07-25 04:30:00,1735.354,2012-07-25 03:50:26,1649.62,115.62,1765.24,57.16,
"2012-07-24",43,2012-07-25 05:00:00,1829.897,2012-07-25 04:20:40,1756.19,115.97,1872.16,64.04,
"2012-07-24",44,2012-07-25 05:30:00,1997.91,2012-07-25 04:50:46,1950.73,107.98,2058.71,70.92,
"2012-07-24",45,2012-07-25 06:00:00,2208.38,2012-07-25 05:20:40,2209.49,109.47,2318.96,83.19,
"2012-07-24",46,2012-07-25 06:30:00,2416.026,2012-07-25 05:50:41,2453.3,110.97,2564.27,123.28,
"2012-07-24",47,2012-07-25 07:00:00,2614.259,2012-07-25 06:20:38,2667.13,110.24,2777.37,322.5,
"2012-07-24",48,2012-07-25 07:30:00,2603.52,2012-07-25 06:50:48,2696.09,104.15,2800.24,185.37,
"2012-07-25",1,2012-07-25 08:00:00,2758.838,2012-07-25 07:21:04,2641.26,100.42,2741.68,70.5,
"2012-07-25",2,2012-07-25 08:30:00,2701.806,2012-07-25 07:51:20,2607.72,86.88,2694.6,70.91,
"2012-07-25",3,2012-07-25 09:00:00,2652.067,2012-07-25 08:20:58,2522.83,60.63,2583.46,66.81,
"2012-07-25",4,2012-07-25 09:30:00,2546.645,2012-07-25 08:51:26,2473.38,59.16,2532.54,66.81,
"2012-07-25",5,2012-07-25 10:00:00,2498.96,2012-07-25 09:21:22,2374.8,66.27,2441.07,57.23,
"2012-07-25",6,2012-07-25 10:30:00,2470.508,2012-07-25 09:51:18,2341.36,59.6,2400.96,66.81,
"2012-07-25",7,2012-07-25 11:00:00,2383.854,2012-07-25 10:21:44,2327.21,51.4,2378.61,78.2,
"2012-07-25",8,2012-07-25 11:30:00,2365.221,2012-07-25 10:51:19,2304.54,44.7,2349.24,78.5,
"2012-07-25",9,2012-07-25 12:00:00,2345.952,2012-07-25 11:21:34,2316.5,39.46,2355.96,82.05,
"2012-07-25",10,2012-07-25 12:30:00,2301.142,2012-07-25 11:52:28,2316.46,45.74,2362.2,83,
"2012-07-25",11,2012-07-25 13:00:00,2256.145,2012-07-25 12:21:44,2297.41,50.43,2347.84,82.12,
"2012-07-25",12,2012-07-25 13:30:00,2288.884,2012-07-25 12:51:59,2293.35,55.03,2348.38,83.1,
"2012-07-25",13,2012-07-25 14:00:00,2353.394,2012-07-25 13:21:56,2288.85,50.71,2339.56,80.12,
"2012-07-25",14,2012-07-25 14:30:00,2346.748,2012-07-25 13:51:56,2313.69,63,2376.69,78.5,
"2012-07-25",15,2012-07-25 15:00:00,2363.141,2012-07-25 14:21:56,2307.92,61.06,2368.98,78.5,
"2012-07-25",16,2012-07-25 15:30:00,2380.072,2012-07-25 14:52:28,2343.79,78.33,2422.12,78.5,
"2012-07-25",17,2012-07-25 16:00:00,2452.336,2012-07-25 15:22:21,2379.25,76.09,2455.34,124.49,
"2012-07-25",18,2012-07-25 16:30:00,2516.486,2012-07-25 15:52:19,2477.92,70.57,2548.49,158.64,
"2012-07-25",19,2012-07-25 17:00:00,2661.834,2012-07-25 16:22:30,2743.95,46.93,2790.88,275.39,
"2012-07-25",20,2012-07-25 17:30:00,2799.262,2012-07-25 16:52:37,2960.02,49.06,3009.08,322.5,
"2012-07-25",21,2012-07-25 18:00:00,2891.307,2012-07-25 17:22:43,3053.99,55.17,3109.16,322.5,
"2012-07-25",22,2012-07-25 18:30:00,2879.941,2012-07-25 17:52:32,3029.47,57.83,3087.3,170.11,
"2012-07-25",23,2012-07-25 19:00:00,2905.664,2012-07-25 18:22:56,2926.16,55.99,2982.15,117.76,
"2012-07-25",24,2012-07-25 19:30:00,2925.642,2012-07-25 18:52:49,2887.63,62.07,2949.7,119.9,
"2012-07-25",25,2012-07-25 20:00:00,2863.591,2012-07-25 19:23:04,2769.44,77.5,2846.94,86.07,
"2012-07-25",26,2012-07-25 20:30:00,2764.587,2012-07-25 19:53:07,2668.54,86.29,2754.83,79.51,
"2012-07-25",27,2012-07-25 21:00:00,2643.251,2012-07-25 20:23:08,2542.63,91.8,2634.43,70.5,
"2012-07-25",28,2012-07-25 21:30:00,2491.695,2012-07-25 20:53:26,2373.23,86.12,2459.35,66.81,
"2012-07-25",29,2012-07-25 22:00:00,2342.707,2012-07-25 21:23:11,2177.72,88.73,2266.45,62.87,
"2012-07-25",30,2012-07-25 22:30:00,2207.439,2012-07-25 21:53:24,1994.6,80.31,2074.91,43.31,
"2012-07-25",31,2012-07-25 23:00:00,2074.172,2012-07-25 22:23:37,1849.71,80.73,1930.44,42.13,
"2012-07-25",32,2012-07-25 23:30:00,1952.943,2012-07-25 22:53:44,1744.06,86.81,1830.87,50.17,
"2012-07-25",33,2012-07-26 00:00:00,1797.503,2012-07-25 23:23:40,1670.79,92.95,1763.74,53.01,
"2012-07-25",34,2012-07-26 00:30:00,1747.98,2012-07-25 23:23:40,1633.95,95.3,1729.25,57.09,
"2012-07-25",35,2012-07-26 01:00:00,1715.208,2012-07-25 23:23:40,1601.64,90.52,1692.16,57.14,
"2012-07-25",36,2012-07-26 01:30:00,1670.085,2012-07-26 00:53:49,1596.9,85.38,1682.28,57.09,
"2012-07-25",37,2012-07-26 02:00:00,1657.623,2012-07-26 01:18:56,1586.13,85.77,1671.9,56.92,
"2012-07-25",38,2012-07-26 02:30:00,1675.362,2012-07-26 01:49:17,1596.62,77.59,1674.21,56.92,
"2012-07-25",39,2012-07-26 03:00:00,1654.937,2012-07-26 02:19:06,1552.58,92.67,1645.25,56.92,
"2012-07-25",40,2012-07-26 03:30:00,1668.85,2012-07-26 02:49:21,1581.56,102.91,1684.47,56.9,
"2012-07-25",41,2012-07-26 04:00:00,1690.108,2012-07-26 03:19:16,1621.92,92.78,1714.7,56.92,
"2012-07-25",42,2012-07-26 04:30:00,1734.686,2012-07-26 03:49:37,1701.85,82.79,1784.64,56.77,
"2012-07-25",43,2012-07-26 05:00:00,1829.473,2012-07-26 04:19:21,1789.45,89.45,1878.9,63.03,
"2012-07-25",44,2012-07-26 05:30:00,1990.203,2012-07-26 04:49:30,1982.46,82.3,2064.76,73.82,
"2012-07-25",45,2012-07-26 06:00:00,2223.317,2012-07-26 05:19:34,2244.74,83.16,2327.9,79.26,
"2012-07-25",46,2012-07-26 06:30:00,2426.254,2012-07-26 05:49:49,2451.51,92.22,2543.73,156.79,
"2012-07-25",47,2012-07-26 07:00:00,2617.554,2012-07-26 06:19:52,2651.16,100.99,2752.15,322.5,
"2012-07-25",48,2012-07-26 07:30:00,2627.808,2012-07-26 06:49:51,2680.71,99.25,2779.96,294.71,
"2012-07-26",1,2012-07-26 08:00:00,2760.609,2012-07-26 07:20:02,2599.65,105.28,2704.93,71.57,
"2012-07-26",2,2012-07-26 08:30:00,2697.528,2012-07-26 07:50:10,2554.04,84.85,2638.89,70.5,
"2012-07-26",3,2012-07-26 09:00:00,2629.385,2012-07-26 08:20:18,2482.57,69.72,2552.29,65.45,
"2012-07-26",4,2012-07-26 09:30:00,2507.095,2012-07-26 08:50:13,2402.07,63.81,2465.88,52.74,
"2012-07-26",5,2012-07-26 10:00:00,2442.537,2012-07-26 09:20:32,2333.66,66.86,2400.52,50.17,
"2012-07-26",6,2012-07-26 10:30:00,2391.785,2012-07-26 09:50:39,2233.81,81.44,2315.25,45.85,
"2012-07-26",7,2012-07-26 11:00:00,2317.91,2012-07-26 10:20:17,2190.58,74.84,2265.42,45.85,
"2012-07-26",8,2012-07-26 11:30:00,2303.455,2012-07-26 10:50:29,2169.86,60.8,2230.66,45.65,
"2012-07-26",9,2012-07-26 12:00:00,2207.062,2012-07-26 11:20:44,2124.95,58.77,2183.72,45.25,
"2012-07-26",10,2012-07-26 12:30:00,2192.512,2012-07-26 11:50:32,2117.67,49.14,2166.81,44.82,
"2012-07-26",11,2012-07-26 13:00:00,2157.356,2012-07-26 12:20:48,2087.21,41.86,2129.07,44.77,
"2012-07-26",12,2012-07-26 13:30:00,2126.776,2012-07-26 12:50:43,2110.75,35.21,2145.96,44.88,
"2012-07-26",13,2012-07-26 14:00:00,2131.664,2012-07-26 13:21:01,2114.88,30.53,2145.41,44.94,
"2012-07-26",14,2012-07-26 14:30:00,2159.842,2012-07-26 13:51:12,2112.33,31.66,2143.99,45.17,
"2012-07-26",15,2012-07-26 15:00:00,2172.517,2012-07-26 14:21:27,2173.41,28.39,2201.8,66.81,
"2012-07-26",16,2012-07-26 15:30:00,2203.363,2012-07-26 14:51:14,2196.38,30.37,2226.75,70.5,
"2012-07-26",17,2012-07-26 16:00:00,2255.633,2012-07-26 15:21:29,2264.34,33.25,2297.59,78.47,
"2012-07-26",18,2012-07-26 16:30:00,2387.629,2012-07-26 15:51:15,2372.31,30.15,2402.46,96.19,
"2012-07-26",19,2012-07-26 17:00:00,2545.535,2012-07-26 16:21:47,2552.47,27.8,2580.27,112.02,
"2012-07-26",20,2012-07-26 17:30:00,2702.434,2012-07-26 16:51:25,2799.6,33.61,2833.21,301.94,
"2012-07-26",21,2012-07-26 18:00:00,2719.395,2012-07-26 17:21:41,2901.07,38.44,2939.51,159.97,
"2012-07-26",22,2012-07-26 18:30:00,2747.251,2012-07-26 17:51:33,2874.28,53.13,2927.41,120.85,
"2012-07-26",23,2012-07-26 19:00:00,2789.046,2012-07-26 18:22:06,2819.29,66.98,2886.27,89.5,
"2012-07-26",24,2012-07-26 19:30:00,2800.888,2012-07-26 18:51:57,2775.66,73.69,2849.35,93.83,
"2012-07-26",25,2012-07-26 20:00:00,2748.249,2012-07-26 19:21:50,2698.04,78.64,2776.68,87.18,
"2012-07-26",26,2012-07-26 20:30:00,2700.608,2012-07-26 19:52:05,2612.42,79.55,2691.97,78.25,
"2012-07-26",27,2012-07-26 21:00:00,2583.112,2012-07-26 20:22:19,2445.37,87.33,2532.7,65.45,
"2012-07-26",28,2012-07-26 21:30:00,2437.068,2012-07-26 20:52:23,2286.56,95.31,2381.87,52.86,
"2012-07-26",29,2012-07-26 22:00:00,2288.938,2012-07-26 21:22:07,2087.2,107.82,2195.02,50.31,
"2012-07-26",30,2012-07-26 22:30:00,2113.131,2012-07-26 21:52:18,1944.2,106.7,2050.9,44.37,
"2012-07-26",31,2012-07-26 23:00:00,2017.167,2012-07-26 22:22:36,1804.54,109.53,1914.07,42.79,
"2012-07-26",32,2012-07-26 23:30:00,1902.483,2012-07-26 22:52:23,1689.86,113.01,1802.87,40.95,
"2012-07-26",33,2012-07-27 00:00:00,1783.252,2012-07-26 23:22:31,1648.1,105.24,1753.34,53.66,
"2012-07-26",34,2012-07-27 00:30:00,1734.031,2012-07-26 23:22:31,1596.9,102.15,1699.05,57.43,
"2012-07-26",35,2012-07-27 01:00:00,1702.623,2012-07-26 23:22:31,1537.41,113.73,1651.14,56.86,
"2012-07-26",36,2012-07-27 01:30:00,1651.391,2012-07-27 00:53:10,1521.51,118.11,1639.62,56.92,
"2012-07-26",37,2012-07-27 02:00:00,1636.316,2012-07-27 01:23:09,1506.25,114.25,1620.5,56.82,
"2012-07-26",38,2012-07-27 02:30:00,1626.894,2012-07-27 01:53:10,1493.48,120.67,1614.15,63.28,
"2012-07-26",39,2012-07-27 03:00:00,1643.314,2012-07-27 02:23:00,1499.72,126.2,1625.92,63.64,
"2012-07-26",40,2012-07-27 03:30:00,1627.893,2012-07-27 02:53:31,1499.5,126.12,1625.62,63.77,
"2012-07-26",41,2012-07-27 04:00:00,1662.224,2012-07-27 03:23:17,1551.78,130.58,1682.36,63.34,
"2012-07-26",42,2012-07-27 04:30:00,1718.351,2012-07-27 03:53:24,1608.4,141.3,1749.7,62.6,
"2012-07-26",43,2012-07-27 05:00:00,1813.696,2012-07-27 04:23:31,1703.49,148.52,1852.01,61.87,
"2012-07-26",44,2012-07-27 05:30:00,1951.772,2012-07-27 04:53:39,1885.21,150.33,2035.54,72.5,
"2012-07-26",45,2012-07-27 06:00:00,2187.02,2012-07-27 05:23:39,2120.74,144.72,2265.46,78.25,
"2012-07-26",46,2012-07-27 06:30:00,2385.971,2012-07-27 05:53:34,2363.84,144.66,2508.5,93.83,
"2012-07-26",47,2012-07-27 07:00:00,2452.673,2012-07-27 06:23:56,2584.54,144.09,2728.63,232.75,
"2012-07-26",48,2012-07-27 07:30:00,2602.439,2012-07-27 06:53:43,2605.75,137.72,2743.47,119.2,
"2012-07-27",1,2012-07-27 08:00:00,2730.446,2012-07-27 07:23:52,2558.18,125.36,2683.54,66.81,
"2012-07-27",2,2012-07-27 08:30:00,2728.416,2012-07-27 07:54:14,2512.31,90.16,2602.47,59.25,
"2012-07-27",3,2012-07-27 09:00:00,2623.198,2012-07-27 08:24:08,2440.48,67.38,2507.86,56.93,
"2012-07-27",4,2012-07-27 09:30:00,2483.256,2012-07-27 08:54:14,2361.43,69.46,2430.89,56.01,
"2012-07-27",5,2012-07-27 10:00:00,2452.153,2012-07-27 09:24:12,2271.43,70.44,2341.87,56.01,
"2012-07-27",6,2012-07-27 10:30:00,2351.222,2012-07-27 09:54:32,2221.56,68.56,2290.12,59.25,
"2012-07-27",7,2012-07-27 11:00:00,2312.248,2012-07-27 10:24:32,2190.26,63.83,2254.09,59.15,
"2012-07-27",8,2012-07-27 11:30:00,2243.592,2012-07-27 10:54:42,2165.88,38.33,2204.21,56.01,
"2012-07-27",9,2012-07-27 12:00:00,2200.593,2012-07-27 11:25:00,2127.27,31.67,2158.94,50.17,
"2012-07-27",10,2012-07-27 12:30:00,2172.088,2012-07-27 11:54:45,2112.56,27.53,2140.09,46.98,
"2012-07-27",11,2012-07-27 13:00:00,2112.885,2012-07-27 12:24:43,2077.24,25.06,2102.3,47.41,
"2012-07-27",12,2012-07-27 13:30:00,2122.998,2012-07-27 12:54:43,2082.07,19.54,2101.61,61.1,
"2012-07-27",13,2012-07-27 14:00:00,2102.069,2012-07-27 13:25:08,2095.97,16.75,2112.72,61.4,
"2012-07-27",14,2012-07-27 14:30:00,2091.238,2012-07-27 13:55:01,2095.21,15.28,2110.49,61.4,
"2012-07-27",15,2012-07-27 15:00:00,2142.997,2012-07-27 14:25:06,2111.85,15.17,2127.02,61.56,
"2012-07-27",16,2012-07-27 15:30:00,2178.154,2012-07-27 14:55:18,2146.05,15.13,2161.18,61.1,
"2012-07-27",17,2012-07-27 16:00:00,2249.646,2012-07-27 15:20:14,2207.26,15.24,2222.5,70.9,
"2012-07-27",18,2012-07-27 16:30:00,2268.262,2012-07-27 15:55:22,2307.08,15.13,2322.21,83.32,
"2012-07-27",19,2012-07-27 17:00:00,2447.068,2012-07-27 16:20:32,2482.76,21.06,2503.82,97.82,
"2012-07-27",20,2012-07-27 17:30:00,2528.663,2012-07-27 16:50:44,2675.81,36.73,2712.54,119.78,
"2012-07-27",21,2012-07-27 18:00:00,2567.541,2012-07-27 17:20:43,2741.19,58.25,2799.44,125.01,
"2012-07-27",22,2012-07-27 18:30:00,2607.498,2012-07-27 17:50:40,2715.24,70.87,2786.11,133.29,
"2012-07-27",23,2012-07-27 19:00:00,2654.814,2012-07-27 18:20:55,2651.66,63.8,2715.46,78.25,
"2012-07-27",24,2012-07-27 19:30:00,2647.658,2012-07-27 18:50:57,2596.84,70.31,2667.15,78.25,
"2012-07-27",25,2012-07-27 20:00:00,2614.16,2012-07-27 19:21:01,2520.25,79.14,2599.39,65.45,
"2012-07-27",26,2012-07-27 20:30:00,2541.745,2012-07-27 19:51:08,2430.23,75.72,2505.95,56.01,
"2012-07-27",27,2012-07-27 21:00:00,2443.279,2012-07-27 20:21:26,2336.57,71.57,2408.14,56.01,
"2012-07-27",28,2012-07-27 21:30:00,2331.697,2012-07-27 20:51:08,2220.22,68.12,2288.34,46.78,
"2012-07-27",29,2012-07-27 22:00:00,2202.736,2012-07-27 21:21:21,2082.14,71.37,2153.51,45.29,
"2012-07-27",30,2012-07-27 22:30:00,2102.51,2012-07-27 21:51:35,1935.31,75.8,2011.11,43.67,
"2012-07-27",31,2012-07-27 23:00:00,2004.813,2012-07-27 22:21:31,1810.41,88.46,1898.87,32.32,
"2012-07-27",32,2012-07-27 23:30:00,1872.726,2012-07-27 22:51:49,1696.94,109.37,1806.31,20.48,
"2012-07-27",33,2012-07-28 00:00:00,1795.75,2012-07-27 23:21:36,1615.04,132.37,1747.41,13.07,
"2012-07-27",34,2012-07-28 00:30:00,1739.016,2012-07-27 23:21:36,1575.52,106.63,1682.15,5.68,
"2012-07-27",35,2012-07-28 01:00:00,1702.146,2012-07-27 23:21:36,1548.29,101.35,1649.64,5.73,
"2012-07-27",36,2012-07-28 01:30:00,1653.671,2012-07-28 00:51:49,1496.76,99.87,1596.63,5.61,
"2012-07-27",37,2012-07-28 02:00:00,1605.715,2012-07-28 01:21:57,1493.19,101.75,1594.94,4.78,
"2012-07-27",38,2012-07-28 02:30:00,1583.477,2012-07-28 01:52:06,1502.3,108.71,1611.01,3.65,
"2012-07-27",39,2012-07-28 03:00:00,1582.818,2012-07-28 02:22:15,1488.71,120.13,1608.84,57.13,
"2012-07-27",40,2012-07-28 03:30:00,1588.79,2012-07-28 02:52:18,1478.11,106.05,1584.16,57.52,
"2012-07-27",41,2012-07-28 04:00:00,1605.796,2012-07-28 03:22:25,1489.4,107.71,1597.11,57.11,
"2012-07-27",42,2012-07-28 04:30:00,1638.272,2012-07-28 03:52:31,1524.66,126.27,1650.93,56.69,
"2012-07-27",43,2012-07-28 05:00:00,1679.712,2012-07-28 04:22:32,1578.09,125.56,1703.65,40.95,
"2012-07-27",44,2012-07-28 05:30:00,1686.215,2012-07-28 04:52:38,1636.83,120.46,1757.29,46.56,
"2012-07-27",45,2012-07-28 06:00:00,1804.947,2012-07-28 05:22:37,1730.24,123.27,1853.51,31.2,
"2012-07-27",46,2012-07-28 06:30:00,1923.74,2012-07-28 05:52:52,1820.37,124.39,1944.76,35.44,
"2012-07-27",47,2012-07-28 07:00:00,2053.869,2012-07-28 06:23:03,1925.12,120.63,2045.75,59.25,
"2012-07-27",48,2012-07-28 07:30:00,2149.499,2012-07-28 06:52:56,2055.01,115.49,2170.5,60.33,
"2012-07-28",1,2012-07-28 08:00:00,2218.594,2012-07-28 07:23:09,2117.76,102.59,2220.35,56.01,
"2012-07-28",2,2012-07-28 08:30:00,2229.097,2012-07-28 07:53:09,2122.42,87.6,2210.02,51.84,
"2012-07-28",3,2012-07-28 09:00:00,2251.166,2012-07-28 08:23:29,2087.24,79.86,2167.1,42.05,
"2012-07-28",4,2012-07-28 09:30:00,2205.52,2012-07-28 08:53:33,2009.97,89.6,2099.57,38.98,
"2012-07-28",5,2012-07-28 10:00:00,2146.152,2012-07-28 09:23:25,1897.66,89.68,1987.34,34.9,
"2012-07-28",6,2012-07-28 10:30:00,2069.656,2012-07-28 09:53:34,1840.84,90.32,1931.16,34.93,
"2012-07-28",7,2012-07-28 11:00:00,1978.826,2012-07-28 10:23:38,1781.04,101.14,1882.18,34.95,
"2012-07-28",8,2012-07-28 11:30:00,1867.099,2012-07-28 10:53:43,1749.4,98.34,1847.74,34.98,
"2012-07-28",9,2012-07-28 12:00:00,1844.301,2012-07-28 11:23:50,1678.35,86.32,1764.67,35.01,
"2012-07-28",10,2012-07-28 12:30:00,1825.279,2012-07-28 11:53:45,1667.35,76.94,1744.29,35.03,
"2012-07-28",11,2012-07-28 13:00:00,1755.057,2012-07-28 12:23:48,1668.25,59.42,1727.67,35.06,
"2012-07-28",12,2012-07-28 13:30:00,1720.337,2012-07-28 12:54:02,1687.39,42.94,1730.33,35.09,
"2012-07-28",13,2012-07-28 14:00:00,1714.548,2012-07-28 13:24:05,1710.12,35.74,1745.86,39.34,
"2012-07-28",14,2012-07-28 14:30:00,1758.944,2012-07-28 13:54:12,1703.53,31.89,1735.42,39.34,
"2012-07-28",15,2012-07-28 15:00:00,1784.755,2012-07-28 14:24:19,1736.91,31.4,1768.31,39.32,
"2012-07-28",16,2012-07-28 15:30:00,1808.112,2012-07-28 14:54:12,1816.11,29.52,1845.63,40.95,
"2012-07-28",17,2012-07-28 16:00:00,1892.521,2012-07-28 15:24:11,1883.24,40.35,1923.59,42.05,
"2012-07-28",18,2012-07-28 16:30:00,2059.894,2012-07-28 15:54:44,2016.68,39.76,2056.44,64.43,
"2012-07-28",19,2012-07-28 17:00:00,2215.333,2012-07-28 16:24:34,2180.89,35.71,2216.6,82.2,
"2012-07-28",20,2012-07-28 17:30:00,2344.509,2012-07-28 16:54:38,2411.29,45.36,2456.65,102.38,
"2012-07-28",21,2012-07-28 18:00:00,2354.692,2012-07-28 17:24:48,2497.74,69.72,2567.46,122.15,
"2012-07-28",22,2012-07-28 18:30:00,2342.844,2012-07-28 17:54:51,2469.18,79.03,2548.21,82.2,
"2012-07-28",23,2012-07-28 19:00:00,2436.296,2012-07-28 18:25:09,2394.94,91.66,2486.6,70.5,
"2012-07-28",24,2012-07-28 19:30:00,2457.544,2012-07-28 18:55:01,2380.86,98.39,2479.25,78.25,
"2012-07-28",25,2012-07-28 20:00:00,2427.297,2012-07-28 19:25:15,2300.75,113.38,2414.13,57.26,
"2012-07-28",26,2012-07-28 20:30:00,2367.94,2012-07-28 19:55:09,2232.4,123.32,2355.72,56.01,
"2012-07-28",27,2012-07-28 21:00:00,2322.316,2012-07-28 20:25:19,2156.24,118.36,2274.6,56.01,
"2012-07-28",28,2012-07-28 21:30:00,2238.524,2012-07-28 20:55:19,2079.2,120.3,2199.5,42.05,
"2012-07-28",29,2012-07-28 22:00:00,2143.115,2012-07-28 21:25:17,1969.96,121.5,2091.46,39.07,
"2012-07-28",30,2012-07-28 22:30:00,2049.71,2012-07-28 21:55:28,1828.83,127.1,1955.93,39.2,
"2012-07-28",31,2012-07-28 23:00:00,1983.993,2012-07-28 22:25:46,1721.12,127.62,1848.74,30.61,
"2012-07-28",32,2012-07-28 23:30:00,1871.229,2012-07-28 22:55:41,1625.1,125.53,1750.63,21.01,
"2012-07-28",33,2012-07-29 00:00:00,1781.528,2012-07-28 23:25:48,1542.5,125.53,1668.03,11.32,
"2012-07-28",34,2012-07-29 00:30:00,1728.827,2012-07-28 23:25:48,1498.9,126.63,1625.53,6.73,
"2012-07-28",35,2012-07-29 01:00:00,1686.794,2012-07-28 23:25:48,1442.56,131.28,1573.84,4.4,
"2012-07-28",36,2012-07-29 01:30:00,1586.549,2012-07-29 00:55:49,1417.25,133.64,1550.89,2.95,
"2012-07-28",37,2012-07-29 02:00:00,1543.732,2012-07-29 01:26:03,1397.95,131.83,1529.78,1.22,
"2012-07-28",38,2012-07-29 02:30:00,1553.49,2012-07-29 01:56:06,1411.52,124.99,1536.51,1.22,
"2012-07-28",39,2012-07-29 03:00:00,1532.456,2012-07-29 02:26:15,1398.3,131.39,1529.69,1.22,
"2012-07-28",40,2012-07-29 03:30:00,1537.972,2012-07-29 02:56:23,1410.88,130.28,1541.16,1.22,
"2012-07-28",41,2012-07-29 04:00:00,1542.911,2012-07-29 03:26:34,1416.17,126.47,1542.64,1.22,
"2012-07-28",42,2012-07-29 04:30:00,1578.942,2012-07-29 03:56:27,1430.42,125.76,1556.18,40.95,
"2012-07-28",43,2012-07-29 05:00:00,1592.11,2012-07-29 04:26:41,1458.4,130.03,1588.43,52.27,
"2012-07-28",44,2012-07-29 05:30:00,1619.054,2012-07-29 04:56:36,1485.57,128.34,1613.91,52.27,
"2012-07-28",45,2012-07-29 06:00:00,1671.919,2012-07-29 05:26:53,1541.09,127.02,1668.11,31.58,
"2012-07-28",46,2012-07-29 06:30:00,1724.417,2012-07-29 05:56:50,1598.53,122.39,1720.92,39.34,
"2012-07-28",47,2012-07-29 07:00:00,1800.449,2012-07-29 06:22:01,1684.79,124.57,1809.36,39.27,
"2012-07-28",48,2012-07-29 07:30:00,1869.349,2012-07-29 06:52:19,1775.53,124.11,1899.64,39.21,
"2012-07-29",1,2012-07-29 08:00:00,1949.226,2012-07-29 07:22:09,1824.8,124.41,1949.21,39.17,
"2012-07-29",2,2012-07-29 08:30:00,1989.994,2012-07-29 07:52:17,1827.07,120.87,1947.94,39.15,
"2012-07-29",3,2012-07-29 09:00:00,1990.06,2012-07-29 08:22:25,1849.21,102.82,1952.03,39.16,
"2012-07-29",4,2012-07-29 09:30:00,1995.1,2012-07-29 08:52:27,1863.52,113.77,1977.29,40.25,
"2012-07-29",5,2012-07-29 10:00:00,1943.446,2012-07-29 09:22:16,1787.28,119.78,1907.06,39.23,
"2012-07-29",6,2012-07-29 10:30:00,1965.288,2012-07-29 09:52:28,1742.85,116.92,1859.77,39.27,
"2012-07-29",7,2012-07-29 11:00:00,1911.651,2012-07-29 10:22:54,1738.7,113.45,1852.15,39.3,
"2012-07-29",8,2012-07-29 11:30:00,1847.742,2012-07-29 10:53:01,1693.15,107.48,1800.63,39.32,
"2012-07-29",9,2012-07-29 12:00:00,1855.668,2012-07-29 11:22:38,1679.57,98.06,1777.63,39.33,
"2012-07-29",10,2012-07-29 12:30:00,1810.091,2012-07-29 11:53:07,1645.29,89.71,1735,39.33,
"2012-07-29",11,2012-07-29 13:00:00,1786.015,2012-07-29 12:22:47,1610.06,90.32,1700.38,39.33,
"2012-07-29",12,2012-07-29 13:30:00,1762.589,2012-07-29 12:53:11,1605.12,73.16,1678.28,39.33,
"2012-07-29",13,2012-07-29 14:00:00,1754.282,2012-07-29 13:23:03,1635.19,54.62,1689.81,39.33,
"2012-07-29",14,2012-07-29 14:30:00,1736.517,2012-07-29 13:53:23,1663.83,44.12,1707.95,39.34,
"2012-07-29",15,2012-07-29 15:00:00,1755.15,2012-07-29 14:23:21,1708.96,20.54,1729.5,43.34,
"2012-07-29",16,2012-07-29 15:30:00,1800.009,2012-07-29 14:53:25,1771.59,22.69,1794.28,55.54,
"2012-07-29",17,2012-07-29 16:00:00,1893.326,2012-07-29 15:23:38,1866.31,26.52,1892.83,64.61,
"2012-07-29",18,2012-07-29 16:30:00,1981.007,2012-07-29 15:53:27,1987.99,34.33,2022.32,64.24,
"2012-07-29",19,2012-07-29 17:00:00,2186.96,2012-07-29 16:23:29,2164.51,49.18,2213.69,69.55,
"2012-07-29",20,2012-07-29 17:30:00,2368.055,2012-07-29 16:53:48,2415.32,59.1,2474.42,90.17,
"2012-07-29",21,2012-07-29 18:00:00,2436.725,2012-07-29 17:23:49,2550.02,62.61,2612.63,110.82,
"2012-07-29",22,2012-07-29 18:30:00,2395.176,2012-07-29 17:54:07,2521.73,72.32,2594.05,125.62,
"2012-07-29",23,2012-07-29 19:00:00,2485.035,2012-07-29 18:23:44,2438.27,82.52,2520.79,82.2,
"2012-07-29",24,2012-07-29 19:30:00,2508.905,2012-07-29 18:54:08,2411.96,94.52,2506.48,87.25,
"2012-07-29",25,2012-07-29 20:00:00,2468.279,2012-07-29 19:24:14,2338.78,99.43,2438.21,73.98,
"2012-07-29",26,2012-07-29 20:30:00,2385.122,2012-07-29 19:54:16,2259.1,111.54,2370.64,63.13,
"2012-07-29",27,2012-07-29 21:00:00,2310.467,2012-07-29 20:24:21,2165.41,106.67,2272.08,62.47,
"2012-07-29",28,2012-07-29 21:30:00,2168.533,2012-07-29 20:54:27,1993.81,123.3,2117.11,39.15,
"2012-07-29",29,2012-07-29 22:00:00,2070.191,2012-07-29 21:24:24,1854.64,129.46,1984.1,39.29,
"2012-07-29",30,2012-07-29 22:30:00,1948.913,2012-07-29 21:54:33,1712.54,126.81,1839.35,39,
"2012-07-29",31,2012-07-29 23:00:00,1856.691,2012-07-29 22:24:38,1595.62,129.11,1724.73,30.31,
"2012-07-29",32,2012-07-29 23:30:00,1737.889,2012-07-29 22:54:45,1512.6,131.26,1643.86,20.7,
"2012-07-29",33,2012-07-30 00:00:00,1662.366,2012-07-29 23:24:46,1464.37,132.82,1597.19,11.48,
"2012-07-29",34,2012-07-30 00:30:00,1625.213,2012-07-29 23:24:46,1442.16,133.27,1575.43,38.06,
"2012-07-29",35,2012-07-30 01:00:00,1601.435,2012-07-29 23:24:46,1396.41,132.09,1528.5,1.22,
"2012-07-29",36,2012-07-30 01:30:00,1550.457,2012-07-30 00:55:16,1394.52,131.49,1526.01,1.22,
"2012-07-29",37,2012-07-30 02:00:00,1519.449,2012-07-30 01:25:13,1382.09,131.13,1513.22,1.22,
"2012-07-29",38,2012-07-30 02:30:00,1522.638,2012-07-30 01:55:24,1397.28,131.69,1528.97,1.22,
"2012-07-29",39,2012-07-30 03:00:00,1532.788,2012-07-30 02:25:37,1396.39,131.56,1527.95,1.22,
"2012-07-29",40,2012-07-30 03:30:00,1540.234,2012-07-30 02:55:28,1400.57,130.13,1530.7,2.79,
"2012-07-29",41,2012-07-30 04:00:00,1549.992,2012-07-30 03:25:37,1446.96,131.07,1578.03,57.39,
"2012-07-29",42,2012-07-30 04:30:00,1634.497,2012-07-30 03:55:30,1511.38,132.44,1643.82,56.67,
"2012-07-29",43,2012-07-30 05:00:00,1741.142,2012-07-30 04:25:46,1613.09,132.71,1745.8,58.53,
"2012-07-29",44,2012-07-30 05:30:00,1899.474,2012-07-30 04:55:54,1764.48,130.88,1895.36,60.2,
"2012-07-29",45,2012-07-30 06:00:00,2093.909,2012-07-30 05:25:56,1992.13,129.94,2122.07,62.03,
"2012-07-29",46,2012-07-30 06:30:00,2307.758,2012-07-30 05:56:13,2179.35,130.7,2310.05,64.08,
"2012-07-29",47,2012-07-30 07:00:00,2475.118,2012-07-30 06:26:02,2384.01,132.71,2516.72,82.2,
"2012-07-29",48,2012-07-30 07:30:00,2557.364,2012-07-30 06:55:53,2364.02,124.46,2488.48,77.58,
"2012-07-30",1,2012-07-30 08:00:00,2609.934,2012-07-30 07:26:17,2315.76,128.2,2443.96,48.36,
"2012-07-30",2,2012-07-30 08:30:00,2517.909,2012-07-30 07:56:02,2277.71,129.36,2407.07,48.92,
"2012-07-30",3,2012-07-30 09:00:00,2462.609,2012-07-30 08:26:06,2232.27,126.42,2358.69,47.52,
"2012-07-30",4,2012-07-30 09:30:00,2366.566,2012-07-30 08:56:13,2169.51,123.83,2293.34,45.05,
"2012-07-30",5,2012-07-30 10:00:00,2308.873,2012-07-30 09:26:18,2111.16,126.9,2238.06,40.25,
"2012-07-30",6,2012-07-30 10:30:00,2265.669,2012-07-30 09:56:50,2076.53,127.94,2204.47,40.25,
"2012-07-30",7,2012-07-30 11:00:00,2209.497,2012-07-30 10:26:55,2034.26,129.58,2163.84,39.19,
"2012-07-30",8,2012-07-30 11:30:00,2185.641,2012-07-30 10:57:21,2006.28,127.41,2133.69,39.2,
"2012-07-30",9,2012-07-30 12:00:00,2213.093,2012-07-30 11:26:53,1983.51,129.23,2112.74,39.2,
"2012-07-30",10,2012-07-30 12:30:00,2195.756,2012-07-30 11:56:45,1962.01,123.42,2085.43,39.12,
"2012-07-30",11,2012-07-30 13:00:00,2159.612,2012-07-30 12:27:15,1980.83,116.95,2097.78,39.13,
"2012-07-30",12,2012-07-30 13:30:00,2149.544,2012-07-30 12:56:55,1990.74,113.35,2104.09,39.21,
"2012-07-30",13,2012-07-30 14:00:00,2141.458,2012-07-30 13:26:58,2006.26,95.71,2101.97,39.22,
"2012-07-30",14,2012-07-30 14:30:00,2137.687,2012-07-30 13:57:01,2015.34,90.26,2105.6,39.22,
"2012-07-30",15,2012-07-30 15:00:00,2183.857,2012-07-30 14:27:05,2062.39,85.85,2148.24,39.22,
"2012-07-30",16,2012-07-30 15:30:00,2165.451,2012-07-30 14:57:29,2081.19,71.16,2152.35,40.25,
"2012-07-30",17,2012-07-30 16:00:00,2251.218,2012-07-30 15:27:45,2144.71,59.21,2203.92,63.72,
"2012-07-30",18,2012-07-30 16:30:00,2332.434,2012-07-30 15:57:24,2237.79,52.83,2290.62,63.59,
"2012-07-30",19,2012-07-30 17:00:00,2453.204,2012-07-30 16:27:41,2411.05,26.02,2437.07,78.25,
"2012-07-30",20,2012-07-30 17:30:00,2469.812,2012-07-30 16:58:02,2581.3,23.06,2604.36,100.97,
"2012-07-30",21,2012-07-30 18:00:00,2477.166,2012-07-30 17:27:45,2621.95,31.24,2653.19,90.59,
"2012-07-30",22,2012-07-30 18:30:00,2419.236,2012-07-30 17:57:48,2581.66,35.99,2617.65,81.2,
"2012-07-30",23,2012-07-30 19:00:00,2327.381,2012-07-30 18:28:15,2502.75,38.98,2541.73,66.71,
"2012-07-30",24,2012-07-30 19:30:00,2252.931,2012-07-30 18:57:59,2437.95,45.19,2483.14,69.72,
"2012-07-30",25,2012-07-30 20:00:00,2176.853,2012-07-30 19:27:58,2352.26,59.28,2411.54,64.86,
"2012-07-30",26,2012-07-30 20:30:00,2209.759,2012-07-30 19:58:05,2258.43,54.98,2313.41,56.01,
"2012-07-30",27,2012-07-30 21:00:00,2103.341,2012-07-30 20:28:07,2099.52,102.44,2201.96,44.86,
"2012-07-30",28,2012-07-30 21:30:00,1980.141,2012-07-30 20:58:23,1924.91,145.73,2070.64,37.85,
"2012-07-30",29,2012-07-30 22:00:00,1857.386,2012-07-30 21:28:26,1840.56,95.26,1935.82,37.32,
"2012-07-30",30,2012-07-30 22:30:00,1750.949,2012-07-30 21:53:42,1740,76.66,1816.66,35.68,
"2012-07-30",31,2012-07-30 23:00:00,1672.965,2012-07-30 22:23:24,1629.92,75.71,1705.63,39.86,
"2012-07-30",32,2012-07-30 23:30:00,1808.344,2012-07-30 22:58:30,1565.45,84.99,1650.44,56.36,
"2012-07-30",33,2012-07-31 00:00:00,1649.449,2012-07-30 23:23:47,1498.87,88.38,1587.25,56.55,
"2012-07-30",34,2012-07-31 00:30:00,1605.101,2012-07-30 23:23:47,1465.35,89.17,1554.52,54.2,
"2012-07-30",35,2012-07-31 01:00:00,1576.241,2012-07-30 23:23:47,1435.11,96.46,1531.57,54.41,
"2012-07-30",36,2012-07-31 01:30:00,1542.528,2012-07-31 00:54:06,1409.89,108.82,1518.71,50.27,
"2012-07-30",37,2012-07-31 02:00:00,1517.719,2012-07-31 01:24:11,1394.86,113.97,1508.83,39.93,
"2012-07-30",38,2012-07-31 02:30:00,1540.076,2012-07-31 01:54:19,1375.55,113.51,1489.06,36.74,
"2012-07-30",39,2012-07-31 03:00:00,1520.588,2012-07-31 02:24:06,1385.26,108.3,1493.56,36.77,
"2012-07-30",40,2012-07-31 03:30:00,1535.007,2012-07-31 02:54:09,1411.49,104.78,1516.27,38.23,
"2012-07-30",41,2012-07-31 04:00:00,1554.747,2012-07-31 03:24:46,1428.43,112.09,1540.52,39.64,
"2012-07-30",42,2012-07-31 04:30:00,1616.102,2012-07-31 03:54:49,1491.63,114.2,1605.83,50.27,
"2012-07-30",43,2012-07-31 05:00:00,1703.725,2012-07-31 04:24:33,1576.39,108.48,1684.87,58.07,
"2012-07-30",44,2012-07-31 05:30:00,1821.488,2012-07-31 04:54:30,1714.35,107.26,1821.61,59.65,
"2012-07-30",45,2012-07-31 06:00:00,2022.022,2012-07-31 05:24:44,1930.98,107.36,2038.34,61.25,
"2012-07-30",46,2012-07-31 06:30:00,2226.463,2012-07-31 05:55:07,2116.16,114.87,2231.03,62.92,
"2012-07-30",47,2012-07-31 07:00:00,2361.279,2012-07-31 06:25:10,2271.85,114.28,2386.13,69.57,
"2012-07-30",48,2012-07-31 07:30:00,2359.264,2012-07-31 06:54:53,2319.79,115,2434.79,63.2,
"2012-07-31",1,2012-07-31 08:00:00,2460.264,2012-07-31 07:25:03,2320.19,108.76,2428.95,56.01,
"2012-07-31",2,2012-07-31 08:30:00,2398.028,2012-07-31 07:55:05,2293.71,127.6,2421.31,56.01,
"2012-07-31",3,2012-07-31 09:00:00,2405.047,2012-07-31 08:25:28,2242.44,169.78,2412.22,51,
"2012-07-31",4,2012-07-31 09:30:00,2365.405,2012-07-31 08:55:34,2142.85,220.86,2363.71,42.79,
"2012-07-31",5,2012-07-31 10:00:00,2372.696,2012-07-31 09:25:41,2111.34,238.85,2350.19,40.25,
"2012-07-31",6,2012-07-31 10:30:00,2322.297,2012-07-31 09:55:56,2051.55,262.97,2314.52,39.2,
"2012-07-31",7,2012-07-31 11:00:00,2314.584,2012-07-31 10:26:00,2054.02,245.5,2299.52,39.2,
"2012-07-31",8,2012-07-31 11:30:00,2306.754,2012-07-31 10:55:37,2082.36,237.52,2319.88,39.19,
"2012-07-31",9,2012-07-31 12:00:00,2284.542,2012-07-31 11:25:37,2040.21,238.26,2278.47,39.19,
"2012-07-31",10,2012-07-31 12:30:00,2284.544,2012-07-31 11:55:54,1991.4,258.03,2249.43,39.16,
"2012-07-31",11,2012-07-31 13:00:00,2278.639,2012-07-31 11:55:54,1978.99,241.55,2220.54,39.15,
"2012-07-31",12,2012-07-31 13:30:00,2318.522,2012-07-31 12:26:15,1991.18,227.96,2219.14,39.14,
"2012-07-31",13,2012-07-31 14:00:00,2287.032,2012-07-31 12:55:49,1979.39,248.75,2228.14,39.14,
"2012-07-31",14,2012-07-31 14:30:00,2263.893,2012-07-31 13:25:55,2018.62,222.72,2241.34,39.15,
"2012-07-31",15,2012-07-31 15:00:00,2265.142,2012-07-31 13:55:59,2053.84,222.13,2275.97,39.15,
"2012-07-31",16,2012-07-31 15:30:00,2322.728,2012-07-31 14:26:10,2173,188.01,2361.01,51.91,
"2012-07-31",17,2012-07-31 16:00:00,2343.88,2012-07-31 14:56:13,2270.27,169.32,2439.59,69.61,
"2012-07-31",18,2012-07-31 16:30:00,2421.021,2012-07-31 15:26:48,2290.77,205.45,2496.22,65.65,
"2012-07-31",19,2012-07-31 17:00:00,2558.858,2012-07-31 15:56:22,2427.48,176,2603.48,72.77,
"2012-07-31",20,2012-07-31 17:30:00,2727.526,2012-07-31 16:26:32,2571.36,169.53,2740.89,87.02,
"2012-07-31",21,2012-07-31 18:00:00,2805.214,2012-07-31 16:56:56,2616.6,149.36,2765.96,101.32,
"2012-07-31",22,2012-07-31 18:30:00,2767.453,2012-07-31 16:56:56,2630.51,95.49,2726,83.98,
"2012-07-31",23,2012-07-31 19:00:00,2646.253,2012-07-31 17:57:00,2579.47,78.84,2658.31,78.45,
"2012-07-31",24,2012-07-31 19:30:00,2577.266,2012-07-31 18:27:03,2463.17,119.22,2582.39,71.28,
"2012-07-31",25,2012-07-31 20:00:00,2581.41,2012-07-31 18:57:14,2377.36,128.53,2505.89,68.97,
"2012-07-31",26,2012-07-31 20:30:00,2514.219,2012-07-31 19:26:59,2307.7,102.06,2409.76,65.04,
"2012-07-31",27,2012-07-31 21:00:00,2366.277,2012-07-31 19:57:20,2171.52,109.93,2281.45,56.01,
"2012-07-31",28,2012-07-31 21:30:00,2227.735,2012-07-31 20:47:20,2055.46,68.83,2124.29,40.25,
"2012-07-31",29,2012-07-31 22:00:00,2075.131,2012-07-31 21:12:39,1924.18,58.27,1982.45,39.1,
"2012-07-31",30,2012-07-31 22:30:00,1953.108,2012-07-31 21:42:31,1794.09,49.47,1843.56,52.09,
"2012-07-31",31,2012-07-31 23:00:00,1862.114,2012-07-31 22:12:20,1676.64,48.55,1725.19,57.18,
"2012-07-31",32,2012-07-31 23:30:00,1784.568,2012-07-31 22:12:20,1611.68,37.78,1649.46,57.69,
"2012-07-31",33,2012-08-01 00:00:00,1729.888,2012-07-31 22:12:20,1561.48,35.57,1597.05,57.57,
"2012-07-31",34,2012-08-01 00:30:00,1688.027,2012-07-31 22:12:20,1517.62,35.19,1552.81,58.18,
"2012-07-31",35,2012-08-01 01:00:00,1658.765,2012-07-31 22:12:20,1484.41,46.45,1530.86,58.73,
"2012-07-31",36,2012-08-01 01:30:00,1637.315,2012-07-31 22:12:21,1460.25,45.48,1505.73,39.05,
"2012-07-31",37,2012-08-01 02:00:00,1536.572,2012-07-31 22:12:21,1461.58,47.24,1508.82,32.23,
"2012-07-31",38,2012-08-01 02:30:00,1528.239,2012-07-31 22:12:21,1466.32,54.95,1521.27,32.27,
"2012-07-31",39,2012-08-01 03:00:00,1527.029,2012-07-31 22:12:21,1473.2,72.68,1545.88,32.27,
"2012-07-31",40,2012-08-01 03:30:00,1539.474,2012-07-31 22:12:21,1444.7,81.11,1525.81,3.9,
"2012-07-31",41,2012-08-01 04:00:00,1570.765,2012-07-31 22:12:21,1459.39,86.56,1545.95,9.65,
"2012-07-31",42,2012-08-01 04:30:00,1642.028,2012-07-31 22:12:21,1512.97,90.62,1603.59,34.93,
"2012-07-31",43,2012-08-01 05:00:00,1761.933,2012-07-31 22:12:21,1652.12,81.39,1733.51,56.72,
"2012-07-31",44,2012-08-01 05:30:00,1931.741,2012-07-31 22:12:21,1811.23,69.29,1880.52,66.54,
"2012-07-31",45,2012-08-01 06:00:00,2123.926,2012-07-31 22:12:21,2054,51.99,2105.99,77.25,
"2012-07-31",46,2012-08-01 06:30:00,2295.734,2012-07-31 22:12:21,2245.3,37.05,2282.35,75.43,
"2012-07-31",47,2012-08-01 07:00:00,2416.804,2012-07-31 22:12:21,2420.22,27.98,2448.2,103.22,
"2012-07-31",48,2012-08-01 07:30:00,2427.697,2012-07-31 22:12:21,2420.08,40.45,2460.53,97.64,
"2012-08-01",1,2012-08-01 08:00:00,2399.502,2012-07-31 22:12:21,2384.66,28.79,2413.45,70.7,
"2012-08-01",2,2012-08-01 08:30:00,2368.973,2012-07-31 22:12:21,2334.37,28.76,2363.13,65.65,
"2012-08-01",3,2012-08-01 09:00:00,2328.229,2012-07-31 22:12:21,2304.55,27.27,2331.82,65.65,
"2012-08-01",4,2012-08-01 09:30:00,2292.19,2012-07-31 22:12:21,2292.86,43.13,2335.99,68.62,
"2012-08-01",5,2012-08-01 10:00:00,2251.191,2012-08-01 09:01:38,2267.47,58.77,2326.24,65.65,
"2012-08-01",6,2012-08-01 10:30:00,2232.908,2012-08-01 09:31:31,2194.74,86.23,2280.97,61.45,
"2012-08-01",7,2012-08-01 11:00:00,2303.527,2012-08-01 10:13:41,2172.35,108.93,2281.28,61.48,
"2012-08-01",8,2012-08-01 11:30:00,2223.642,2012-08-01 10:41:52,2114.13,140.98,2255.11,61.47,
"2012-08-01",9,2012-08-01 12:00:00,2212.234,2012-08-01 11:11:54,2080.42,134.68,2215.1,61.47,
"2012-08-01",10,2012-08-01 12:30:00,2198.75,2012-08-01 11:41:44,2083.81,138.37,2222.18,61.47,
"2012-08-01",11,2012-08-01 13:00:00,2212.925,2012-08-01 12:12:04,2037.19,128.06,2165.25,48.06,
"2012-08-01",12,2012-08-01 13:30:00,2167.142,2012-08-01 12:42:10,2049.05,129.79,2178.84,55.5,
"2012-08-01",13,2012-08-01 14:00:00,2170.805,2012-08-01 13:11:47,2051.18,139.21,2190.39,55.5,
"2012-08-01",14,2012-08-01 14:30:00,2140.851,2012-08-01 13:42:06,2056.78,102.57,2159.35,61.49,
"2012-08-01",15,2012-08-01 15:00:00,2174.541,2012-08-01 14:12:08,2021.73,159.99,2181.72,44.36,
"2012-08-01",16,2012-08-01 15:30:00,2208.286,2012-08-01 14:42:30,2184.13,77.47,2261.6,77.29,
"2012-08-01",17,2012-08-01 16:00:00,2239.186,2012-08-01 15:12:24,2258.35,64.56,2322.91,78.45,
"2012-08-01",18,2012-08-01 16:30:00,2346.7,2012-08-01 15:42:34,2354.32,61.37,2415.69,100.17,
"2012-08-01",19,2012-08-01 17:00:00,2446.777,2012-08-01 16:12:34,2517.59,60.99,2578.58,112.21,
"2012-08-01",20,2012-08-01 17:30:00,2628.888,2012-08-01 16:42:40,2654.21,82.47,2736.68,114.58,
"2012-08-01",21,2012-08-01 18:00:00,2738.71,2012-08-01 17:12:38,2747.23,78.82,2826.05,132.34,
"2012-08-01",22,2012-08-01 18:30:00,2734.134,2012-08-01 17:42:49,2745.66,65.42,2811.08,130.27,
"2012-08-01",23,2012-08-01 19:00:00,2721.048,2012-08-01 18:12:56,2692.12,41.78,2733.9,131.67,
"2012-08-01",24,2012-08-01 19:30:00,2673.297,2012-08-01 18:42:55,2629.49,42.97,2672.46,133.45,
"2012-08-01",25,2012-08-01 20:00:00,2634.478,2012-08-01 19:13:05,2555.2,46.9,2602.1,114.71,
"2012-08-01",26,2012-08-01 20:30:00,2532.534,2012-08-01 19:42:56,2467.04,53.19,2520.23,95.3,
"2012-08-01",27,2012-08-01 21:00:00,2422.924,2012-08-01 20:13:17,2333.62,56.58,2390.2,82.4,
"2012-08-01",28,2012-08-01 21:30:00,2322.149,2012-08-01 20:43:04,2150.2,74.32,2224.52,57.88,
"2012-08-01",29,2012-08-01 22:00:00,2158.56,2012-08-01 21:13:05,2004.81,67.54,2072.35,58.56,
"2012-08-01",30,2012-08-01 22:30:00,2033.572,2012-08-01 21:43:35,1858.75,61.98,1920.73,39.27,
"2012-08-01",31,2012-08-01 23:00:00,1899.985,2012-08-01 22:13:36,1755.96,54.11,1810.07,56.08,
"2012-08-01",32,2012-08-01 23:30:00,1818.187,2012-08-01 22:43:21,1650.14,54.78,1704.92,55.44,
"2012-08-01",33,2012-08-02 00:00:00,1753.086,2012-08-01 23:13:25,1580.99,53.05,1634.04,55.54,
"2012-08-01",34,2012-08-02 00:30:00,1710.523,2012-08-01 23:13:25,1555.15,48.35,1603.5,55.63,
"2012-08-01",35,2012-08-02 01:00:00,1681.163,2012-08-01 23:13:25,1529.69,45.02,1574.71,55.76,
"2012-08-01",36,2012-08-02 01:30:00,1584.25,2012-08-02 00:44:00,1517.9,43.29,1561.19,55.89,
"2012-08-01",37,2012-08-02 02:00:00,1575.384,2012-08-02 01:13:54,1509.9,41.6,1551.5,55.37,
"2012-08-01",38,2012-08-02 02:30:00,1562.186,2012-08-02 01:44:13,1513.95,38.91,1552.86,56.43,
"2012-08-01",39,2012-08-02 03:00:00,1576.877,2012-08-02 02:14:25,1532.56,38.71,1571.27,56.12,
"2012-08-01",40,2012-08-02 03:30:00,1579.893,2012-08-02 02:44:27,1546.55,39.88,1586.43,60.31,
"2012-08-01",41,2012-08-02 04:00:00,1607.976,2012-08-02 03:14:44,1581.92,37.18,1619.1,60.57,
"2012-08-01",42,2012-08-02 04:30:00,1673.263,2012-08-02 03:44:37,1637.64,32.97,1670.61,57.55,
"2012-08-01",43,2012-08-02 05:00:00,1786.965,2012-08-02 04:14:41,1722.86,32.11,1754.97,56.67,
"2012-08-01",44,2012-08-02 05:30:00,1945.631,2012-08-02 04:44:42,1878.35,29.9,1908.25,56.3,
"2012-08-01",45,2012-08-02 06:00:00,2126.433,2012-08-02 05:14:56,2096.95,30.28,2127.23,58.56,
"2012-08-01",46,2012-08-02 06:30:00,2338.233,2012-08-02 05:44:36,2318.03,28.42,2346.45,77.78,
"2012-08-01",47,2012-08-02 07:00:00,2445.554,2012-08-02 06:14:39,2498.5,24.33,2522.83,93.02,
"2012-08-01",48,2012-08-02 07:30:00,2412,2012-08-02 06:45:02,2514.39,23.77,2538.16,104.63,
"2012-08-02",1,2012-08-02 08:00:00,2513.571,2012-08-02 07:15:18,2432.71,22.63,2455.34,54.27,
"2012-08-02",2,2012-08-02 08:30:00,2437.585,2012-08-02 07:44:54,2412.23,20.21,2432.44,54.27,
"2012-08-02",3,2012-08-02 09:00:00,2465.669,2012-08-02 08:14:55,2374.06,17.72,2391.78,48.06,
"2012-08-02",4,2012-08-02 09:30:00,2403.217,2012-08-02 08:45:30,2316.09,18.86,2334.95,56.01,
"2012-08-02",5,2012-08-02 10:00:00,2400.298,2012-08-02 09:15:25,2250.39,27.54,2277.93,48.06,
"2012-08-02",6,2012-08-02 10:30:00,2359.246,2012-08-02 09:45:11,2183.22,31.68,2214.9,50.07,
"2012-08-02",7,2012-08-02 11:00:00,2275.863,2012-08-02 10:15:47,2180.43,40.96,2221.39,56.01,
"2012-08-02",8,2012-08-02 11:30:00,2274.392,2012-08-02 10:45:47,2145.04,68.06,2213.1,56.01,
"2012-08-02",9,2012-08-02 12:00:00,2222.918,2012-08-02 11:10:36,2114.4,61.48,2175.88,47.47,
"2012-08-02",10,2012-08-02 12:30:00,2243.83,2012-08-02 11:45:55,2080.71,64.31,2145.02,46.06,
"2012-08-02",11,2012-08-02 13:00:00,2195.312,2012-08-02 12:15:38,2112.24,73.38,2185.62,55.29,
"2012-08-02",12,2012-08-02 13:30:00,2191.805,2012-08-02 12:45:42,2107.78,63.76,2171.54,56.01,
"2012-08-02",13,2012-08-02 14:00:00,2162.03,2012-08-02 13:10:49,2048.23,75.97,2124.2,46.06,
"2012-08-02",14,2012-08-02 14:30:00,2201.706,2012-08-02 13:40:55,2100.15,72.44,2172.59,56.01,
"2012-08-02",15,2012-08-02 15:00:00,2200.838,2012-08-02 14:11:14,2121.42,91.04,2212.46,56.01,
"2012-08-02",16,2012-08-02 15:30:00,2206.776,2012-08-02 14:46:01,2139.65,80.72,2220.37,56.53,
"2012-08-02",17,2012-08-02 16:00:00,2293.002,2012-08-02 15:11:27,2214.71,50.61,2265.32,57.67,
"2012-08-02",18,2012-08-02 16:30:00,2345.931,2012-08-02 15:41:28,2293.63,79.52,2373.15,70.25,
"2012-08-02",19,2012-08-02 17:00:00,2468.566,2012-08-02 16:11:19,2468.33,72.88,2541.21,83.39,
"2012-08-02",20,2012-08-02 17:30:00,2611.83,2012-08-02 16:41:50,2653.37,86.53,2739.9,103.71,
"2012-08-02",21,2012-08-02 18:00:00,2745.565,2012-08-02 17:11:45,2735.97,93.56,2829.53,122.6,
"2012-08-02",22,2012-08-02 18:30:00,2731.974,2012-08-02 17:41:49,2694.32,111.2,2805.52,132.08,
"2012-08-02",23,2012-08-02 19:00:00,2783.667,2012-08-02 18:11:38,2620.52,105.96,2726.48,83.39,
"2012-08-02",24,2012-08-02 19:30:00,2698.098,2012-08-02 18:41:57,2519.56,120.52,2640.08,78.45,
"2012-08-02",25,2012-08-02 20:00:00,2647.187,2012-08-02 19:11:43,2452.48,141.41,2593.89,70.7,
"2012-08-02",26,2012-08-02 20:30:00,2566.16,2012-08-02 19:41:51,2366.97,142.76,2509.73,70.62,
"2012-08-02",27,2012-08-02 21:00:00,2420.369,2012-08-02 20:11:57,2199.32,162.97,2362.29,56.01,
"2012-08-02",28,2012-08-02 21:30:00,2279.08,2012-08-02 20:41:59,2060.65,142.05,2202.7,44.56,
"2012-08-02",29,2012-08-02 22:00:00,2158.869,2012-08-02 21:12:08,1924.84,157.83,2082.67,38.54,
"2012-08-02",30,2012-08-02 22:30:00,2044.029,2012-08-02 21:42:34,1786.08,142.26,1928.34,37.14,
"2012-08-02",31,2012-08-02 23:00:00,1913.232,2012-08-02 22:12:38,1669.57,152.78,1822.35,41.14,
"2012-08-02",32,2012-08-02 23:30:00,1854.341,2012-08-02 22:42:35,1579.94,154.71,1734.65,39.59,
"2012-08-02",33,2012-08-03 00:00:00,1766.792,2012-08-02 23:12:30,1489,184.26,1673.26,39.51,
"2012-08-02",34,2012-08-03 00:30:00,1728.265,2012-08-02 23:12:30,1447.44,176.81,1624.25,39.5,
"2012-08-02",35,2012-08-03 01:00:00,1705.371,2012-08-02 23:12:30,1387.9,198.74,1586.64,39.46,
"2012-08-02",36,2012-08-03 01:30:00,1654.176,2012-08-03 00:43:09,1401.73,165.25,1566.98,39.4,
"2012-08-02",37,2012-08-03 02:00:00,1594.424,2012-08-03 01:13:14,1397.82,156.77,1554.59,35.01,
"2012-08-02",38,2012-08-03 02:30:00,1602.786,2012-08-03 01:42:50,1393.14,169.88,1563.02,35.02,
"2012-08-02",39,2012-08-03 03:00:00,1604.978,2012-08-03 02:12:53,1382.72,175.98,1558.7,35.02,
"2012-08-02",40,2012-08-03 03:30:00,1614.474,2012-08-03 02:43:08,1412.99,147.57,1560.56,39.39,
"2012-08-02",41,2012-08-03 04:00:00,1629.165,2012-08-03 03:13:21,1461.18,136.34,1597.52,39.42,
"2012-08-02",42,2012-08-03 04:30:00,1696.928,2012-08-03 03:43:35,1497.05,146.24,1643.29,39.37,
"2012-08-02",43,2012-08-03 05:00:00,1763.902,2012-08-03 04:13:31,1628.75,135.64,1764.39,57.2,
"2012-08-02",44,2012-08-03 05:30:00,1891.545,2012-08-03 04:43:38,1764.87,125.36,1890.23,61.19,
"2012-08-02",45,2012-08-03 06:00:00,2093.309,2012-08-03 05:13:50,1982.85,131.15,2114,65.08,
"2012-08-02",46,2012-08-03 06:30:00,2276.287,2012-08-03 05:43:48,2172.02,130.82,2302.84,64.16,
"2012-08-02",47,2012-08-03 07:00:00,2390.691,2012-08-03 06:13:57,2336.72,124.89,2461.61,85.5,
"2012-08-02",48,2012-08-03 07:30:00,2344.605,2012-08-03 06:43:56,2320.23,133.87,2454.1,67.01,
"2012-08-03",1,2012-08-03 08:00:00,2415.313,2012-08-03 07:14:15,2300.04,88.05,2388.09,45.02,
"2012-08-03",2,2012-08-03 08:30:00,2403.299,2012-08-03 07:43:51,2301.23,87.1,2388.33,45.64,
"2012-08-03",3,2012-08-03 09:00:00,2407.886,2012-08-03 08:14:11,2222.01,80.99,2303,44.97,
"2012-08-03",4,2012-08-03 09:30:00,2343.931,2012-08-03 08:44:30,2173.77,56.43,2230.2,42.24,
"2012-08-03",5,2012-08-03 10:00:00,2332.239,2012-08-03 09:14:38,2134.7,57.7,2192.4,39.26,
"2012-08-03",6,2012-08-03 10:30:00,2250.229,2012-08-03 09:44:30,2102,53.81,2155.81,39.3,
"2012-08-03",7,2012-08-03 11:00:00,2206.385,2012-08-03 10:14:36,2086.04,51.02,2137.06,39.27,
"2012-08-03",8,2012-08-03 11:30:00,2177.223,2012-08-03 10:44:41,2071.01,48.16,2119.17,39.27,
"2012-08-03",9,2012-08-03 12:00:00,2128.895,2012-08-03 11:14:47,2037.99,62,2099.99,41.32,
"2012-08-03",10,2012-08-03 12:30:00,2080.378,2012-08-03 11:44:51,2031.54,58.93,2090.47,39.3,
"2012-08-03",11,2012-08-03 13:00:00,2107.728,2012-08-03 12:14:56,1990.56,62.68,2053.24,39.27,
"2012-08-03",12,2012-08-03 13:30:00,2081.678,2012-08-03 12:44:54,1988.69,56.61,2045.3,39.2,
"2012-08-03",13,2012-08-03 14:00:00,2098.278,2012-08-03 13:15:11,1968.55,68,2036.55,39.15,
"2012-08-03",14,2012-08-03 14:30:00,2074.563,2012-08-03 13:45:17,1954.22,79.9,2034.12,39.19,
"2012-08-03",15,2012-08-03 15:00:00,2091.445,2012-08-03 14:15:23,1980.44,89.75,2070.19,39.18,
"2012-08-03",16,2012-08-03 15:30:00,2114.406,2012-08-03 14:45:10,2062.33,63.94,2126.27,41.25,
"2012-08-03",17,2012-08-03 16:00:00,2124.455,2012-08-03 15:15:33,2118.15,56.41,2174.56,56.01,
"2012-08-03",18,2012-08-03 16:30:00,2165.131,2012-08-03 15:45:25,2196.67,42.85,2239.52,58.17,
"2012-08-03",19,2012-08-03 17:00:00,2271.72,2012-08-03 16:15:38,2342.78,36.05,2378.83,70.7,
"2012-08-03",20,2012-08-03 17:30:00,2361.772,2012-08-03 16:45:37,2488.68,37.79,2526.47,89.62,
"2012-08-03",21,2012-08-03 18:00:00,2550.261,2012-08-03 17:15:33,2573.25,40.42,2613.67,109.02,
"2012-08-03",22,2012-08-03 18:30:00,2555.529,2012-08-03 17:45:43,2514.64,50.5,2565.14,78.45,
"2012-08-03",23,2012-08-03 19:00:00,2557.584,2012-08-03 18:15:38,2433.18,51.48,2484.66,56.01,
"2012-08-03",24,2012-08-03 19:30:00,2479.403,2012-08-03 18:45:41,2390.16,50.76,2440.92,56.01,
"2012-08-03",25,2012-08-03 20:00:00,2428.604,2012-08-03 19:15:51,2318.1,59.93,2378.03,56.88,
"2012-08-03",26,2012-08-03 20:30:00,2381.723,2012-08-03 19:46:17,2264.8,58.7,2323.5,57.59,
"2012-08-03",27,2012-08-03 21:00:00,2303.412,2012-08-03 20:16:21,2159.63,81.69,2241.32,56.01,
"2012-08-03",28,2012-08-03 21:30:00,2235.97,2012-08-03 20:46:13,2064.99,89.4,2154.39,56.01,
"2012-08-03",29,2012-08-03 22:00:00,2118.365,2012-08-03 21:16:01,1938.11,97.09,2035.2,42.42,
"2012-08-03",30,2012-08-03 22:30:00,2025.303,2012-08-03 21:46:34,1833.08,83.15,1916.23,38.96,
"2012-08-03",31,2012-08-03 23:00:00,1975.258,2012-08-03 22:16:36,1725.1,80.99,1806.09,42.5,
"2012-08-03",32,2012-08-03 23:30:00,1816.631,2012-08-03 22:46:38,1643.27,88.13,1731.4,57.53,
"2012-08-03",33,2012-08-04 00:00:00,1696.496,2012-08-03 23:16:22,1586.27,85.79,1672.06,56.27,
"2012-08-03",34,2012-08-04 00:30:00,1644.295,2012-08-03 23:16:22,1500.59,107.71,1608.3,56.31,
"2012-08-03",35,2012-08-04 01:00:00,1602.607,2012-08-03 23:16:22,1492.56,110.06,1602.62,57.04,
"2012-08-03",36,2012-08-04 01:30:00,1593.645,2012-08-04 00:46:55,1471.84,106.48,1578.32,56.38,
"2012-08-03",37,2012-08-04 02:00:00,1550.465,2012-08-04 01:17:12,1434.18,113.73,1547.91,53.64,
"2012-08-03",38,2012-08-04 02:30:00,1547.065,2012-08-04 01:47:09,1437.1,110.24,1547.34,57.29,
"2012-08-03",39,2012-08-04 03:00:00,1535.494,2012-08-04 02:12:22,1414.14,129.43,1543.57,57.31,
"2012-08-03",40,2012-08-04 03:30:00,1539.425,2012-08-04 02:47:02,1395.2,144.9,1540.1,57.31,
"2012-08-03",41,2012-08-04 04:00:00,1539.189,2012-08-04 03:17:20,1415,143.58,1558.58,57.31,
"2012-08-03",42,2012-08-04 04:30:00,1547.225,2012-08-04 03:47:10,1429.47,140.4,1569.87,57.34,
"2012-08-03",43,2012-08-04 05:00:00,1609.704,2012-08-04 04:12:28,1481.77,131.41,1613.18,39.34,
"2012-08-03",44,2012-08-04 05:30:00,1733.735,2012-08-04 04:42:33,1522.3,133.19,1655.49,39.32,
"2012-08-03",45,2012-08-04 06:00:00,1727.878,2012-08-04 05:12:49,1585.35,132.75,1718.1,39.28,
"2012-08-03",46,2012-08-04 06:30:00,1809.379,2012-08-04 05:42:31,1658.34,130.98,1789.32,39.24,
"2012-08-03",47,2012-08-04 07:00:00,1897.406,2012-08-04 06:13:01,1759.22,123.58,1882.8,45.06,
"2012-08-03",48,2012-08-04 07:30:00,1951.272,2012-08-04 06:43:02,1846.12,120.3,1966.42,56.54,
"2012-08-04",1,2012-08-04 08:00:00,1993.409,2012-08-04 07:13:02,1951.68,86.23,2037.91,56.01,
"2012-08-04",2,2012-08-04 08:30:00,1976.699,2012-08-04 07:43:07,1931.61,98.72,2030.33,48.73,
"2012-08-04",3,2012-08-04 09:00:00,1994.28,2012-08-04 08:13:22,1916.5,95.38,2011.88,46.06,
"2012-08-04",4,2012-08-04 09:30:00,1993.477,2012-08-04 08:43:00,1875.26,123.68,1998.94,39.19,
"2012-08-04",5,2012-08-04 10:00:00,1984.727,2012-08-04 09:13:12,1870.12,112.34,1982.46,55,
"2012-08-04",6,2012-08-04 10:30:00,1979.72,2012-08-04 09:43:41,1871.24,87.55,1958.79,56.01,
"2012-08-04",7,2012-08-04 11:00:00,1975.525,2012-08-04 10:13:22,1835.2,92.74,1927.94,56.01,
"2012-08-04",8,2012-08-04 11:30:00,1933.623,2012-08-04 10:43:46,1808.52,98.09,1906.61,46.06,
"2012-08-04",9,2012-08-04 12:00:00,1917.095,2012-08-04 11:13:39,1793.07,114.21,1907.28,46.06,
"2012-08-04",10,2012-08-04 12:30:00,1916.612,2012-08-04 11:43:50,1759.15,103.93,1863.08,39.25,
"2012-08-04",11,2012-08-04 13:00:00,1845.392,2012-08-04 12:14:02,1737.14,83.03,1820.17,39.29,
"2012-08-04",12,2012-08-04 13:30:00,1861.851,2012-08-04 12:44:06,1640.27,152,1792.27,39.33,
"2012-08-04",13,2012-08-04 14:00:00,1862.408,2012-08-04 13:13:46,1741.88,94.24,1836.12,39.35,
"2012-08-04",14,2012-08-04 14:30:00,1821.804,2012-08-04 13:44:07,1760.71,67.33,1828.04,39.42,
"2012-08-04",15,2012-08-04 15:00:00,1857.987,2012-08-04 14:14:21,1811.29,69.18,1880.47,57.43,
"2012-08-04",16,2012-08-04 15:30:00,1882.486,2012-08-04 14:44:21,1872.49,58.03,1930.52,57.4,
"2012-08-04",17,2012-08-04 16:00:00,1949.718,2012-08-04 15:14:24,1943.5,33.58,1977.08,57.29,
"2012-08-04",18,2012-08-04 16:30:00,2048.546,2012-08-04 15:44:31,2033.07,31.51,2064.58,57.06,
"2012-08-04",19,2012-08-04 17:00:00,2173.41,2012-08-04 16:14:38,2151.06,39.57,2190.63,75.14,
"2012-08-04",20,2012-08-04 17:30:00,2268.061,2012-08-04 16:44:36,2278.01,73.98,2351.99,87.23,
"2012-08-04",21,2012-08-04 18:00:00,2415.856,2012-08-04 17:14:45,2426.19,38.91,2465.1,104.68,
"2012-08-04",22,2012-08-04 18:30:00,2364.303,2012-08-04 17:44:56,2388.44,27.01,2415.45,83.39,
"2012-08-04",23,2012-08-04 19:00:00,2324.365,2012-08-04 18:14:41,2337.99,33.24,2371.23,82.4,
"2012-08-04",24,2012-08-04 19:30:00,2268.434,2012-08-04 18:44:44,2206.34,50.98,2257.32,62.78,
"2012-08-04",25,2012-08-04 20:00:00,2251.507,2012-08-04 19:14:47,2168.98,58,2226.98,58.16,
"2012-08-04",26,2012-08-04 20:30:00,2218.264,2012-08-04 19:45:20,2147.05,47.55,2194.6,57.84,
"2012-08-04",27,2012-08-04 21:00:00,2099.438,2012-08-04 20:15:14,2083.25,45.87,2129.12,57.83,
"2012-08-04",28,2012-08-04 21:30:00,2052.687,2012-08-04 20:45:04,1999.47,51.17,2050.64,57.51,
"2012-08-04",29,2012-08-04 22:00:00,1965.315,2012-08-04 21:15:19,1934.06,35.74,1969.8,58.99,
"2012-08-04",30,2012-08-04 22:30:00,1892.958,2012-08-04 21:45:33,1853.36,33.47,1886.83,60.94,
"2012-08-04",31,2012-08-04 23:00:00,1834.637,2012-08-04 22:15:40,1759.66,28.59,1788.25,72.45,
"2012-08-04",32,2012-08-04 23:30:00,1766.614,2012-08-04 22:45:41,1674.37,30.12,1704.49,60.75,
"2012-08-04",33,2012-08-05 00:00:00,1812.947,2012-08-04 23:15:51,1620.39,32.99,1653.38,61.84,
"2012-08-04",34,2012-08-05 00:30:00,1764.275,2012-08-04 23:15:51,1560.52,35.9,1596.42,60.78,
"2012-08-04",35,2012-08-05 01:00:00,1729.905,2012-08-04 23:15:51,1534.57,35.04,1569.61,57.08,
"2012-08-04",36,2012-08-05 01:30:00,1573.094,2012-08-05 00:45:56,1504.48,40.54,1545.02,57.11,
"2012-08-04",37,2012-08-05 02:00:00,1558.195,2012-08-05 01:16:10,1479.1,37.09,1516.19,82.4,
"2012-08-04",38,2012-08-05 02:30:00,1539.815,2012-08-05 01:46:15,1478.41,22.65,1501.06,82.4,
"2012-08-04",39,2012-08-05 03:00:00,1518.635,2012-08-05 02:15:57,1503.56,23.63,1527.19,82.4,
"2012-08-04",40,2012-08-05 03:30:00,1504.261,2012-08-05 02:46:32,1481.48,24.78,1506.26,83.39,
"2012-08-04",41,2012-08-05 04:00:00,1510.222,2012-08-05 03:16:29,1500.63,28.26,1528.89,82.4,
"2012-08-04",42,2012-08-05 04:30:00,1546.876,2012-08-05 03:46:09,1498.12,37.61,1535.73,57.13,
"2012-08-04",43,2012-08-05 05:00:00,1588.611,2012-08-05 04:16:37,1528.44,30.72,1559.16,39.27,
"2012-08-04",44,2012-08-05 05:30:00,1591.458,2012-08-05 04:46:22,1548.77,33.42,1582.19,39.29,
"2012-08-04",45,2012-08-05 06:00:00,1635.724,2012-08-05 05:16:45,1602.56,33.08,1635.64,39.31,
"2012-08-04",46,2012-08-05 06:30:00,1679.525,2012-08-05 05:47:00,1638.51,31.29,1669.8,53.72,
"2012-08-04",47,2012-08-05 07:00:00,1750.818,2012-08-05 06:16:57,1712.69,23.37,1736.06,57.28,
"2012-08-04",48,2012-08-05 07:30:00,1821.425,2012-08-05 06:47:11,1813.24,23.33,1836.57,59.82,
"2012-08-05",1,2012-08-05 08:00:00,1856.148,2012-08-05 07:16:51,1862.68,21.02,1883.7,56.3,
"2012-08-05",2,2012-08-05 08:30:00,1852.378,2012-08-05 07:47:06,1911.62,16.81,1928.43,59.49,
"2012-08-05",3,2012-08-05 09:00:00,1900.775,2012-08-05 08:17:08,1948.83,16.08,1964.91,59.57,
"2012-08-05",4,2012-08-05 09:30:00,1900.348,2012-08-05 08:47:21,1952.31,15.22,1967.53,58.16,
"2012-08-05",5,2012-08-05 10:00:00,1940.97,2012-08-05 09:17:27,1911.86,15.22,1927.08,58.32,
"2012-08-05",6,2012-08-05 10:30:00,1938.14,2012-08-05 09:47:30,1869.82,15.44,1885.26,57.2,
"2012-08-05",7,2012-08-05 11:00:00,1942.519,2012-08-05 10:17:34,1825.05,10.67,1835.72,57.25,
"2012-08-05",8,2012-08-05 11:30:00,1899.939,2012-08-05 10:47:32,1829.09,13.28,1842.37,57.3,
"2012-08-05",9,2012-08-05 12:00:00,1852.173,2012-08-05 11:17:29,1777.64,18.69,1796.33,56.07,
"2012-08-05",10,2012-08-05 12:30:00,1817.063,2012-08-05 11:47:31,1751,17.09,1768.09,39.2,
"2012-08-05",11,2012-08-05 13:00:00,1779.207,2012-08-05 12:18:03,1722.95,19.51,1742.46,39.21,
"2012-08-05",12,2012-08-05 13:30:00,1764.05,2012-08-05 12:48:00,1703.6,22.37,1725.97,39.23,
"2012-08-05",13,2012-08-05 14:00:00,1748.75,2012-08-05 13:17:53,1699.78,32.6,1732.38,39.24,
"2012-08-05",14,2012-08-05 14:30:00,1736.746,2012-08-05 13:47:50,1726.53,39.94,1766.47,57.07,
"2012-08-05",15,2012-08-05 15:00:00,1768.578,2012-08-05 14:18:17,1772.9,34.92,1807.82,57.23,
"2012-08-05",16,2012-08-05 15:30:00,1813.248,2012-08-05 14:48:21,1783.58,42.24,1825.82,57.19,
"2012-08-05",17,2012-08-05 16:00:00,1877.839,2012-08-05 15:18:10,1847.5,28.4,1875.9,58.28,
"2012-08-05",18,2012-08-05 16:30:00,1924.963,2012-08-05 15:48:12,1974.58,19.84,1994.42,78.45,
"2012-08-05",19,2012-08-05 17:00:00,2085.168,2012-08-05 16:18:36,2164.09,18.2,2182.29,96.21,
"2012-08-05",20,2012-08-05 17:30:00,2243.563,2012-08-05 16:48:21,2382.22,17.96,2400.18,108.15,
"2012-08-05",21,2012-08-05 18:00:00,2389.564,2012-08-05 17:18:44,2467.49,21.28,2488.77,112.19,
"2012-08-05",22,2012-08-05 18:30:00,2389.422,2012-08-05 17:43:56,2439.95,23.41,2463.36,111.52,
"2012-08-05",23,2012-08-05 19:00:00,2406.007,2012-08-05 18:18:51,2383.51,28.85,2412.36,109.77,
"2012-08-05",24,2012-08-05 19:30:00,2342.022,2012-08-05 18:48:51,2339.97,29.3,2369.27,113.67,
"2012-08-05",25,2012-08-05 20:00:00,2337.043,2012-08-05 19:13:57,2241.24,49.69,2290.93,83.39,
"2012-08-05",26,2012-08-05 20:30:00,2257.563,2012-08-05 19:48:59,2164.53,31.58,2196.11,83.39,
"2012-08-05",27,2012-08-05 21:00:00,2148.102,2012-08-05 20:14:01,2071.69,34.01,2105.7,82.4,
"2012-08-05",28,2012-08-05 21:30:00,2029.687,2012-08-05 20:44:07,1962.94,32.31,1995.25,67.39,
"2012-08-05",29,2012-08-05 22:00:00,1900.629,2012-08-05 21:14:12,1830.96,43.98,1874.94,43.33,
"2012-08-05",30,2012-08-05 22:30:00,1842.673,2012-08-05 21:44:08,1724.6,46.11,1770.71,38.81,
"2012-08-05",31,2012-08-05 23:00:00,1764.832,2012-08-05 22:14:36,1631.72,55.85,1687.57,41.18,
"2012-08-05",32,2012-08-05 23:30:00,1702.118,2012-08-05 22:44:36,1547.53,72.09,1619.62,62.51,
"2012-08-05",33,2012-08-06 00:00:00,1632.71,2012-08-05 23:14:27,1501.3,73.72,1575.02,62.55,
"2012-08-05",34,2012-08-06 00:30:00,1601.736,2012-08-05 23:14:27,1482.48,64.37,1546.85,64.33,
"2012-08-05",35,2012-08-06 01:00:00,1582.183,2012-08-05 23:14:27,1442.21,62.33,1504.54,57.2,
"2012-08-05",36,2012-08-06 01:30:00,1534.459,2012-08-06 00:44:37,1418.07,99.51,1517.58,57.31,
"2012-08-05",37,2012-08-06 02:00:00,1495.177,2012-08-06 01:15:09,1432.42,88.03,1520.45,57.38,
"2012-08-05",38,2012-08-06 02:30:00,1468.418,2012-08-06 01:45:08,1450.96,82.85,1533.81,57.48,
"2012-08-05",39,2012-08-06 03:00:00,1494.504,2012-08-06 02:15:13,1477.83,83.03,1560.86,70.62,
"2012-08-05",40,2012-08-06 03:30:00,1512.279,2012-08-06 02:44:59,1491.91,77.33,1569.24,76.71,
"2012-08-05",41,2012-08-06 04:00:00,1545.781,2012-08-06 03:15:08,1492.32,65.16,1557.48,75.1,
"2012-08-05",42,2012-08-06 04:30:00,1604.886,2012-08-06 03:45:35,1548.63,62.74,1611.37,57.32,
"2012-08-05",43,2012-08-06 05:00:00,1727.705,2012-08-06 04:15:43,1638.1,73.86,1711.96,61.05,
"2012-08-05",44,2012-08-06 05:30:00,1831.968,2012-08-06 04:45:21,1763.99,87.8,1851.79,82.4,
"2012-08-05",45,2012-08-06 06:00:00,2030.248,2012-08-06 05:15:28,1961.02,105.04,2066.06,83.81,
"2012-08-05",46,2012-08-06 06:30:00,2205.302,2012-08-06 05:45:39,2127.85,126.84,2254.69,99.12,
"2012-08-05",47,2012-08-06 07:00:00,2323.32,2012-08-06 06:15:52,2261.83,121.8,2383.63,114.86,
"2012-08-05",48,2012-08-06 07:30:00,2312.045,2012-08-06 06:46:00,2263.42,136.45,2399.87,109.22,
"2012-08-06",1,2012-08-06 08:00:00,2397.307,2012-08-06 07:16:24,2241.2,118.75,2359.95,83.87,
"2012-08-06",2,2012-08-06 08:30:00,2313.996,2012-08-06 07:46:15,2188.54,113.33,2301.87,70.7,
"2012-08-06",3,2012-08-06 09:00:00,2354.619,2012-08-06 08:16:11,2175.33,105.88,2281.21,70.7,
"2012-08-06",4,2012-08-06 09:30:00,2311.837,2012-08-06 08:46:27,2130.8,94.12,2224.92,78.45,
"2012-08-06",5,2012-08-06 10:00:00,2298.094,2012-08-06 09:16:08,2123.61,99.07,2222.68,82.4,
"2012-08-06",6,2012-08-06 10:30:00,2201.376,2012-08-06 09:46:21,2104.67,102.29,2206.96,75.58,
"2012-08-06",7,2012-08-06 11:00:00,2190.195,2012-08-06 10:16:29,2036.87,155.47,2192.34,57.72,
"2012-08-06",8,2012-08-06 11:30:00,2212.123,2012-08-06 10:46:41,2006.08,168.58,2174.66,56.86,
"2012-08-06",9,2012-08-06 12:00:00,2229.938,2012-08-06 11:16:51,1990.93,167.53,2158.46,56.86,
"2012-08-06",10,2012-08-06 12:30:00,2179.628,2012-08-06 11:46:43,1937.08,204,2141.08,56.86,
"2012-08-06",11,2012-08-06 13:00:00,2153.259,2012-08-06 12:16:39,1959.98,208.51,2168.49,68.05,
"2012-08-06",12,2012-08-06 13:30:00,2155.314,2012-08-06 12:46:47,1981.92,222.79,2204.71,78.23,
"2012-08-06",13,2012-08-06 14:00:00,2197.539,2012-08-06 13:16:51,1962.57,257.88,2220.45,78.23,
"2012-08-06",14,2012-08-06 14:30:00,2196.889,2012-08-06 13:46:52,1983.55,248.11,2231.66,78.45,
"2012-08-06",15,2012-08-06 15:00:00,2278.342,2012-08-06 14:17:12,2028.19,259.4,2287.59,82.4,
"2012-08-06",16,2012-08-06 15:30:00,2282.475,2012-08-06 14:47:24,2054.66,272.06,2326.72,78.45,
"2012-08-06",17,2012-08-06 16:00:00,2304.937,2012-08-06 15:17:29,2108,262.75,2370.75,83.39,
"2012-08-06",18,2012-08-06 16:30:00,2415.94,2012-08-06 15:47:13,2219.06,260.26,2479.32,99.58,
"2012-08-06",19,2012-08-06 17:00:00,2518.578,2012-08-06 16:17:17,2328.42,233.76,2562.18,111.15,
"2012-08-06",20,2012-08-06 17:30:00,2555.739,2012-08-06 16:47:39,2445.9,239.53,2685.43,110.51,
"2012-08-06",21,2012-08-06 18:00:00,2740.482,2012-08-06 17:17:42,2479.79,231,2710.79,110.81,
"2012-08-06",22,2012-08-06 18:30:00,2657.093,2012-08-06 17:47:50,2397.93,261.78,2659.71,115.27,
"2012-08-06",23,2012-08-06 19:00:00,2609.741,2012-08-06 18:17:55,2320.46,236.91,2557.37,82.4,
"2012-08-06",24,2012-08-06 19:30:00,2506.762,2012-08-06 18:48:06,2247.48,239.75,2487.23,70.7,
"2012-08-06",25,2012-08-06 20:00:00,2481.464,2012-08-06 19:18:05,2187.66,225.94,2413.6,56.01,
"2012-08-06",26,2012-08-06 20:30:00,2329.643,2012-08-06 19:48:08,2074.31,230.22,2304.53,56.01,
"2012-08-06",27,2012-08-06 21:00:00,2254.547,2012-08-06 20:17:54,1963.33,216.38,2179.71,34.62,
"2012-08-06",28,2012-08-06 21:30:00,2141.233,2012-08-06 20:48:16,1813.92,238.52,2052.44,34.67,
"2012-08-06",29,2012-08-06 22:00:00,2013.156,2012-08-06 21:18:09,1706.67,218.42,1925.09,34.73,
"2012-08-06",30,2012-08-06 22:30:00,1862.339,2012-08-06 21:48:30,1579.94,236.25,1816.19,34.86,
"2012-08-06",31,2012-08-06 23:00:00,1786.534,2012-08-06 22:18:42,1507.19,206.48,1713.67,30.87,
"2012-08-06",32,2012-08-06 23:30:00,1694.866,2012-08-06 22:48:26,1497.51,152.86,1650.37,39.78,
"2012-08-06",33,2012-08-07 00:00:00,1657.731,2012-08-06 23:18:40,1494.79,118.14,1612.93,57.83,
"2012-08-06",34,2012-08-07 00:30:00,1615.806,2012-08-06 23:18:40,1429.23,143.96,1573.19,55.99,
"2012-08-06",35,2012-08-07 01:00:00,1587.297,2012-08-06 23:18:40,1372.04,183.57,1555.61,40.2,
"2012-08-06",36,2012-08-07 01:30:00,1579.739,2012-08-07 00:48:59,1390.62,162.57,1553.19,58.76,
"2012-08-06",37,2012-08-07 02:00:00,1553.696,2012-08-07 01:19:04,1405.09,149.21,1554.3,59.58,
"2012-08-06",38,2012-08-07 02:30:00,1571.634,2012-08-07 01:49:19,1382.35,169.07,1551.42,57.53,
"2012-08-06",39,2012-08-07 03:00:00,1556.083,2012-08-07 02:19:20,1405.56,135.04,1540.6,59.56,
"2012-08-06",40,2012-08-07 03:30:00,1589.812,2012-08-07 02:49:07,1394.54,172.02,1566.56,59.33,
"2012-08-06",41,2012-08-07 04:00:00,1602.01,2012-08-07 03:19:24,1432.68,156.99,1589.67,59.12,
"2012-08-06",42,2012-08-07 04:30:00,1668.174,2012-08-07 03:49:35,1458.07,173.31,1631.38,35.13,
"2012-08-06",43,2012-08-07 05:00:00,1773.328,2012-08-07 04:19:42,1544.81,187.14,1731.95,36.14,
"2012-08-06",44,2012-08-07 05:30:00,1884.027,2012-08-07 04:49:22,1682.6,179.65,1862.25,41.91,
"2012-08-06",45,2012-08-07 06:00:00,2102.697,2012-08-07 05:19:25,1895.65,188.67,2084.32,41.86,
"2012-08-06",46,2012-08-07 06:30:00,2316.756,2012-08-07 05:49:49,2159.09,78.73,2237.82,56.94,
"2012-08-06",47,2012-08-07 07:00:00,2416.339,2012-08-07 06:19:36,2284.11,121.46,2405.57,66.62,
"2012-08-06",48,2012-08-07 07:30:00,2366.307,2012-08-07 06:49:43,2299.64,120.07,2419.71,59.18,
"2012-08-07",1,2012-08-07 08:00:00,2358.325,2012-08-07 07:20:05,2279.67,103.9,2383.57,56.01,
"2012-08-07",2,2012-08-07 08:30:00,2330.789,2012-08-07 07:50:19,2260.12,88.6,2348.72,56.01,
"2012-08-07",3,2012-08-07 09:00:00,2372.507,2012-08-07 08:20:16,2190.48,121.32,2311.8,45.97,
"2012-08-07",4,2012-08-07 09:30:00,2288.435,2012-08-07 08:50:15,2157.1,117.74,2274.84,45.06,
"2012-08-07",5,2012-08-07 10:00:00,2288.743,2012-08-07 09:20:20,2150.8,83.32,2234.12,56.01,
"2012-08-07",6,2012-08-07 10:30:00,2255.388,2012-08-07 09:50:22,2022.89,157.98,2180.87,43.06,
"2012-08-07",7,2012-08-07 11:00:00,2242.546,2012-08-07 10:15:34,2060.95,139.78,2200.73,53.52,
"2012-08-07",8,2012-08-07 11:30:00,2200.886,2012-08-07 10:50:25,2010.07,153.01,2163.08,39.21,
"2012-08-07",9,2012-08-07 12:00:00,2165.742,2012-08-07 11:20:34,2096.17,159.28,2255.45,57.1,
"2012-08-07",10,2012-08-07 12:30:00,2150.82,2012-08-07 11:46:01,2119.22,131.09,2250.31,57.1,
"2012-08-07",11,2012-08-07 13:00:00,2163.893,2012-08-07 12:15:46,2023.15,125.62,2148.77,43.06,
"2012-08-07",12,2012-08-07 13:30:00,2168.815,2012-08-07 12:45:56,1981.97,179.5,2161.47,39.21,
"2012-08-07",13,2012-08-07 14:00:00,2167.114,2012-08-07 13:16:14,2038.55,114.46,2153.01,44.06,
"2012-08-07",14,2012-08-07 14:30:00,2202.101,2012-08-07 13:45:54,2004.87,142.77,2147.64,39.21,
"2012-08-07",15,2012-08-07 15:00:00,2195.542,2012-08-07 14:15:58,2054.78,148.32,2203.1,44.06,
"2012-08-07",16,2012-08-07 15:30:00,2200.848,2012-08-07 14:46:00,2099.22,149.41,2248.63,56.01,
"2012-08-07",17,2012-08-07 16:00:00,2247.875,2012-08-07 15:16:28,2223.05,88.1,2311.15,57.03,
"2012-08-07",18,2012-08-07 16:30:00,2334.636,2012-08-07 15:46:12,2311.4,92.48,2403.88,70.7,
"2012-08-07",19,2012-08-07 17:00:00,2428.321,2012-08-07 16:11:16,2438.35,104.58,2542.93,83.39,
"2012-08-07",20,2012-08-07 17:30:00,2615.527,2012-08-07 16:41:48,2601.61,107.95,2709.56,108.91,
"2012-08-07",21,2012-08-07 18:00:00,2746.153,2012-08-07 17:11:31,2708.41,107.08,2815.49,127.7,
"2012-08-07",22,2012-08-07 18:30:00,2724.628,2012-08-07 17:41:46,2706.95,83.48,2790.43,131.52,
"2012-08-07",23,2012-08-07 19:00:00,2713.642,2012-08-07 18:11:43,2629.12,83,2712.12,82.4,
"2012-08-07",24,2012-08-07 19:30:00,2670.577,2012-08-07 18:41:37,2566.18,97.5,2663.68,78.51,
"2012-08-07",25,2012-08-07 20:00:00,2633.023,2012-08-07 19:12:00,2486.12,104.28,2590.4,78.45,
"2012-08-07",26,2012-08-07 20:30:00,2527.609,2012-08-07 19:42:03,2397.05,110.48,2507.53,71.62,
"2012-08-07",27,2012-08-07 21:00:00,2412.746,2012-08-07 20:12:11,2272.45,93.01,2365.46,59.07,
"2012-08-07",28,2012-08-07 21:30:00,2315.156,2012-08-07 20:42:17,2149.52,72.52,2222.04,60.03,
"2012-08-07",29,2012-08-07 22:00:00,2157.988,2012-08-07 21:12:29,2014.04,69.06,2083.1,44.72,
"2012-08-07",30,2012-08-07 22:30:00,2047.272,2012-08-07 21:42:23,1876.8,56.99,1933.79,37.11,
"2012-08-07",31,2012-08-07 23:00:00,1957.426,2012-08-07 22:12:31,1780.79,56.33,1837.12,41.02,
"2012-08-07",32,2012-08-07 23:30:00,1875.015,2012-08-07 22:42:25,1660,88.63,1748.63,36.38,
"2012-08-07",33,2012-08-08 00:00:00,1759.401,2012-08-07 23:12:47,1633.78,61.68,1695.46,57.84,
"2012-08-07",34,2012-08-08 00:30:00,1716.826,2012-08-07 23:12:47,1594.62,53.79,1648.41,58.08,
"2012-08-07",35,2012-08-08 01:00:00,1687.753,2012-08-07 23:12:47,1572.32,52.4,1624.72,58.48,
"2012-08-07",36,2012-08-08 01:30:00,1637.894,2012-08-08 00:42:47,1559.11,44.17,1603.28,58.76,
"2012-08-07",37,2012-08-08 02:00:00,1629.957,2012-08-08 01:12:53,1556.85,40.99,1597.84,57.71,
"2012-08-07",38,2012-08-08 02:30:00,1616.881,2012-08-08 01:43:11,1561.33,38.78,1600.11,57.58,
"2012-08-07",39,2012-08-08 03:00:00,1608.77,2012-08-08 02:13:16,1551.36,43.23,1594.59,57.57,
"2012-08-07",40,2012-08-08 03:30:00,1620.984,2012-08-08 02:43:20,1589.79,36.12,1625.91,58.78,
"2012-08-07",41,2012-08-08 04:00:00,1659.896,2012-08-08 03:13:34,1611.51,31.82,1643.33,58.76,
"2012-08-07",42,2012-08-08 04:30:00,1713.482,2012-08-08 03:43:12,1670.04,25.46,1695.5,53.27,
"2012-08-07",43,2012-08-08 05:00:00,1844.046,2012-08-08 04:13:16,1782.84,27.9,1810.74,49.56,
"2012-08-07",44,2012-08-08 05:30:00,1976.424,2012-08-08 04:43:46,1929.08,32.49,1961.57,57.92,
"2012-08-07",45,2012-08-08 06:00:00,2171.119,2012-08-08 05:13:54,2173.84,27.15,2200.99,61.57,
"2012-08-07",46,2012-08-08 06:30:00,2380.714,2012-08-08 05:43:37,2378.83,26.65,2405.48,79.03,
"2012-08-07",47,2012-08-08 07:00:00,2518.218,2012-08-08 06:13:41,2556.28,25.16,2581.44,94.96,
"2012-08-07",48,2012-08-08 07:30:00,2521.568,2012-08-08 06:43:58,2547.75,22.81,2570.56,98.32,
"2012-08-08",1,2012-08-08 08:00:00,2568.049,2012-08-08 07:14:07,2470.12,22.97,2493.09,56.01,
"2012-08-08",2,2012-08-08 08:30:00,2462.336,2012-08-08 07:43:59,2420.63,19.99,2440.62,56.01,
"2012-08-08",3,2012-08-08 09:00:00,2503.821,2012-08-08 08:14:14,2354.58,17.84,2372.42,49.68,
"2012-08-08",4,2012-08-08 09:30:00,2401.014,2012-08-08 08:44:21,2296.33,22.6,2318.93,50.66,
"2012-08-08",5,2012-08-08 10:00:00,2348.695,2012-08-08 09:14:04,2222.54,27.8,2250.34,51.2,
"2012-08-08",6,2012-08-08 10:30:00,2302.273,2012-08-08 09:44:32,2196.99,23.45,2220.44,51.88,
"2012-08-08",7,2012-08-08 11:00:00,2279.557,2012-08-08 10:14:15,2163.84,21.67,2185.51,51.76,
"2012-08-08",8,2012-08-08 11:30:00,2231.592,2012-08-08 10:44:50,2140.26,22,2162.26,56.01,
"2012-08-08",9,2012-08-08 12:00:00,2179.253,2012-08-08 11:14:43,2120.89,19.71,2140.6,45.6,
"2012-08-08",10,2012-08-08 12:30:00,2174.506,2012-08-08 11:44:50,2137.35,15.02,2152.37,45.6,
"2012-08-08",11,2012-08-08 13:00:00,2187.711,2012-08-08 12:14:56,2119.94,20.24,2140.18,42.38,
"2012-08-08",12,2012-08-08 13:30:00,2149.117,2012-08-08 12:44:58,2142.09,17.24,2159.33,45.63,
"2012-08-08",13,2012-08-08 14:00:00,2172.205,2012-08-08 13:14:48,2121.55,23.44,2144.99,42.38,
"2012-08-08",14,2012-08-08 14:30:00,2139.679,2012-08-08 13:40:02,2105.64,21.81,2127.45,42.38,
"2012-08-08",15,2012-08-08 15:00:00,2196.38,2012-08-08 14:10:14,2147.53,20.36,2167.89,56.01,
"2012-08-08",16,2012-08-08 15:30:00,2222.466,2012-08-08 14:40:14,2155.54,22.36,2177.9,44.06,
"2012-08-08",17,2012-08-08 16:00:00,2255.155,2012-08-08 15:10:16,2211.83,24.7,2236.53,65.89,
"2012-08-08",18,2012-08-08 16:30:00,2330.039,2012-08-08 15:40:29,2310.84,23.6,2334.44,70.17,
"2012-08-08",19,2012-08-08 17:00:00,2462.599,2012-08-08 16:10:41,2451.1,24.12,2475.22,84.74,
"2012-08-08",20,2012-08-08 17:30:00,2597.214,2012-08-08 16:40:23,2646.35,24.66,2671.01,103.71,
"2012-08-08",21,2012-08-08 18:00:00,2704.155,2012-08-08 17:10:49,2788.01,27.79,2815.8,121.63,
"2012-08-08",22,2012-08-08 18:30:00,2668.362,2012-08-08 17:40:38,2760.55,24.98,2785.53,134.3,
"2012-08-08",23,2012-08-08 19:00:00,2672.045,2012-08-08 18:10:38,2705.03,25,2730.03,83.39,
"2012-08-08",24,2012-08-08 19:30:00,2673.845,2012-08-08 18:40:38,2663.97,36.59,2700.56,79.25,
"2012-08-08",25,2012-08-08 20:00:00,2661.872,2012-08-08 19:10:59,2592.18,46.71,2638.89,80.29,
"2012-08-08",26,2012-08-08 20:30:00,2569.547,2012-08-08 19:40:52,2493.59,57.92,2551.51,77.83,
"2012-08-08",27,2012-08-08 21:00:00,2474.077,2012-08-08 20:11:05,2340.65,83.09,2423.74,59.98,
"2012-08-08",28,2012-08-08 21:30:00,2355.426,2012-08-08 20:41:10,2172.04,104.95,2276.99,56.01,
"2012-08-08",29,2012-08-08 22:00:00,2188.477,2012-08-08 21:11:08,2019.31,111.15,2130.46,45.17,
"2012-08-08",30,2012-08-08 22:30:00,2055.508,2012-08-08 21:41:31,1857.79,124.63,1982.42,38.28,
"2012-08-08",31,2012-08-08 23:00:00,1946.796,2012-08-08 22:11:35,1725.1,139.85,1864.95,42.31,
"2012-08-08",32,2012-08-08 23:30:00,1864.695,2012-08-08 22:41:39,1641.54,150.15,1791.69,39.12,
"2012-08-08",33,2012-08-09 00:00:00,1809.516,2012-08-08 23:11:40,1567.37,161.18,1728.55,39.12,
"2012-08-08",34,2012-08-09 00:30:00,1767.68,2012-08-08 23:11:40,1519.43,169.95,1689.38,39.03,
"2012-08-08",35,2012-08-09 01:00:00,1733.512,2012-08-08 23:11:40,1492.44,177.48,1669.92,39.17,
"2012-08-08",36,2012-08-09 01:30:00,1619.955,2012-08-09 00:41:36,1462.16,192.66,1654.82,39.19,
"2012-08-08",37,2012-08-09 02:00:00,1605.433,2012-08-09 01:12:05,1445.34,199,1644.34,39.86,
"2012-08-08",38,2012-08-09 02:30:00,1603.13,2012-08-09 01:42:02,1414.88,222.09,1636.97,40.09,
"2012-08-08",39,2012-08-09 03:00:00,1602.221,2012-08-09 02:12:23,1411.79,241.37,1653.16,40.11,
"2012-08-08",40,2012-08-09 03:30:00,1614.822,2012-08-09 02:42:16,1423.38,234.4,1657.78,40.27,
"2012-08-08",41,2012-08-09 04:00:00,1647.118,2012-08-09 03:12:03,1453.64,232.07,1685.71,40.62,
"2012-08-08",42,2012-08-09 04:30:00,1709.545,2012-08-09 03:42:10,1518.61,232.52,1751.13,34.98,
"2012-08-08",43,2012-08-09 05:00:00,1824.829,2012-08-09 04:12:14,1629.86,225.75,1855.61,36.01,
"2012-08-08",44,2012-08-09 05:30:00,2004.141,2012-08-09 04:42:50,1790.52,225.21,2015.73,43.23,
"2012-08-08",45,2012-08-09 06:00:00,2207.902,2012-08-09 05:12:49,2057.78,202.97,2260.75,49.56,
"2012-08-08",46,2012-08-09 06:30:00,2388.202,2012-08-09 05:42:45,2270.84,198.2,2469.04,59.98,
"2012-08-08",47,2012-08-09 07:00:00,2513.702,2012-08-09 06:13:02,2412.4,212.51,2624.91,83.39,
"2012-08-08",48,2012-08-09 07:30:00,2511.55,2012-08-09 06:42:39,2423.6,195.41,2619.01,76.34,
"2012-08-09",1,2012-08-09 08:00:00,2464.649,2012-08-09 07:13:07,2393.37,156.49,2549.86,42.56,
"2012-08-09",2,2012-08-09 08:30:00,2420.322,2012-08-09 07:43:15,2377.4,119.5,2496.9,43.07,
"2012-08-09",3,2012-08-09 09:00:00,2364.903,2012-08-09 08:12:54,2304.55,115.68,2420.23,55.33,
"2012-08-09",4,2012-08-09 09:30:00,2445.507,2012-08-09 08:43:00,2245.52,106.94,2352.46,45.06,
"2012-08-09",5,2012-08-09 10:00:00,2408.898,2012-08-09 09:13:31,2194.88,99.94,2294.82,56.01,
"2012-08-09",6,2012-08-09 10:30:00,2334.802,2012-08-09 09:43:32,2119.26,97.32,2216.58,42.05,
"2012-08-09",7,2012-08-09 11:00:00,2281.323,2012-08-09 10:13:16,2062.94,99.64,2162.58,45.06,
"2012-08-09",8,2012-08-09 11:30:00,2235.658,2012-08-09 10:43:21,2063.08,81.67,2144.75,45.06,
"2012-08-09",9,2012-08-09 12:00:00,2198.043,2012-08-09 11:13:47,2052.33,51.02,2103.35,43.58,
"2012-08-09",10,2012-08-09 12:30:00,2164.358,2012-08-09 11:43:39,2061.7,35.71,2097.41,48,
"2012-08-09",11,2012-08-09 13:00:00,2120.28,2012-08-09 12:14:04,2042.7,38.16,2080.86,52.42,
"2012-08-09",12,2012-08-09 13:30:00,2094.051,2012-08-09 12:44:01,2069.23,36.84,2106.07,56.86,
"2012-08-09",13,2012-08-09 14:00:00,2109.905,2012-08-09 13:14:03,2058.42,32.76,2091.18,56.86,
"2012-08-09",14,2012-08-09 14:30:00,2105.511,2012-08-09 13:44:17,2059.51,34.63,2094.14,56.86,
"2012-08-09",15,2012-08-09 15:00:00,2146.411,2012-08-09 14:13:56,2128.69,30.26,2158.95,68.38,
"2012-08-09",16,2012-08-09 15:30:00,2151.936,2012-08-09 14:44:15,2163.26,39.24,2202.5,64.38,
"2012-08-09",17,2012-08-09 16:00:00,2221.134,2012-08-09 15:14:29,2173.44,44.97,2218.41,60.35,
"2012-08-09",18,2012-08-09 16:30:00,2309.446,2012-08-09 15:44:36,2220.9,50.29,2271.19,60.2,
"2012-08-09",19,2012-08-09 17:00:00,2463.264,2012-08-09 16:14:16,2364.83,65.2,2430.03,78.45,
"2012-08-09",20,2012-08-09 17:30:00,2597.405,2012-08-09 16:44:33,2573.12,86.79,2659.91,100.84,
"2012-08-09",21,2012-08-09 18:00:00,2596.399,2012-08-09 17:14:45,2686.13,118.49,2804.62,118.6,
"2012-08-09",22,2012-08-09 18:30:00,2623.655,2012-08-09 17:44:31,2672.64,134.79,2807.43,103.13,
"2012-08-09",23,2012-08-09 19:00:00,2672.333,2012-08-09 18:14:32,2615.66,146.3,2761.96,78.23,
"2012-08-09",24,2012-08-09 19:30:00,2610.199,2012-08-09 18:14:32,2550.39,166.25,2716.64,67.62,
"2012-08-09",25,2012-08-09 20:00:00,2538.72,2012-08-09 18:14:32,2479.57,183.14,2662.71,59.79,
"2012-08-09",26,2012-08-09 20:30:00,2449.689,2012-08-09 18:14:32,2369.65,202.18,2571.83,59.49,
"2012-08-09",27,2012-08-09 21:00:00,2333.057,2012-08-09 18:14:32,2226.2,221.81,2448.01,56.01,
"2012-08-09",28,2012-08-09 21:30:00,2360.169,2012-08-09 20:40:16,2067.41,230.12,2297.53,44.06,
"2012-08-09",29,2012-08-09 22:00:00,2200.23,2012-08-09 21:10:00,1910.55,242.04,2152.59,38.29,
"2012-08-09",30,2012-08-09 22:30:00,2094.79,2012-08-09 21:40:15,1791.4,242.32,2033.72,37.12,
"2012-08-09",31,2012-08-09 23:00:00,2014.801,2012-08-09 22:10:32,1661.49,241.09,1902.58,36.06,
"2012-08-09",32,2012-08-09 23:30:00,1926.724,2012-08-09 22:40:18,1555.03,241.55,1796.58,36.12,
"2012-08-09",33,2012-08-10 00:00:00,1845.434,2012-08-09 23:10:40,1518.48,232.12,1750.6,39.37,
"2012-08-09",34,2012-08-10 00:30:00,1806.376,2012-08-09 23:10:40,1483.27,209.58,1692.85,39.37,
"2012-08-09",35,2012-08-10 01:00:00,1779.903,2012-08-09 23:10:40,1456.83,202.37,1659.2,39.41,
"2012-08-09",36,2012-08-10 01:30:00,1681.939,2012-08-10 00:40:57,1422.96,219.64,1642.6,39.49,
"2012-08-09",37,2012-08-10 02:00:00,1649.043,2012-08-10 01:11:06,1413.83,220.81,1634.64,39.66,
"2012-08-09",38,2012-08-10 02:30:00,1647.431,2012-08-10 01:40:48,1387.87,238.03,1625.9,35.09,
"2012-08-09",39,2012-08-10 03:00:00,1652.623,2012-08-10 02:11:11,1392.49,238.29,1630.78,39.84,
"2012-08-09",40,2012-08-10 03:30:00,1678.876,2012-08-10 02:41:07,1405.19,242.74,1647.93,39.76,
"2012-08-09",41,2012-08-10 04:00:00,1686.876,2012-08-10 03:11:20,1417.02,240.15,1657.17,39.62,
"2012-08-09",42,2012-08-10 04:30:00,1726.993,2012-08-10 03:41:30,1474.15,239.06,1713.21,34.97,
"2012-08-09",43,2012-08-10 05:00:00,1837.979,2012-08-10 04:11:32,1586.7,239.87,1826.57,36,
"2012-08-09",44,2012-08-10 05:30:00,1987.271,2012-08-10 04:41:29,1744.21,238.74,1982.95,40.53,
"2012-08-09",45,2012-08-10 06:00:00,2134.044,2012-08-10 05:11:35,1980.64,237.84,2218.48,43.34,
"2012-08-09",46,2012-08-10 06:30:00,2343.031,2012-08-10 05:41:46,2159.62,234.66,2394.28,44.8,
"2012-08-09",47,2012-08-10 07:00:00,2472.552,2012-08-10 06:11:57,2330.02,241.91,2571.93,77.45,
"2012-08-09",48,2012-08-10 07:30:00,2401.104,2012-08-10 06:42:04,2329.57,235,2564.57,48.52,
"2012-08-10",1,2012-08-10 08:00:00,2517.411,2012-08-10 07:11:44,2258.36,224.69,2483.05,46.48,
"2012-08-10",2,2012-08-10 08:30:00,2469.053,2012-08-10 07:42:00,2230.36,208.69,2439.05,47.1,
"2012-08-10",3,2012-08-10 09:00:00,2507.009,2012-08-10 08:12:00,2172.89,189.99,2362.88,45.59,
"2012-08-10",4,2012-08-10 09:30:00,2403.457,2012-08-10 08:42:21,2106.87,171.22,2278.09,43.82,
"2012-08-10",5,2012-08-10 10:00:00,2310.125,2012-08-10 09:12:15,2077.6,148.04,2225.64,41.59,
"2012-08-10",6,2012-08-10 10:30:00,2308.388,2012-08-10 09:42:29,2011.21,160.14,2171.35,39.2,
"2012-08-10",7,2012-08-10 11:00:00,2244.528,2012-08-10 10:12:22,1992.53,141.37,2133.9,39.22,
"2012-08-10",8,2012-08-10 11:30:00,2206.652,2012-08-10 10:42:47,1998,103.42,2101.42,39.18,
"2012-08-10",9,2012-08-10 12:00:00,2132.917,2012-08-10 11:12:47,1971.28,118.02,2089.3,39.29,
"2012-08-10",10,2012-08-10 12:30:00,2098.125,2012-08-10 11:42:48,1960.04,121.42,2081.46,39.31,
"2012-08-10",11,2012-08-10 13:00:00,2067.417,2012-08-10 12:13:04,1943.8,111.46,2055.26,39.34,
"2012-08-10",12,2012-08-10 13:30:00,2097.079,2012-08-10 12:42:40,1942.12,116.48,2058.6,39.43,
"2012-08-10",13,2012-08-10 14:00:00,2093.833,2012-08-10 13:13:12,1959.09,107.68,2066.77,39.33,
"2012-08-10",14,2012-08-10 14:30:00,2050.144,2012-08-10 13:43:15,1961.98,115.87,2077.85,39.31,
"2012-08-10",15,2012-08-10 15:00:00,2095.463,2012-08-10 14:13:17,1978.43,108.45,2086.88,39.27,
"2012-08-10",16,2012-08-10 15:30:00,2123.636,2012-08-10 14:43:18,2015.53,106.37,2121.9,39.17,
"2012-08-10",17,2012-08-10 16:00:00,2146.512,2012-08-10 15:13:23,2042.63,108.86,2151.49,39.16,
"2012-08-10",18,2012-08-10 16:30:00,2164.979,2012-08-10 15:43:29,2086.93,111.58,2198.51,45.06,
"2012-08-10",19,2012-08-10 17:00:00,2265.851,2012-08-10 16:13:28,2157.74,129.37,2287.11,59.79,
"2012-08-10",20,2012-08-10 17:30:00,2350.449,2012-08-10 16:43:31,2302.83,135.78,2438.61,64.11,
"2012-08-10",21,2012-08-10 18:00:00,2462.489,2012-08-10 17:13:39,2397.51,133.82,2531.33,64.05,
"2012-08-10",22,2012-08-10 18:30:00,2445.316,2012-08-10 17:43:44,2372.65,146.42,2519.07,55.87,
"2012-08-10",23,2012-08-10 19:00:00,2432.849,2012-08-10 18:13:48,2296.49,160.48,2456.97,44.08,
"2012-08-10",24,2012-08-10 19:30:00,2426.335,2012-08-10 18:43:52,2259.29,170.38,2429.67,44.85,
"2012-08-10",25,2012-08-10 20:00:00,2399.466,2012-08-10 19:13:56,2187.29,181.29,2368.58,48.42,
"2012-08-10",26,2012-08-10 20:30:00,2349.516,2012-08-10 19:44:15,2126.37,184.96,2311.33,44.38,
"2012-08-10",27,2012-08-10 21:00:00,2253.323,2012-08-10 20:14:02,2030.17,174.85,2205.02,44.48,
"2012-08-10",28,2012-08-10 21:30:00,2184.286,2012-08-10 20:44:10,1964.83,173.22,2138.05,47.06,
"2012-08-10",29,2012-08-10 22:00:00,2079.898,2012-08-10 21:14:16,1853.96,181.31,2035.27,38.42,
"2012-08-10",30,2012-08-10 22:30:00,1988.336,2012-08-10 21:44:30,1743.95,183.43,1927.38,38.39,
"2012-08-10",31,2012-08-10 23:00:00,1923.701,2012-08-10 22:14:18,1645.39,184.76,1830.15,43.99,
"2012-08-10",32,2012-08-10 23:30:00,1825.095,2012-08-10 22:44:24,1563.9,182.93,1746.83,38.63,
"2012-08-10",33,2012-08-11 00:00:00,1745.806,2012-08-10 23:14:29,1503.32,181.13,1684.45,38.85,
"2012-08-10",34,2012-08-11 00:30:00,1693.702,2012-08-10 23:14:29,1462.71,174.18,1636.89,38.98,
"2012-08-10",35,2012-08-11 01:00:00,1654.587,2012-08-10 23:14:29,1422.09,182.36,1604.45,39.11,
"2012-08-10",36,2012-08-11 01:30:00,1601.589,2012-08-11 00:44:56,1407.81,167.15,1574.96,39.15,
"2012-08-10",37,2012-08-11 02:00:00,1570.982,2012-08-11 01:09:52,1424.68,161.62,1586.3,39.18,
"2012-08-10",38,2012-08-11 02:30:00,1556.166,2012-08-11 01:39:57,1424.65,162.95,1587.6,39.2,
"2012-08-10",39,2012-08-11 03:00:00,1550.845,2012-08-11 02:14:58,1420.41,165.45,1585.86,52.61,
"2012-08-10",40,2012-08-11 03:30:00,1563.853,2012-08-11 02:40:15,1405.27,175.19,1580.46,46.06,
"2012-08-10",41,2012-08-11 04:00:00,1594.993,2012-08-11 03:10:01,1403.39,176.62,1580.01,39.05,
"2012-08-10",42,2012-08-11 04:30:00,1614.32,2012-08-11 03:40:22,1432.84,172.56,1605.4,38.9,
"2012-08-10",43,2012-08-11 05:00:00,1639.433,2012-08-11 04:10:23,1467.85,170.64,1638.49,38.67,
"2012-08-10",44,2012-08-11 05:30:00,1673.874,2012-08-11 04:40:30,1506.42,170.26,1676.68,38.46,
"2012-08-10",45,2012-08-11 06:00:00,1739.636,2012-08-11 05:10:40,1572.88,171.48,1744.36,30.73,
"2012-08-10",46,2012-08-11 06:30:00,1823.596,2012-08-11 05:40:40,1633.86,170.94,1804.8,43.66,
"2012-08-10",47,2012-08-11 07:00:00,1900.298,2012-08-11 06:10:51,1730.36,170.92,1901.28,46.06,
"2012-08-10",48,2012-08-11 07:30:00,1983.195,2012-08-11 06:40:41,1820.8,169.83,1990.63,38.49,
"2012-08-11",1,2012-08-11 08:00:00,1988.179,2012-08-11 07:11:00,1841.13,174.27,2015.4,38.33,
"2012-08-11",2,2012-08-11 08:30:00,1985.237,2012-08-11 07:41:04,1851.2,176.19,2027.39,38.32,
"2012-08-11",3,2012-08-11 09:00:00,2022.008,2012-08-11 08:11:08,1805.62,167.99,1973.61,38.32,
"2012-08-11",4,2012-08-11 09:30:00,1972.818,2012-08-11 08:41:17,1747.64,170.46,1918.1,38.46,
"2012-08-11",5,2012-08-11 10:00:00,1970.304,2012-08-11 09:11:24,1704.43,169.97,1874.4,38.71,
"2012-08-11",6,2012-08-11 10:30:00,1913.734,2012-08-11 09:41:24,1673.91,154.41,1828.32,38.83,
"2012-08-11",7,2012-08-11 11:00:00,1868.576,2012-08-11 10:11:18,1682.05,130.84,1812.89,38.82,
"2012-08-11",8,2012-08-11 11:30:00,1856.56,2012-08-11 10:41:18,1706.79,119.81,1826.6,38.85,
"2012-08-11",9,2012-08-11 12:00:00,1830.433,2012-08-11 11:11:52,1718.87,117.74,1836.61,39.01,
"2012-08-11",10,2012-08-11 12:30:00,1803.848,2012-08-11 11:41:43,1692.61,120.83,1813.44,38.95,
"2012-08-11",11,2012-08-11 13:00:00,1793.812,2012-08-11 12:12:00,1641.58,141.19,1782.77,38.78,
"2012-08-11",12,2012-08-11 13:30:00,1785.846,2012-08-11 12:41:56,1625.63,151.24,1776.87,38.66,
"2012-08-11",13,2012-08-11 14:00:00,1808.84,2012-08-11 13:11:53,1600.22,160.94,1761.16,38.68,
"2012-08-11",14,2012-08-11 14:30:00,1822.139,2012-08-11 13:42:05,1639.72,139.3,1779.02,38.72,
"2012-08-11",15,2012-08-11 15:00:00,1845.025,2012-08-11 14:12:08,1640.4,147.24,1787.64,39.01,
"2012-08-11",16,2012-08-11 15:30:00,1856.152,2012-08-11 14:42:15,1683.1,171.14,1854.24,38.92,
"2012-08-11",17,2012-08-11 16:00:00,1883.627,2012-08-11 15:12:29,1793.12,138.64,1931.76,42.05,
"2012-08-11",18,2012-08-11 16:30:00,1974.733,2012-08-11 15:42:36,1915.21,97.38,2012.59,59.54,
"2012-08-11",19,2012-08-11 17:00:00,2097.358,2012-08-11 16:12:29,2059.77,76.41,2136.18,78.23,
"2012-08-11",20,2012-08-11 17:30:00,2229.214,2012-08-11 16:42:44,2206.27,84.7,2290.97,83.75,
"2012-08-11",21,2012-08-11 18:00:00,2374.25,2012-08-11 17:12:41,2238.4,115.69,2354.09,78.45,
"2012-08-11",22,2012-08-11 18:30:00,2278.629,2012-08-11 17:42:34,2172.13,124.85,2296.98,56.88,
"2012-08-11",23,2012-08-11 19:00:00,2241.506,2012-08-11 18:12:51,2063.5,147.24,2210.74,56.83,
"2012-08-11",24,2012-08-11 19:30:00,2209.77,2012-08-11 18:42:55,1983.57,192.33,2175.9,50.86,
"2012-08-11",25,2012-08-11 20:00:00,2152.565,2012-08-11 19:12:53,1944.88,162.32,2107.2,45.22,
"2012-08-11",26,2012-08-11 20:30:00,2090.953,2012-08-11 19:43:10,1901.26,149.48,2050.74,38.88,
"2012-08-11",27,2012-08-11 21:00:00,2007.466,2012-08-11 20:13:04,1856.49,133.33,1989.82,38.83,
"2012-08-11",28,2012-08-11 21:30:00,1925.31,2012-08-11 20:43:10,1779.27,139.7,1918.97,38.57,
"2012-08-11",29,2012-08-11 22:00:00,1879.53,2012-08-11 21:13:23,1704.59,130.62,1835.21,38.59,
"2012-08-11",30,2012-08-11 22:30:00,1817.19,2012-08-11 21:43:36,1609.81,148.02,1757.83,38.65,
"2012-08-11",31,2012-08-11 23:00:00,1766.936,2012-08-11 22:13:18,1563.71,132.64,1696.35,38.72,
"2012-08-11",32,2012-08-11 23:30:00,1697.189,2012-08-11 22:43:45,1519.58,114.96,1634.54,38.93,
"2012-08-11",33,2012-08-12 00:00:00,1659.637,2012-08-11 23:13:28,1472.64,106.21,1578.85,38.61,
"2012-08-11",34,2012-08-12 00:30:00,1612.495,2012-08-11 23:13:28,1428.08,107.05,1535.13,38.82,
"2012-08-11",35,2012-08-12 01:00:00,1580.066,2012-08-11 23:13:28,1374.94,137.89,1512.83,39.05,
"2012-08-11",36,2012-08-12 01:30:00,1510.427,2012-08-12 00:44:05,1358.07,140.43,1498.5,39.2,
"2012-08-11",37,2012-08-12 02:00:00,1486.635,2012-08-12 01:13:55,1341.9,131.44,1473.34,39.31,
"2012-08-11",38,2012-08-12 02:30:00,1458.968,2012-08-12 01:44:06,1363.3,111.67,1474.97,46.06,
"2012-08-11",39,2012-08-12 03:00:00,1477.033,2012-08-12 02:14:25,1302.13,150.63,1452.76,35.83,
"2012-08-11",40,2012-08-12 03:30:00,1467.825,2012-08-12 02:44:14,1348.96,121.31,1470.27,46.06,
"2012-08-11",41,2012-08-12 04:00:00,1482.452,2012-08-12 03:14:12,1372.76,102.03,1474.79,52.83,
"2012-08-11",42,2012-08-12 04:30:00,1496.346,2012-08-12 03:44:40,1374.93,114.81,1489.74,46.06,
"2012-08-11",43,2012-08-12 05:00:00,1525.927,2012-08-12 04:14:38,1413.58,91.86,1505.44,55.46,
"2012-08-11",44,2012-08-12 05:30:00,1527.235,2012-08-12 04:44:31,1392.06,135.83,1527.89,23.27,
"2012-08-11",45,2012-08-12 06:00:00,1585.309,2012-08-12 05:14:53,1451.81,110.59,1562.4,31.46,
"2012-08-11",46,2012-08-12 06:30:00,1632.825,2012-08-12 05:44:56,1478.4,128.39,1606.79,37.35,
"2012-08-11",47,2012-08-12 07:00:00,1669.235,2012-08-12 06:09:35,1535.83,109.83,1645.66,14.31,
"2012-08-11",48,2012-08-12 07:30:00,1717.433,2012-08-12 06:44:50,1629.14,118.31,1747.45,39.2,
"2012-08-12",1,2012-08-12 08:00:00,1770.143,2012-08-12 07:09:47,1694.99,106.08,1801.07,39.2,
"2012-08-12",2,2012-08-12 08:30:00,1789.648,2012-08-12 07:40:03,1720.85,140.02,1860.87,39.21,
"2012-08-12",3,2012-08-12 09:00:00,1829.867,2012-08-12 08:10:12,1773.92,134.2,1908.12,39.25,
"2012-08-12",4,2012-08-12 09:30:00,1863.721,2012-08-12 08:40:26,1798.08,143.86,1941.94,39.69,
"2012-08-12",5,2012-08-12 10:00:00,1858.101,2012-08-12 09:10:26,1776.33,169.57,1945.9,48.06,
"2012-08-12",6,2012-08-12 10:30:00,1887.477,2012-08-12 09:40:36,1760.55,209.1,1969.65,39.69,
"2012-08-12",7,2012-08-12 11:00:00,1962.584,2012-08-12 10:10:37,1759.34,218.04,1977.38,45.06,
"2012-08-12",8,2012-08-12 11:30:00,1973.699,2012-08-12 10:40:48,1817.56,240.34,2057.9,56.01,
"2012-08-12",9,2012-08-12 12:00:00,1973.277,2012-08-12 11:10:58,1824.19,224.84,2049.03,59.42,
"2012-08-12",10,2012-08-12 12:30:00,1965.414,2012-08-12 11:40:42,1811.4,252.76,2064.16,48.06,
"2012-08-12",11,2012-08-12 13:00:00,2065.335,2012-08-12 12:11:00,1789.48,270.34,2059.82,56.87,
"2012-08-12",12,2012-08-12 13:30:00,2008.87,2012-08-12 12:40:44,1753.96,311.74,2065.7,39.69,
"2012-08-12",13,2012-08-12 14:00:00,2022.145,2012-08-12 13:11:13,1815.27,253.4,2068.67,48.06,
"2012-08-12",14,2012-08-12 14:30:00,2058.258,2012-08-12 13:41:03,1838.93,249.01,2087.94,57.24,
"2012-08-12",15,2012-08-12 15:00:00,2107.051,2012-08-12 14:11:25,1900.95,227.92,2128.87,59.79,
"2012-08-12",16,2012-08-12 15:30:00,2119.029,2012-08-12 14:41:10,1914.16,266.61,2180.77,59.77,
"2012-08-12",17,2012-08-12 16:00:00,2170.098,2012-08-12 15:11:34,1955.55,286.59,2242.14,59.51,
"2012-08-12",18,2012-08-12 16:30:00,2248.745,2012-08-12 15:41:40,2066.2,293.24,2359.44,59.2,
"2012-08-12",19,2012-08-12 17:00:00,2398.529,2012-08-12 16:11:28,2199.77,273.31,2473.08,66.35,
"2012-08-12",20,2012-08-12 17:30:00,2522.435,2012-08-12 16:41:54,2278.74,286.93,2565.67,82.78,
"2012-08-12",21,2012-08-12 18:00:00,2714.09,2012-08-12 17:11:28,2309.49,278.49,2587.98,99.69,
"2012-08-12",22,2012-08-12 18:30:00,2643.218,2012-08-12 17:41:56,2281.35,258.02,2539.37,116.79,
"2012-08-12",23,2012-08-12 19:00:00,2529.397,2012-08-12 18:11:44,2216.63,259.9,2476.53,78.23,
"2012-08-12",24,2012-08-12 19:30:00,2444.055,2012-08-12 18:41:44,2161.97,265.37,2427.34,62.8,
"2012-08-12",25,2012-08-12 20:00:00,2402.708,2012-08-12 19:12:06,2078.5,278.5,2357,46.06,
"2012-08-12",26,2012-08-12 20:30:00,2325.613,2012-08-12 19:42:07,1994.02,272.31,2266.33,39.69,
"2012-08-12",27,2012-08-12 21:00:00,2217.003,2012-08-12 20:12:20,1892.34,276.98,2169.32,39.19,
"2012-08-12",28,2012-08-12 21:30:00,2108.946,2012-08-12 20:42:16,1782.18,272.12,2054.3,39.69,
"2012-08-12",29,2012-08-12 22:00:00,2007.063,2012-08-12 21:12:39,1653.86,273.28,1927.14,38.7,
"2012-08-12",30,2012-08-12 22:30:00,1898.323,2012-08-12 21:42:26,1539.84,277.53,1817.37,35.29,
"2012-08-12",31,2012-08-12 23:00:00,1830.037,2012-08-12 22:12:38,1447.7,298.25,1745.95,28.79,
"2012-08-12",32,2012-08-12 23:30:00,1758.957,2012-08-12 22:42:32,1385.69,299.66,1685.35,20.57,
"2012-08-12",33,2012-08-13 00:00:00,1663.645,2012-08-12 23:12:42,1337.22,279.45,1616.67,13.5,
"2012-08-12",34,2012-08-13 00:30:00,1628.672,2012-08-12 23:12:43,1288.33,284.94,1573.27,5.98,
"2012-08-12",35,2012-08-13 01:00:00,1605.438,2012-08-12 23:12:43,1278.92,279.66,1558.58,6.19,
"2012-08-12",36,2012-08-13 01:30:00,1559.447,2012-08-13 00:42:49,1238.89,300.96,1539.85,1.22,
"2012-08-12",37,2012-08-13 02:00:00,1546.194,2012-08-13 01:13:13,1256.79,279.96,1536.75,6.67,
"2012-08-12",38,2012-08-13 02:30:00,1555.455,2012-08-13 01:43:00,1286.53,246.85,1533.38,6.85,
"2012-08-12",39,2012-08-13 03:00:00,1564.09,2012-08-13 02:13:14,1256.42,263.24,1519.66,6.83,
"2012-08-12",40,2012-08-13 03:30:00,1561.094,2012-08-13 02:43:31,1254.55,253.33,1507.88,6.55,
"2012-08-12",41,2012-08-13 04:00:00,1596.216,2012-08-13 03:13:34,1332.28,204.28,1536.56,39.58,
"2012-08-12",42,2012-08-13 04:30:00,1629.468,2012-08-13 03:43:22,1393.05,184.22,1577.27,5.05,
"2012-08-12",43,2012-08-13 05:00:00,1734.839,2012-08-13 04:13:28,1544.63,153.98,1698.61,14.04,
"2012-08-12",44,2012-08-13 05:30:00,1780.361,2012-08-13 04:43:42,1694.18,169.88,1864.06,56.01,
"2012-08-12",45,2012-08-13 06:00:00,2030.381,2012-08-13 05:13:51,1965.26,142.75,2108.01,58.83,
"2012-08-12",46,2012-08-13 06:30:00,2246.444,2012-08-13 05:43:36,2149.64,134.05,2283.69,61.42,
"2012-08-12",47,2012-08-13 07:00:00,2408.399,2012-08-13 06:13:58,2331.17,115.57,2446.74,76.48,
"2012-08-12",48,2012-08-13 07:30:00,2440.487,2012-08-13 06:44:00,2384.17,92.85,2477.02,93.68,
"2012-08-13",1,2012-08-13 08:00:00,2404.939,2012-08-13 07:14:09,2356.11,73.66,2429.77,65.13,
"2012-08-13",2,2012-08-13 08:30:00,2373.708,2012-08-13 07:44:02,2261.18,109.28,2370.46,51,
"2012-08-13",3,2012-08-13 09:00:00,2338.995,2012-08-13 08:14:15,2176.38,143.99,2320.37,48.26,
"2012-08-13",4,2012-08-13 09:30:00,2292.628,2012-08-13 08:44:07,2142.63,115.57,2258.2,45.52,
"2012-08-13",5,2012-08-13 10:00:00,2317.692,2012-08-13 09:14:10,2130.05,94.65,2224.7,42.33,
"2012-08-13",6,2012-08-13 10:30:00,2241.161,2012-08-13 09:44:29,2091.05,84.18,2175.23,39.17,
"2012-08-13",7,2012-08-13 11:00:00,2166.215,2012-08-13 10:14:23,2133.61,53.8,2187.41,56.01,
"2012-08-13",8,2012-08-13 11:30:00,2179.205,2012-08-13 10:44:47,2127.29,47.31,2174.6,54.61,
"2012-08-13",9,2012-08-13 12:00:00,2137.461,2012-08-13 11:14:46,2118.28,32.31,2150.59,53.07,
"2012-08-13",10,2012-08-13 12:30:00,2144.438,2012-08-13 11:44:57,2121.92,29.97,2151.89,46.42,
"2012-08-13",11,2012-08-13 13:00:00,2125.474,2012-08-13 12:14:48,2133.14,26.67,2159.81,48.06,
"2012-08-13",12,2012-08-13 13:30:00,2114.723,2012-08-13 12:39:41,2147.32,21.62,2168.94,61.59,
"2012-08-13",13,2012-08-13 14:00:00,2138.069,2012-08-13 13:14:54,2113.13,18.66,2131.79,42.79,
"2012-08-13",14,2012-08-13 14:30:00,2147.987,2012-08-13 13:39:54,2088.68,20.3,2108.98,39.15,
"2012-08-13",15,2012-08-13 15:00:00,2169.08,2012-08-13 14:10:05,2129.46,17.47,2146.93,48.06,
"2012-08-13",16,2012-08-13 15:30:00,2210.102,2012-08-13 14:40:18,2150.56,23.78,2174.34,53.07,
"2012-08-13",17,2012-08-13 16:00:00,2209.866,2012-08-13 15:10:18,2222.73,25.13,2247.86,59.44,
"2012-08-13",18,2012-08-13 16:30:00,2312.591,2012-08-13 15:40:27,2338.53,21.49,2360.02,77.73,
"2012-08-13",19,2012-08-13 17:00:00,2427.587,2012-08-13 16:10:45,2521.26,22.74,2544,96.68,
"2012-08-13",20,2012-08-13 17:30:00,2636.836,2012-08-13 16:40:44,2723.71,31.49,2755.2,121.07,
"2012-08-13",21,2012-08-13 18:00:00,2671.644,2012-08-13 17:10:44,2820.96,39.31,2860.27,136.61,
"2012-08-13",22,2012-08-13 18:30:00,2675.906,2012-08-13 17:40:48,2785.08,44.22,2829.3,138.01,
"2012-08-13",23,2012-08-13 19:00:00,2699.937,2012-08-13 18:10:38,2714.46,44.03,2758.49,119.58,
"2012-08-13",24,2012-08-13 19:30:00,2670.671,2012-08-13 18:40:51,2639.03,50.4,2689.43,97.06,
"2012-08-13",25,2012-08-13 20:00:00,2602.47,2012-08-13 19:11:01,2560.07,52.59,2612.66,85.86,
"2012-08-13",26,2012-08-13 20:30:00,2546.44,2012-08-13 19:41:13,2452.93,55.5,2508.43,82.4,
"2012-08-13",27,2012-08-13 21:00:00,2437.713,2012-08-13 20:11:22,2322.6,56.23,2378.83,64.18,
"2012-08-13",28,2012-08-13 21:30:00,2312.26,2012-08-13 20:41:01,2170.24,50.37,2220.61,59.38,
"2012-08-13",29,2012-08-13 22:00:00,2157.586,2012-08-13 21:11:26,2025.38,50.01,2075.39,59.63,
"2012-08-13",30,2012-08-13 22:30:00,2043.419,2012-08-13 21:41:13,1886.41,46.43,1932.84,39.55,
"2012-08-13",31,2012-08-13 23:00:00,1938.294,2012-08-13 22:11:31,1776.67,43.93,1820.6,59.89,
"2012-08-13",32,2012-08-13 23:30:00,1848.016,2012-08-13 22:41:37,1709.06,38.76,1747.82,60.22,
"2012-08-13",33,2012-08-14 00:00:00,1753.343,2012-08-13 23:11:41,1658.08,35.8,1693.88,60.45,
"2012-08-13",34,2012-08-14 00:30:00,1711.275,2012-08-13 23:11:41,1628.84,35.26,1664.1,60.69,
"2012-08-13",35,2012-08-14 01:00:00,1683.09,2012-08-13 23:11:41,1587.49,41.87,1629.36,61.07,
"2012-08-13",36,2012-08-14 01:30:00,1639.975,2012-08-14 00:41:52,1556.91,43.47,1600.38,61.4,
"2012-08-13",37,2012-08-14 02:00:00,1635.436,2012-08-14 01:11:45,1531.32,48.67,1579.99,58.45,
"2012-08-13",38,2012-08-14 02:30:00,1636.771,2012-08-14 01:42:11,1524.16,55.46,1579.62,58.82,
"2012-08-13",39,2012-08-14 03:00:00,1624.609,2012-08-14 02:12:30,1506.51,68.95,1575.46,58.92,
"2012-08-13",40,2012-08-14 03:30:00,1617.239,2012-08-14 02:42:20,1518.23,72.34,1590.57,58.64,
"2012-08-13",41,2012-08-14 04:00:00,1639.405,2012-08-14 03:12:35,1541.61,70.35,1611.96,58.46,
"2012-08-13",42,2012-08-14 04:30:00,1702.174,2012-08-14 03:42:12,1597.33,60.06,1657.39,38.98,
"2012-08-13",43,2012-08-14 05:00:00,1797.492,2012-08-14 04:12:34,1708.79,50.32,1759.11,57.81,
"2012-08-13",44,2012-08-14 05:30:00,1932.79,2012-08-14 04:42:36,1825.26,52.82,1878.08,75.59,
"2012-08-13",45,2012-08-14 06:00:00,2131.764,2012-08-14 05:12:26,2073.01,56,2129.01,83.39,
"2012-08-13",46,2012-08-14 06:30:00,2332.124,2012-08-14 05:43:00,2224.74,63,2287.74,83.39,
"2012-08-13",47,2012-08-14 07:00:00,2455.792,2012-08-14 06:13:05,2394.59,63.69,2458.28,126.62,
"2012-08-13",48,2012-08-14 07:30:00,2386.134,2012-08-14 06:43:03,2408.4,67.27,2475.67,107.08,
"2012-08-14",1,2012-08-14 08:00:00,2414.835,2012-08-14 07:13:16,2358.99,54.9,2413.89,74,
"2012-08-14",2,2012-08-14 08:30:00,2348.611,2012-08-14 07:43:14,2334.2,50,2384.2,67.08,
"2012-08-14",3,2012-08-14 09:00:00,2434.681,2012-08-14 08:13:24,2318.01,46.62,2364.63,70.7,
"2012-08-14",4,2012-08-14 09:30:00,2309.201,2012-08-14 08:43:23,2278.71,50.03,2328.74,65.65,
"2012-08-14",5,2012-08-14 10:00:00,2293.557,2012-08-14 09:13:26,2227.47,46.42,2273.89,59.15,
"2012-08-14",6,2012-08-14 10:30:00,2311.862,2012-08-14 09:43:31,2192.05,46.67,2238.72,56.01,
"2012-08-14",7,2012-08-14 11:00:00,2240.522,2012-08-14 10:13:31,2164.02,45.55,2209.57,56.01,
"2012-08-14",8,2012-08-14 11:30:00,2263.709,2012-08-14 10:43:43,2134.08,57.62,2191.7,45.81,
"2012-08-14",9,2012-08-14 12:00:00,2213.862,2012-08-14 11:13:47,2120.36,59.92,2180.28,46.1,
"2012-08-14",10,2012-08-14 12:30:00,2199.086,2012-08-14 11:43:44,2101.33,69.27,2170.6,46.4,
"2012-08-14",11,2012-08-14 13:00:00,2162.549,2012-08-14 12:14:07,2051.65,78.12,2129.77,43.06,
"2012-08-14",12,2012-08-14 13:30:00,2211.565,2012-08-14 12:44:03,2067.97,73.2,2141.17,46.36,
"2012-08-14",13,2012-08-14 14:00:00,2126.01,2012-08-14 13:14:00,2088.71,65.48,2154.19,46.38,
"2012-08-14",14,2012-08-14 14:30:00,2171.76,2012-08-14 13:44:12,2085.79,74.39,2160.18,46.22,
"2012-08-14",15,2012-08-14 15:00:00,2185.63,2012-08-14 14:14:27,2112.48,62.4,2174.88,46.44,
"2012-08-14",16,2012-08-14 15:30:00,2234.74,2012-08-14 14:44:23,2168.81,69.55,2238.36,46.32,
"2012-08-14",17,2012-08-14 16:00:00,2268.436,2012-08-14 15:14:30,2210.82,65.11,2275.93,75.72,
"2012-08-14",18,2012-08-14 16:30:00,2358.427,2012-08-14 15:44:20,2302.65,42.75,2345.4,82.4,
"2012-08-14",19,2012-08-14 17:00:00,2479.938,2012-08-14 16:14:17,2446.78,44.04,2490.82,104.54,
"2012-08-14",20,2012-08-14 17:30:00,2583.437,2012-08-14 16:44:28,2607.14,49.92,2657.06,121.56,
"2012-08-14",21,2012-08-14 18:00:00,2677.785,2012-08-14 17:14:56,2714.57,52.45,2767.02,121.43,
"2012-08-14",22,2012-08-14 18:30:00,2642.812,2012-08-14 17:44:56,2666.89,56.09,2722.98,103.13,
"2012-08-14",23,2012-08-14 19:00:00,2617.589,2012-08-14 18:09:54,2540.34,87.47,2627.81,91.87,
"2012-08-14",24,2012-08-14 19:30:00,2645.343,2012-08-14 18:44:48,2475.79,95.78,2571.57,87.2,
"2012-08-14",25,2012-08-14 20:00:00,2574.466,2012-08-14 19:09:59,2413.31,90.43,2503.74,75.53,
"2012-08-14",26,2012-08-14 20:30:00,2474.74,2012-08-14 19:40:05,2302.8,107.94,2410.74,78.79,
"2012-08-14",27,2012-08-14 21:00:00,2350.816,2012-08-14 20:10:12,2184.61,104.47,2289.08,82.4,
"2012-08-14",28,2012-08-14 21:30:00,2223.419,2012-08-14 20:40:17,2027.49,115.26,2142.75,82.4,
"2012-08-14",29,2012-08-14 22:00:00,2071.453,2012-08-14 21:10:32,1886.08,114.93,2001.01,45.51,
"2012-08-14",30,2012-08-14 22:30:00,1975.491,2012-08-14 21:40:19,1771.79,102.16,1873.95,43.9,
"2012-08-14",31,2012-08-14 23:00:00,1871.596,2012-08-14 22:10:43,1716.31,96.54,1812.85,42.61,
"2012-08-14",32,2012-08-14 23:30:00,1785.716,2012-08-14 22:40:26,1651.8,71.54,1723.34,47.06,
"2012-08-14",33,2012-08-15 00:00:00,1736.904,2012-08-14 23:10:23,1610.97,57.54,1668.51,57.4,
"2012-08-14",34,2012-08-15 00:30:00,1695.131,2012-08-14 23:10:23,1572.16,51.46,1623.62,57.44,
"2012-08-14",35,2012-08-15 01:00:00,1667.216,2012-08-14 23:10:23,1547.65,45.58,1593.23,57.39,
"2012-08-14",36,2012-08-15 01:30:00,1605.355,2012-08-15 00:40:56,1545.45,43.16,1588.61,57.57,
"2012-08-14",37,2012-08-15 02:00:00,1580.863,2012-08-15 01:11:03,1527.13,47.01,1574.14,56.44,
"2012-08-14",38,2012-08-15 02:30:00,1583.023,2012-08-15 01:41:11,1535.24,35.86,1571.1,56.55,
"2012-08-14",39,2012-08-15 03:00:00,1573.118,2012-08-15 02:11:09,1515.48,31.06,1546.54,56.55,
"2012-08-14",40,2012-08-15 03:30:00,1586.846,2012-08-15 02:41:02,1552.28,27.28,1579.56,56.44,
"2012-08-14",41,2012-08-15 04:00:00,1616.547,2012-08-15 03:11:19,1589.53,23.27,1612.8,56.25,
"2012-08-14",42,2012-08-15 04:30:00,1693.392,2012-08-15 03:41:25,1637.84,32.25,1670.09,56.55,
"2012-08-14",43,2012-08-15 05:00:00,1761.783,2012-08-15 04:11:35,1728.78,29.61,1758.39,56.69,
"2012-08-14",44,2012-08-15 05:30:00,1927.825,2012-08-15 04:41:53,1892.03,22.36,1914.39,87.45,
"2012-08-14",45,2012-08-15 06:00:00,2118.631,2012-08-15 05:11:36,2075.44,29.04,2104.48,102.2,
"2012-08-14",46,2012-08-15 06:30:00,2321.487,2012-08-15 05:36:55,2234.91,26.35,2261.26,319.42,
"2012-08-14",47,2012-08-15 07:00:00,2441.692,2012-08-15 06:11:47,2428.87,27.02,2455.89,322.5,
"2012-08-14",48,2012-08-15 07:30:00,2367.169,2012-08-15 06:42:01,2423.61,22.39,2446,322.5,
"2012-08-15",1,2012-08-15 08:00:00,2366.263,2012-08-15 07:11:46,2388.14,23.92,2412.06,80.12,
"2012-08-15",2,2012-08-15 08:30:00,2351.302,2012-08-15 07:42:22,2369.43,20.28,2389.71,82.71,
"2012-08-15",3,2012-08-15 09:00:00,2352.781,2012-08-15 08:12:25,2305.27,20.5,2325.77,78.45,
"2012-08-15",4,2012-08-15 09:30:00,2308.106,2012-08-15 08:42:26,2248.04,25.89,2273.93,70.7,
"2012-08-15",5,2012-08-15 10:00:00,2325.974,2012-08-15 09:12:18,2185.96,43.85,2229.81,74.42,
"2012-08-15",6,2012-08-15 10:30:00,2239.176,2012-08-15 09:42:30,2138.92,46.29,2185.21,60.82,
"2012-08-15",7,2012-08-15 11:00:00,2234.184,2012-08-15 10:12:16,2126.77,55.77,2182.54,61.66,
"2012-08-15",8,2012-08-15 11:30:00,2185.212,2012-08-15 10:42:29,2114.32,46.23,2160.55,61.96,
"2012-08-15",9,2012-08-15 12:00:00,2188.159,2012-08-15 11:12:46,2089.27,46.87,2136.14,62.12,
"2012-08-15",10,2012-08-15 12:30:00,2140.902,2012-08-15 11:43:00,2072.49,47.51,2120,62.27,
"2012-08-15",11,2012-08-15 13:00:00,2177.755,2012-08-15 12:12:37,2063.73,42.77,2106.5,62.24,
"2012-08-15",12,2012-08-15 13:30:00,2145.56,2012-08-15 12:42:59,2037.71,54.84,2092.55,62.24,
"2012-08-15",13,2012-08-15 14:00:00,2163.497,2012-08-15 13:13:05,2040.23,60.64,2100.87,62.28,
"2012-08-15",14,2012-08-15 14:30:00,2133.06,2012-08-15 13:42:58,2025.04,66.72,2091.76,62.1,
"2012-08-15",15,2012-08-15 15:00:00,2160.873,2012-08-15 14:13:10,2040.38,90.31,2130.69,61.35,
"2012-08-15",16,2012-08-15 15:30:00,2190.732,2012-08-15 14:43:23,2062.35,84.39,2146.74,70.7,
"2012-08-15",17,2012-08-15 16:00:00,2224.533,2012-08-15 15:13:20,2101.33,77.73,2179.06,70.7,
"2012-08-15",18,2012-08-15 16:30:00,2308.124,2012-08-15 15:43:15,2208.38,73.81,2282.19,95.72,
"2012-08-15",19,2012-08-15 17:00:00,2401.282,2012-08-15 16:13:43,2329.67,72.73,2402.4,117.02,
"2012-08-15",20,2012-08-15 17:30:00,2536.452,2012-08-15 16:43:24,2510.2,75.33,2585.53,182.96,
"2012-08-15",21,2012-08-15 18:00:00,2597.976,2012-08-15 17:13:46,2650.46,79.68,2730.14,153.6,
"2012-08-15",22,2012-08-15 18:30:00,2560.387,2012-08-15 17:43:58,2644.3,97.52,2741.82,121.27,
"2012-08-15",23,2012-08-15 19:00:00,2576.477,2012-08-15 18:13:55,2582,96.14,2678.14,89.97,
"2012-08-15",24,2012-08-15 19:30:00,2609.438,2012-08-15 18:44:00,2534.29,93.53,2627.82,88.91,
"2012-08-15",25,2012-08-15 20:00:00,2580.643,2012-08-15 19:14:16,2461.22,93.53,2554.75,88.18,
"2012-08-15",26,2012-08-15 20:30:00,2498.02,2012-08-15 19:44:13,2412.76,83.73,2496.49,89.03,
"2012-08-15",27,2012-08-15 21:00:00,2386.632,2012-08-15 20:14:06,2289.34,78.89,2368.23,82.4,
"2012-08-15",28,2012-08-15 21:30:00,2264.899,2012-08-15 20:44:16,2101.86,117.11,2218.97,66.9,
"2012-08-15",29,2012-08-15 22:00:00,2150.447,2012-08-15 21:14:18,1946.67,129.87,2076.54,51.91,
"2012-08-15",30,2012-08-15 22:30:00,2048.475,2012-08-15 21:44:10,1793.92,127.26,1921.18,41.48,
"2012-08-15",31,2012-08-15 23:00:00,1945.892,2012-08-15 22:14:15,1703.95,122.36,1826.31,57.97,
"2012-08-15",32,2012-08-15 23:30:00,1871.636,2012-08-15 22:44:47,1621.32,124.61,1745.93,58.22,
"2012-08-15",33,2012-08-16 00:00:00,1743.913,2012-08-15 23:14:43,1598.29,119.85,1718.14,58.89,
"2012-08-15",34,2012-08-16 00:30:00,1703.054,2012-08-15 23:14:43,1558.88,116.82,1675.7,59.36,
"2012-08-15",35,2012-08-16 01:00:00,1676.065,2012-08-15 23:14:43,1553.18,100.1,1653.28,59.57,
"2012-08-15",36,2012-08-16 01:30:00,1638.632,2012-08-16 00:44:44,1539.92,93.55,1633.47,58.31,
"2012-08-15",37,2012-08-16 02:00:00,1625.932,2012-08-16 01:14:56,1528.16,95.65,1623.81,58.43,
"2012-08-15",38,2012-08-16 02:30:00,1601.744,2012-08-16 01:40:21,1511.62,103.83,1615.45,58.42,
"2012-08-15",39,2012-08-16 03:00:00,1607.813,2012-08-16 02:10:16,1513.56,108.04,1621.6,58.22,
"2012-08-15",40,2012-08-16 03:30:00,1633.003,2012-08-16 02:40:02,1516.78,115.52,1632.3,59.39,
"2012-08-15",41,2012-08-16 04:00:00,1644.437,2012-08-16 03:10:37,1514.83,129.79,1644.62,39.24,
"2012-08-15",42,2012-08-16 04:30:00,1688.321,2012-08-16 03:40:09,1544.09,159.79,1703.88,41.27,
"2012-08-15",43,2012-08-16 05:00:00,1808.157,2012-08-16 04:10:33,1664.72,164.25,1828.97,41.66,
"2012-08-15",44,2012-08-16 05:30:00,1957.796,2012-08-16 04:40:20,1813.25,155.84,1969.09,53.44,
"2012-08-15",45,2012-08-16 06:00:00,2134.895,2012-08-16 05:10:26,2022.85,162.04,2184.89,59.73,
"2012-08-15",46,2012-08-16 06:30:00,2359.408,2012-08-16 05:40:49,2228.92,139.54,2368.46,69.78,
"2012-08-15",47,2012-08-16 07:00:00,2476.644,2012-08-16 06:11:09,2387.22,154.77,2541.99,76.45,
"2012-08-15",48,2012-08-16 07:30:00,2479.704,2012-08-16 06:40:56,2399.3,147.44,2546.74,70.7,
"2012-08-16",1,2012-08-16 08:00:00,2413.214,2012-08-16 07:10:58,2357.29,107.02,2464.31,57.07,
"2012-08-16",2,2012-08-16 08:30:00,2414.236,2012-08-16 07:41:07,2327.59,74.93,2402.52,48.17,
"2012-08-16",3,2012-08-16 09:00:00,2445.861,2012-08-16 08:11:26,2243.76,103.84,2347.6,46.28,
"2012-08-16",4,2012-08-16 09:30:00,2340.939,2012-08-16 08:41:02,2169.19,114.52,2283.71,47.4,
"2012-08-16",5,2012-08-16 10:00:00,2309.438,2012-08-16 09:11:32,2124.11,95.24,2219.35,59.73,
"2012-08-16",6,2012-08-16 10:30:00,2270.79,2012-08-16 09:41:17,2105.01,90.63,2195.64,42.31,
"2012-08-16",7,2012-08-16 11:00:00,2235.919,2012-08-16 10:11:33,2067,64.93,2131.93,42.15,
"2012-08-16",8,2012-08-16 11:30:00,2193.446,2012-08-16 10:41:23,2056.04,48.9,2104.94,39.16,
"2012-08-16",9,2012-08-16 12:00:00,2168.392,2012-08-16 11:11:47,2043.8,38.41,2082.21,39.18,
"2012-08-16",10,2012-08-16 12:30:00,2111.136,2012-08-16 11:41:50,2044.5,38.66,2083.16,39.2,
"2012-08-16",11,2012-08-16 13:00:00,2094.164,2012-08-16 12:12:03,2049.34,34.99,2084.33,39.2,
"2012-08-16",12,2012-08-16 13:30:00,2078.643,2012-08-16 12:42:00,2046.3,32.41,2078.71,39.2,
"2012-08-16",13,2012-08-16 14:00:00,2087.168,2012-08-16 13:12:15,2036.59,28.87,2065.46,39.18,
"2012-08-16",14,2012-08-16 14:30:00,2104.937,2012-08-16 13:42:07,2039.37,27.76,2067.13,42.05,
"2012-08-16",15,2012-08-16 15:00:00,2116.675,2012-08-16 14:11:56,2049.1,35.94,2085.04,56.01,
"2012-08-16",16,2012-08-16 15:30:00,2118.342,2012-08-16 14:42:32,2070.94,47.71,2118.65,56.01,
"2012-08-16",17,2012-08-16 16:00:00,2195.558,2012-08-16 15:12:22,2134.62,25.81,2160.43,59.43,
"2012-08-16",18,2012-08-16 16:30:00,2225.81,2012-08-16 15:42:29,2201.74,36.81,2238.55,47.67,
"2012-08-16",19,2012-08-16 17:00:00,2369.501,2012-08-16 16:12:35,2327.29,57.25,2384.54,70.7,
"2012-08-16",20,2012-08-16 17:30:00,2528.468,2012-08-16 16:42:28,2492.52,85.03,2577.55,84.65,
"2012-08-16",21,2012-08-16 18:00:00,2606.726,2012-08-16 17:12:33,2614.57,105.68,2720.25,131.57,
"2012-08-16",22,2012-08-16 18:30:00,2604.199,2012-08-16 17:42:41,2610.75,118.88,2729.63,136.6,
"2012-08-16",23,2012-08-16 19:00:00,2607.031,2012-08-16 18:12:36,2567.89,122.39,2690.28,114,
"2012-08-16",24,2012-08-16 19:30:00,2640.152,2012-08-16 18:42:41,2473.11,159.17,2632.28,77.98,
"2012-08-16",25,2012-08-16 20:00:00,2600.227,2012-08-16 19:12:49,2399.39,185.35,2584.74,61.63,
"2012-08-16",26,2012-08-16 20:30:00,2531.464,2012-08-16 19:42:53,2266.31,219.86,2486.17,46.47,
"2012-08-16",27,2012-08-16 21:00:00,2417.934,2012-08-16 20:13:27,2133.86,222.41,2356.27,56.01,
"2012-08-16",28,2012-08-16 21:30:00,2292.546,2012-08-16 20:43:13,1964.97,232.91,2197.88,41.91,
"2012-08-16",29,2012-08-16 22:00:00,2128.38,2012-08-16 21:13:23,1841.25,217.08,2058.33,38.2,
"2012-08-16",30,2012-08-16 22:30:00,2001.881,2012-08-16 21:43:22,1686.76,222.75,1909.51,37.13,
"2012-08-16",31,2012-08-16 23:00:00,1916.541,2012-08-16 22:13:26,1589.04,190.58,1779.62,37.17,
"2012-08-16",32,2012-08-16 23:30:00,1827.437,2012-08-16 22:43:44,1490.44,223.12,1713.56,36.12,
"2012-08-16",33,2012-08-17 00:00:00,1708.448,2012-08-16 23:13:25,1385.19,267.24,1652.43,34.97,
"2012-08-16",34,2012-08-17 00:30:00,1667.975,2012-08-16 23:13:25,1305.73,298,1603.73,5.97,
"2012-08-16",35,2012-08-17 01:00:00,1641.823,2012-08-16 23:13:25,1284.26,300.94,1585.2,6.1,
"2012-08-16",36,2012-08-17 01:30:00,1599.604,2012-08-17 00:43:37,1289.76,303.88,1593.64,6.34,
"2012-08-16",37,2012-08-17 02:00:00,1586.343,2012-08-17 01:13:42,1297.69,282.25,1579.94,35.13,
"2012-08-16",38,2012-08-17 02:30:00,1586.502,2012-08-17 01:44:14,1340.31,238.72,1579.03,35.16,
"2012-08-16",39,2012-08-17 03:00:00,1618.005,2012-08-17 02:13:55,1337.68,246.87,1584.55,35.16,
"2012-08-16",40,2012-08-17 03:30:00,1597.432,2012-08-17 02:44:02,1355.84,244.44,1600.28,35.14,
"2012-08-16",41,2012-08-17 04:00:00,1616.72,2012-08-17 03:14:25,1360.28,249.96,1610.24,35.23,
"2012-08-16",42,2012-08-17 04:30:00,1679.271,2012-08-17 03:44:11,1385.93,283.27,1669.2,7.22,
"2012-08-16",43,2012-08-17 05:00:00,1781.594,2012-08-17 04:14:46,1476.26,288.33,1764.59,14.05,
"2012-08-16",44,2012-08-17 05:30:00,1887.304,2012-08-17 04:44:37,1603.58,296.62,1900.2,35.47,
"2012-08-16",45,2012-08-17 06:00:00,2085.88,2012-08-17 05:14:48,1800.04,296.36,2096.4,39.95,
"2012-08-16",46,2012-08-17 06:30:00,2278.411,2012-08-17 05:44:39,1991.65,286.62,2278.27,44.11,
"2012-08-16",47,2012-08-17 07:00:00,2416.202,2012-08-17 06:14:43,2209.8,255.9,2465.7,60.46,
"2012-08-16",48,2012-08-17 07:30:00,2375.532,2012-08-17 06:44:57,2269.07,253.83,2522.9,59.73,
"2012-08-17",1,2012-08-17 08:00:00,2386.584,2012-08-17 07:09:43,2284.64,250.75,2535.39,51.6,
"2012-08-17",2,2012-08-17 08:30:00,2474.081,2012-08-17 07:40:10,2278.99,224.37,2503.36,48.8,
"2012-08-17",3,2012-08-17 09:00:00,2430.711,2012-08-17 08:09:55,2176.93,223.1,2400.03,49.43,
"2012-08-17",4,2012-08-17 09:30:00,2418.955,2012-08-17 08:40:02,2155.49,215.63,2371.12,52.41,
"2012-08-17",5,2012-08-17 10:00:00,2390.567,2012-08-17 09:10:31,2081.66,211.8,2293.46,46.06,
"2012-08-17",6,2012-08-17 10:30:00,2358.212,2012-08-17 09:40:08,2078.73,189.22,2267.95,51.08,
"2012-08-17",7,2012-08-17 11:00:00,2329.659,2012-08-17 10:10:34,2069.35,180.44,2249.79,48.58,
"2012-08-17",8,2012-08-17 11:30:00,2294.953,2012-08-17 10:40:50,2067.21,180.54,2247.75,46.06,
"2012-08-17",9,2012-08-17 12:00:00,2251.448,2012-08-17 11:10:42,2029.33,132.66,2161.99,42.33,
"2012-08-17",10,2012-08-17 12:30:00,2206.556,2012-08-17 11:40:52,2025.58,74.91,2100.49,39.14,
"2012-08-17",11,2012-08-17 13:00:00,2229.242,2012-08-17 12:11:01,1994.94,56.75,2051.69,39.14,
"2012-08-17",12,2012-08-17 13:30:00,2157.711,2012-08-17 12:41:08,2057.83,55.11,2112.94,47.06,
"2012-08-17",13,2012-08-17 14:00:00,2100.953,2012-08-17 13:10:48,2079.31,37.09,2116.4,60.08,
"2012-08-17",14,2012-08-17 14:30:00,2068.508,2012-08-17 13:40:59,2055.91,29.52,2085.43,47.06,
"2012-08-17",15,2012-08-17 15:00:00,2109.833,2012-08-17 14:11:02,2074.22,24.48,2098.7,51.88,
"2012-08-17",16,2012-08-17 15:30:00,2171.37,2012-08-17 14:40:58,2092.22,24.4,2116.62,60.08,
"2012-08-17",17,2012-08-17 16:00:00,2158.458,2012-08-17 15:11:18,2090,42.03,2132.03,56.01,
"2012-08-17",18,2012-08-17 16:30:00,2195.762,2012-08-17 15:41:11,2160.29,27.8,2188.09,63.5,
"2012-08-17",19,2012-08-17 17:00:00,2297.81,2012-08-17 16:11:15,2225.06,48.28,2273.34,70.7,
"2012-08-17",20,2012-08-17 17:30:00,2417.969,2012-08-17 16:41:40,2343.15,105.2,2448.35,103.13,
"2012-08-17",21,2012-08-17 18:00:00,2467.209,2012-08-17 17:11:27,2481.41,102.52,2583.93,100.63,
"2012-08-17",22,2012-08-17 18:30:00,2471.359,2012-08-17 17:41:51,2451.76,125.35,2577.11,70.73,
"2012-08-17",23,2012-08-17 19:00:00,2474.166,2012-08-17 18:11:37,2398.91,131.47,2530.38,66.54,
"2012-08-17",24,2012-08-17 19:30:00,2483.093,2012-08-17 18:41:57,2367.91,118.12,2486.03,65.65,
"2012-08-17",25,2012-08-17 20:00:00,2462.744,2012-08-17 19:12:04,2308.61,111.98,2420.59,59.73,
"2012-08-17",26,2012-08-17 20:30:00,2403.859,2012-08-17 19:41:49,2226.97,119.91,2346.88,59.73,
"2012-08-17",27,2012-08-17 21:00:00,2323.609,2012-08-17 20:12:16,2091.44,139.3,2230.74,55.59,
"2012-08-17",28,2012-08-17 21:30:00,2224.814,2012-08-17 20:42:11,1995.92,142.48,2138.4,60.94,
"2012-08-17",29,2012-08-17 22:00:00,2109.147,2012-08-17 21:12:19,1876.18,168.21,2044.39,60.08,
"2012-08-17",30,2012-08-17 22:30:00,2004.427,2012-08-17 21:42:33,1782.51,176.79,1959.3,54.34,
"2012-08-17",31,2012-08-17 23:00:00,1915.437,2012-08-17 22:12:33,1664.83,216.54,1881.37,57.64,
"2012-08-17",32,2012-08-17 23:30:00,1819.209,2012-08-17 22:42:48,1584.86,212.83,1797.69,49.76,
"2012-08-17",33,2012-08-18 00:00:00,1770.098,2012-08-17 23:12:37,1504.25,227.5,1731.75,47.06,
"2012-08-17",34,2012-08-18 00:30:00,1716.614,2012-08-17 23:12:37,1447.62,234.25,1681.87,43.16,
"2012-08-17",35,2012-08-18 01:00:00,1677.239,2012-08-17 23:12:37,1426.76,222.07,1648.83,41.32,
"2012-08-17",36,2012-08-18 01:30:00,1616.314,2012-08-18 00:42:40,1406.18,210.25,1616.43,48.06,
"2012-08-17",37,2012-08-18 02:00:00,1611.525,2012-08-18 01:12:42,1396.32,212.08,1608.4,44.63,
"2012-08-17",38,2012-08-18 02:30:00,1595.952,2012-08-18 01:43:10,1386.88,205.94,1592.82,41.91,
"2012-08-17",39,2012-08-18 03:00:00,1572.661,2012-08-18 02:13:00,1392.14,195.51,1587.65,39.17,
"2012-08-17",40,2012-08-18 03:30:00,1570.043,2012-08-18 02:42:59,1431.49,165.14,1596.63,57.09,
"2012-08-17",41,2012-08-18 04:00:00,1590.537,2012-08-18 03:13:10,1431.97,178.62,1610.59,57.67,
"2012-08-17",42,2012-08-18 04:30:00,1616.669,2012-08-18 03:43:17,1440.97,195.64,1636.61,48.44,
"2012-08-17",43,2012-08-18 05:00:00,1651.892,2012-08-18 04:13:19,1478.21,190.19,1668.4,39.22,
"2012-08-17",44,2012-08-18 05:30:00,1730.285,2012-08-18 04:43:38,1546.44,183.27,1729.71,46.88,
"2012-08-17",45,2012-08-18 06:00:00,1769.259,2012-08-18 05:13:30,1575.58,209.88,1785.46,39.28,
"2012-08-17",46,2012-08-18 06:30:00,1850.638,2012-08-18 05:43:51,1633.52,220.08,1853.6,46.06,
"2012-08-17",47,2012-08-18 07:00:00,1945.813,2012-08-18 06:13:59,1748.06,227.72,1975.78,48.89,
"2012-08-17",48,2012-08-18 07:30:00,1998.131,2012-08-18 06:44:13,1834.57,215.13,2049.7,48.78,
"2012-08-18",1,2012-08-18 08:00:00,2078.934,2012-08-18 07:13:46,1912.11,166.39,2078.5,59.73,
"2012-08-18",2,2012-08-18 08:30:00,2076.961,2012-08-18 07:43:58,1911.56,123.79,2035.35,49.02,
"2012-08-18",3,2012-08-18 09:00:00,2079.246,2012-08-18 08:14:19,1913.06,101.26,2014.32,56.01,
"2012-08-18",4,2012-08-18 09:30:00,2014.15,2012-08-18 08:44:21,1872.14,96.86,1969,56.01,
"2012-08-18",5,2012-08-18 10:00:00,1962.79,2012-08-18 09:14:31,1846.73,73.17,1919.9,56.01,
"2012-08-18",6,2012-08-18 10:30:00,1930.39,2012-08-18 09:44:33,1811.89,57.93,1869.82,56.01,
"2012-08-18",7,2012-08-18 11:00:00,1895.105,2012-08-18 10:14:14,1772.91,61.31,1834.22,53.57,
"2012-08-18",8,2012-08-18 11:30:00,1873.483,2012-08-18 10:44:37,1739.74,53.47,1793.21,39.25,
"2012-08-18",9,2012-08-18 12:00:00,1831.061,2012-08-18 11:14:38,1739.45,42.39,1781.84,38.48,
"2012-08-18",10,2012-08-18 12:30:00,1770.264,2012-08-18 11:44:55,1753.65,34.64,1788.29,39.26,
"2012-08-18",11,2012-08-18 13:00:00,1730.561,2012-08-18 12:09:48,1733.64,25.98,1759.62,34.8,
"2012-08-18",12,2012-08-18 13:30:00,1717.3,2012-08-18 12:39:46,1725.49,22.75,1748.24,38.5,
"2012-08-18",13,2012-08-18 14:00:00,1733.02,2012-08-18 13:14:52,1700.14,25.92,1726.06,34.87,
"2012-08-18",14,2012-08-18 14:30:00,1747.842,2012-08-18 13:40:09,1701.86,26.47,1728.33,38.44,
"2012-08-18",15,2012-08-18 15:00:00,1744.593,2012-08-18 14:14:55,1735.56,31.32,1766.88,40.05,
"2012-08-18",16,2012-08-18 15:30:00,1765.966,2012-08-18 14:40:11,1777.72,32.85,1810.57,57.53,
"2012-08-18",17,2012-08-18 16:00:00,1851.996,2012-08-18 15:10:27,1853.2,31.64,1884.84,67.6,
"2012-08-18",18,2012-08-18 16:30:00,1959.335,2012-08-18 15:40:32,1912.47,28.01,1940.48,75.99,
"2012-08-18",19,2012-08-18 17:00:00,2100.089,2012-08-18 16:10:46,2015.4,23.51,2038.91,87.45,
"2012-08-18",20,2012-08-18 17:30:00,2225.755,2012-08-18 16:40:19,2171.64,27.2,2198.84,104.64,
"2012-08-18",21,2012-08-18 18:00:00,2280.501,2012-08-18 17:10:47,2322.3,30.1,2352.4,120.9,
"2012-08-18",22,2012-08-18 18:30:00,2195.748,2012-08-18 17:40:49,2284.21,45.03,2329.24,129.98,
"2012-08-18",23,2012-08-18 19:00:00,2175.863,2012-08-18 18:10:33,2227.64,51.74,2279.38,83.2,
"2012-08-18",24,2012-08-18 19:30:00,2206.064,2012-08-18 18:40:40,2184.87,52.54,2237.41,70.7,
"2012-08-18",25,2012-08-18 20:00:00,2202.481,2012-08-18 19:11:12,2148.66,47.05,2195.71,70.7,
"2012-08-18",26,2012-08-18 20:30:00,2140.625,2012-08-18 19:40:53,2108.68,29.59,2138.27,82.4,
"2012-08-18",27,2012-08-18 21:00:00,2032.417,2012-08-18 20:11:24,2045.39,43,2088.39,82.4,
"2012-08-18",28,2012-08-18 21:30:00,2023.849,2012-08-18 20:41:16,1973.62,36.74,2010.36,98.01,
"2012-08-18",29,2012-08-18 22:00:00,1923.608,2012-08-18 21:11:17,1873.84,52.38,1926.22,62.03,
"2012-08-18",30,2012-08-18 22:30:00,1868.229,2012-08-18 21:41:30,1793.02,60.82,1853.84,46.18,
"2012-08-18",31,2012-08-18 23:00:00,1830.552,2012-08-18 22:11:42,1707.46,64.56,1772.02,82.4,
"2012-08-18",32,2012-08-18 23:30:00,1752.209,2012-08-18 22:41:16,1628.94,64.22,1693.16,69.54,
"2012-08-18",33,2012-08-19 00:00:00,1707.435,2012-08-18 23:11:44,1584.72,46.91,1631.63,74.88,
"2012-08-18",34,2012-08-19 00:30:00,1660.668,2012-08-18 23:11:44,1559.28,32.8,1592.08,78,
"2012-08-18",35,2012-08-19 01:00:00,1627.298,2012-08-18 23:11:44,1561.16,16.77,1577.93,77.75,
"2012-08-18",36,2012-08-19 01:30:00,1570.818,2012-08-19 00:41:56,1545.91,13.2,1559.11,73.45,
"2012-08-18",37,2012-08-19 02:00:00,1545.292,2012-08-19 01:12:13,1536.35,13.15,1549.5,57.14,
"2012-08-18",38,2012-08-19 02:30:00,1501.998,2012-08-19 01:42:09,1518.86,13.41,1532.27,57.16,
"2012-08-18",39,2012-08-19 03:00:00,1555.348,2012-08-19 02:12:03,1509.15,13.35,1522.5,57.19,
"2012-08-18",40,2012-08-19 03:30:00,1544.68,2012-08-19 02:42:19,1506,14.57,1520.57,57.19,
"2012-08-18",41,2012-08-19 04:00:00,1543.464,2012-08-19 03:12:35,1489,22.74,1511.74,57.18,
"2012-08-18",42,2012-08-19 04:30:00,1549.095,2012-08-19 03:42:14,1488.87,20.9,1509.77,57.2,
"2012-08-18",43,2012-08-19 05:00:00,1565.584,2012-08-19 04:12:23,1517.28,16.23,1533.51,57.15,
"2012-08-18",44,2012-08-19 05:30:00,1598.914,2012-08-19 04:42:50,1564,16.54,1580.54,57.15,
"2012-08-18",45,2012-08-19 06:00:00,1626.521,2012-08-19 05:12:54,1616.92,13.53,1630.45,57.15,
"2012-08-18",46,2012-08-19 06:30:00,1671.495,2012-08-19 05:43:02,1645.98,15.09,1661.07,57.08,
"2012-08-18",47,2012-08-19 07:00:00,1741.473,2012-08-19 06:13:04,1718.19,17.34,1735.53,57.05,
"2012-08-18",48,2012-08-19 07:30:00,1799.708,2012-08-19 06:43:03,1760.16,17.12,1777.28,56.99,
"2012-08-19",1,2012-08-19 08:00:00,1863.165,2012-08-19 07:12:51,1815.71,16.33,1832.04,58.25,
"2012-08-19",2,2012-08-19 08:30:00,1836.644,2012-08-19 07:42:50,1809.1,18.71,1827.81,56.01,
"2012-08-19",3,2012-08-19 09:00:00,1838.058,2012-08-19 08:13:24,1817.49,19.77,1837.26,56.01,
"2012-08-19",4,2012-08-19 09:30:00,1842.868,2012-08-19 08:43:19,1797.87,17.34,1815.21,56.01,
"2012-08-19",5,2012-08-19 10:00:00,1836.728,2012-08-19 09:13:27,1761.89,21.49,1783.38,57.1,
"2012-08-19",6,2012-08-19 10:30:00,1817.602,2012-08-19 09:43:10,1774.83,20.3,1795.13,57.11,
"2012-08-19",7,2012-08-19 11:00:00,1753.979,2012-08-19 10:13:34,1747.47,25.47,1772.94,57.1,
"2012-08-19",8,2012-08-19 11:30:00,1776.896,2012-08-19 10:43:54,1752.83,33.31,1786.14,57.09,
"2012-08-19",9,2012-08-19 12:00:00,1792.71,2012-08-19 11:13:51,1755.42,30.64,1786.06,57.08,
"2012-08-19",10,2012-08-19 12:30:00,1717.734,2012-08-19 11:43:53,1735.75,36.09,1771.84,57.09,
"2012-08-19",11,2012-08-19 13:00:00,1729.406,2012-08-19 12:13:40,1714.3,37.08,1751.38,53.51,
"2012-08-19",12,2012-08-19 13:30:00,1734.023,2012-08-19 12:44:04,1716.75,38.93,1755.68,57.12,
"2012-08-19",13,2012-08-19 14:00:00,1786.992,2012-08-19 13:14:16,1674.91,61.5,1736.41,39.2,
"2012-08-19",14,2012-08-19 14:30:00,1758.511,2012-08-19 13:44:23,1720.35,58.64,1778.99,43.06,
"2012-08-19",15,2012-08-19 15:00:00,1783.898,2012-08-19 14:14:28,1785.59,52.79,1838.38,57.19,
"2012-08-19",16,2012-08-19 15:30:00,1833.949,2012-08-19 14:44:05,1804.37,59.99,1864.36,57.39,
"2012-08-19",17,2012-08-19 16:00:00,1927.592,2012-08-19 15:14:04,1831.03,74.26,1905.29,65.82,
"2012-08-19",18,2012-08-19 16:30:00,2027.243,2012-08-19 15:44:15,1937.76,74.21,2011.97,75.87,
"2012-08-19",19,2012-08-19 17:00:00,2125.754,2012-08-19 16:14:32,2131.77,74.77,2206.54,90.98,
"2012-08-19",20,2012-08-19 17:30:00,2313.092,2012-08-19 16:44:46,2212.24,104.55,2316.79,106.83,
"2012-08-19",21,2012-08-19 18:00:00,2425.433,2012-08-19 17:14:45,2367.51,115.02,2482.53,115.36,
"2012-08-19",22,2012-08-19 18:30:00,2417.478,2012-08-19 17:44:51,2311.08,137.33,2448.41,93.16,
"2012-08-19",23,2012-08-19 19:00:00,2406.575,2012-08-19 18:14:38,2254.38,121.11,2375.49,67.33,
"2012-08-19",24,2012-08-19 19:30:00,2371.897,2012-08-19 18:44:57,2191.59,104.69,2296.28,64.4,
"2012-08-19",25,2012-08-19 20:00:00,2311.225,2012-08-19 19:09:59,2151.32,98.27,2249.59,65.65,
"2012-08-19",26,2012-08-19 20:30:00,2223.005,2012-08-19 19:40:05,2085.19,81.72,2166.91,65.65,
"2012-08-19",27,2012-08-19 21:00:00,2104.347,2012-08-19 20:14:55,2006.82,82.14,2088.96,70.7,
"2012-08-19",28,2012-08-19 21:30:00,2010.431,2012-08-19 20:40:20,1880.91,88.65,1969.56,82.4,
"2012-08-19",29,2012-08-19 22:00:00,1884.235,2012-08-19 21:10:10,1769.29,91.28,1860.57,49.1,
"2012-08-19",30,2012-08-19 22:30:00,1805.562,2012-08-19 21:40:10,1663.54,94.02,1757.56,43.06,
"2012-08-19",31,2012-08-19 23:00:00,1764.051,2012-08-19 22:10:42,1609.76,61.09,1670.85,64.27,
"2012-08-19",32,2012-08-19 23:30:00,1677.987,2012-08-19 22:40:22,1536,89.97,1625.97,55.31,
"2012-08-19",33,2012-08-20 00:00:00,1646.468,2012-08-19 23:10:42,1498.78,84.06,1582.84,57.1,
"2012-08-19",34,2012-08-20 00:30:00,1614.177,2012-08-19 23:10:42,1455.54,97.94,1553.48,57.12,
"2012-08-19",35,2012-08-20 01:00:00,1593.39,2012-08-19 23:10:42,1446.42,88.11,1534.53,57.12,
"2012-08-19",36,2012-08-20 01:30:00,1536.331,2012-08-20 00:41:01,1452.98,71.51,1524.49,57.11,
"2012-08-19",37,2012-08-20 02:00:00,1521.548,2012-08-20 01:11:12,1450.18,62.75,1512.93,59.29,
"2012-08-19",38,2012-08-20 02:30:00,1524.313,2012-08-20 01:41:17,1442.14,58.21,1500.35,59.39,
"2012-08-19",39,2012-08-20 03:00:00,1538.407,2012-08-20 02:11:13,1402.5,95.92,1498.42,56.81,
"2012-08-19",40,2012-08-20 03:30:00,1545.056,2012-08-20 02:41:21,1404.88,100.7,1505.58,56.67,
"2012-08-19",41,2012-08-20 04:00:00,1554.356,2012-08-20 03:11:35,1423.75,100.99,1524.74,40.88,
"2012-08-19",42,2012-08-20 04:30:00,1616.455,2012-08-20 03:41:28,1519.47,82.65,1602.12,42.2,
"2012-08-19",43,2012-08-20 05:00:00,1673.914,2012-08-20 04:11:46,1586.73,78.41,1665.14,47.2,
"2012-08-19",44,2012-08-20 05:30:00,1825.823,2012-08-20 04:41:49,1721.81,94.45,1816.26,82.4,
"2012-08-19",45,2012-08-20 06:00:00,2005.215,2012-08-20 05:11:35,1910.25,119.19,2029.44,54.81,
"2012-08-19",46,2012-08-20 06:30:00,2184.864,2012-08-20 05:41:50,2061.13,110.96,2172.09,59.73,
"2012-08-19",47,2012-08-20 07:00:00,2312.719,2012-08-20 06:12:00,2191.3,120.09,2311.39,112.26,
"2012-08-19",48,2012-08-20 07:30:00,2266.921,2012-08-20 06:42:09,2190.07,111.29,2301.36,80.91,
"2012-08-20",1,2012-08-20 08:00:00,2324.372,2012-08-20 07:11:59,2159.64,91.17,2250.81,59.6,
"2012-08-20",2,2012-08-20 08:30:00,2201.124,2012-08-20 07:42:22,2145.13,78.49,2223.62,65.65,
"2012-08-20",3,2012-08-20 09:00:00,2249.183,2012-08-20 08:12:02,2141.13,58.04,2199.17,65.65,
"2012-08-20",4,2012-08-20 09:30:00,2180.34,2012-08-20 08:42:32,2127.79,40.51,2168.3,52.31,
"2012-08-20",5,2012-08-20 10:00:00,2178.098,2012-08-20 09:12:38,2111.9,31.49,2143.39,99.62,
"2012-08-20",6,2012-08-20 10:30:00,2122.621,2012-08-20 09:42:33,2088.76,28.91,2117.67,86.26,
"2012-08-20",7,2012-08-20 11:00:00,2143.961,2012-08-20 10:12:35,2081.63,31.01,2112.64,84.3,
"2012-08-20",8,2012-08-20 11:30:00,2121.746,2012-08-20 10:42:42,2076.12,44.87,2120.99,83.85,
"2012-08-20",9,2012-08-20 12:00:00,2124.599,2012-08-20 11:12:26,2065.94,56.82,2122.76,84.82,
"2012-08-20",10,2012-08-20 12:30:00,2064.523,2012-08-20 11:42:52,2087.81,50.2,2138.01,90.9,
"2012-08-20",11,2012-08-20 13:00:00,2099.366,2012-08-20 12:12:57,2070.95,47.68,2118.63,85.06,
"2012-08-20",12,2012-08-20 13:30:00,2077.585,2012-08-20 12:43:02,2042.88,57.53,2100.41,77.98,
"2012-08-20",13,2012-08-20 14:00:00,2100.698,2012-08-20 13:13:11,2013.58,75.07,2088.65,45.39,
"2012-08-20",14,2012-08-20 14:30:00,2113.286,2012-08-20 13:43:14,2017.79,81.22,2099.01,56.01,
"2012-08-20",15,2012-08-20 15:00:00,2105.921,2012-08-20 14:13:05,2018.53,78.57,2097.1,56.01,
"2012-08-20",16,2012-08-20 15:30:00,2131.283,2012-08-20 14:43:32,2100.85,65.1,2165.95,70.7,
"2012-08-20",17,2012-08-20 16:00:00,2168.157,2012-08-20 15:13:30,2156.39,51.21,2207.6,97.33,
"2012-08-20",18,2012-08-20 16:30:00,2228.484,2012-08-20 15:43:37,2213.14,54.4,2267.54,75.41,
"2012-08-20",19,2012-08-20 17:00:00,2337.39,2012-08-20 16:13:47,2315.36,41.22,2356.58,78.15,
"2012-08-20",20,2012-08-20 17:30:00,2468.703,2012-08-20 16:43:52,2418.76,36.93,2455.69,85.96,
"2012-08-20",21,2012-08-20 18:00:00,2504.202,2012-08-20 17:13:43,2497.72,57.09,2554.81,94.32,
"2012-08-20",22,2012-08-20 18:30:00,2430.093,2012-08-20 17:43:55,2456.82,65.16,2521.98,91.91,
"2012-08-20",23,2012-08-20 19:00:00,2401.733,2012-08-20 18:14:06,2381.85,72.25,2454.1,88.73,
"2012-08-20",24,2012-08-20 19:30:00,2382.165,2012-08-20 18:44:01,2314.46,67.15,2381.61,77.98,
"2012-08-20",25,2012-08-20 20:00:00,2308.695,2012-08-20 19:14:13,2260.33,64.65,2324.98,70.7,
"2012-08-20",26,2012-08-20 20:30:00,2249.167,2012-08-20 19:43:49,2182.65,56.18,2238.83,65.65,
"2012-08-20",27,2012-08-20 21:00:00,2150.703,2012-08-20 20:14:14,2043.91,79.22,2123.13,56.01,
"2012-08-20",28,2012-08-20 21:30:00,2027.169,2012-08-20 20:43:59,1920.95,96.91,2017.86,56.01,
"2012-08-20",29,2012-08-20 22:00:00,1934.704,2012-08-20 21:14:30,1785.58,108.52,1894.1,46.9,
"2012-08-20",30,2012-08-20 22:30:00,1838.065,2012-08-20 21:44:27,1683,108.32,1791.32,45.01,
"2012-08-20",31,2012-08-20 23:00:00,1796.401,2012-08-20 22:14:31,1611.46,87.71,1699.17,47.96,
"2012-08-20",32,2012-08-20 23:30:00,1666.406,2012-08-20 22:44:20,1490.26,157.88,1648.14,44.34,
"2012-08-20",33,2012-08-21 00:00:00,1647.33,2012-08-20 23:14:44,1432.66,163.16,1595.82,43.08,
"2012-08-20",34,2012-08-21 00:30:00,1611.948,2012-08-20 23:14:44,1441.2,131.82,1573.02,43.3,
"2012-08-20",35,2012-08-21 01:00:00,1587.759,2012-08-20 23:14:44,1360.45,171.65,1532.1,39.17,
"2012-08-20",36,2012-08-21 01:30:00,1563.032,2012-08-21 00:44:58,1375.69,144.33,1520.02,39.14,
"2012-08-20",37,2012-08-21 02:00:00,1551.502,2012-08-21 01:09:44,1365.3,141.9,1507.2,39.14,
"2012-08-20",38,2012-08-21 02:30:00,1538.049,2012-08-21 01:39:48,1404.32,109.95,1514.27,43.06,
"2012-08-20",39,2012-08-21 03:00:00,1544.138,2012-08-21 02:14:52,1364.02,142.87,1506.89,39.16,
"2012-08-20",40,2012-08-21 03:30:00,1534.196,2012-08-21 02:40:05,1351.61,171.13,1522.74,41.41,
"2012-08-20",41,2012-08-21 04:00:00,1567.024,2012-08-21 03:10:27,1335.6,184.11,1519.71,43.06,
"2012-08-20",42,2012-08-21 04:30:00,1604.526,2012-08-21 03:40:34,1365.08,206.63,1571.71,34.55,
"2012-08-20",43,2012-08-21 05:00:00,1701.611,2012-08-21 04:10:45,1408.78,226.16,1634.94,38.39,
"2012-08-20",44,2012-08-21 05:30:00,1822.371,2012-08-21 04:40:45,1505.91,261.04,1766.95,48.73,
"2012-08-20",45,2012-08-21 06:00:00,1981.135,2012-08-21 05:10:49,1638.18,275.67,1913.85,46.55,
"2012-08-20",46,2012-08-21 06:30:00,2128.793,2012-08-21 05:40:42,1798.22,267.2,2065.42,50.05,
"2012-08-20",47,2012-08-21 07:00:00,2236.292,2012-08-21 06:10:47,1949.06,248.12,2197.18,60.25,
"2012-08-20",48,2012-08-21 07:30:00,2199.299,2012-08-21 06:40:38,1981.28,248.58,2229.86,58.94,
"2012-08-21",1,2012-08-21 08:00:00,2138.575,2012-08-21 07:10:50,1920.2,295.35,2215.55,47.71,
"2012-08-21",2,2012-08-21 08:30:00,2126.498,2012-08-21 07:41:09,1878.26,302.61,2180.87,45.88,
"2012-08-21",3,2012-08-21 09:00:00,2185.097,2012-08-21 08:10:53,1876.09,314.77,2190.86,45.06,
"2012-08-21",4,2012-08-21 09:30:00,2196.843,2012-08-21 08:41:35,1871.88,327.62,2199.5,45.22,
"2012-08-21",5,2012-08-21 10:00:00,2209.989,2012-08-21 09:11:24,1868.29,276.02,2144.31,44.99,
"2012-08-21",6,2012-08-21 10:30:00,2194.643,2012-08-21 09:41:31,1791.28,330.48,2121.76,44.83,
"2012-08-21",7,2012-08-21 11:00:00,2191.754,2012-08-21 10:11:36,1878.89,297.28,2176.17,44.57,
"2012-08-21",8,2012-08-21 11:30:00,2099.174,2012-08-21 10:41:41,1806.41,321.76,2128.17,44.57,
"2012-08-21",9,2012-08-21 12:00:00,2084.874,2012-08-21 11:11:47,1750.75,335.41,2086.16,39.14,
"2012-08-21",10,2012-08-21 12:30:00,2107.794,2012-08-21 11:41:56,1769,331.41,2100.41,44.57,
"2012-08-21",11,2012-08-21 13:00:00,2091.343,2012-08-21 12:12:05,1770.63,335.37,2106,44.71,
"2012-08-21",12,2012-08-21 13:30:00,2089.52,2012-08-21 12:41:44,1780.23,336.38,2116.61,44.85,
"2012-08-21",13,2012-08-21 14:00:00,2082.376,2012-08-21 13:11:43,1763.43,329.91,2093.34,44.99,
"2012-08-21",14,2012-08-21 14:30:00,2105.173,2012-08-21 13:41:59,1782.81,332.9,2115.71,45.15,
"2012-08-21",15,2012-08-21 15:00:00,2140.119,2012-08-21 14:12:08,1797.14,319.82,2116.96,46.47,
"2012-08-21",16,2012-08-21 15:30:00,2127.998,2012-08-21 14:42:22,1830.35,328.42,2158.77,45.97,
"2012-08-21",17,2012-08-21 16:00:00,2179.173,2012-08-21 15:12:18,1871.41,327.2,2198.61,50,
"2012-08-21",18,2012-08-21 16:30:00,2227.405,2012-08-21 15:42:38,1944.74,311.83,2256.57,52.69,
"2012-08-21",19,2012-08-21 17:00:00,2333.413,2012-08-21 16:12:25,2070.23,307.9,2378.13,70.76,
"2012-08-21",20,2012-08-21 17:30:00,2447.291,2012-08-21 16:42:23,2176.74,294.16,2470.9,78.23,
"2012-08-21",21,2012-08-21 18:00:00,2541.323,2012-08-21 17:12:47,2273.26,289.5,2562.76,88.22,
"2012-08-21",22,2012-08-21 18:30:00,2497.811,2012-08-21 17:42:48,2271.74,259.81,2531.55,93.44,
"2012-08-21",23,2012-08-21 19:00:00,2472.372,2012-08-21 18:12:41,2178.68,259.74,2438.42,65.65,
"2012-08-21",24,2012-08-21 19:30:00,2423.515,2012-08-21 18:43:06,2144.07,257.98,2402.05,65.65,
"2012-08-21",25,2012-08-21 20:00:00,2372.324,2012-08-21 19:13:11,2028.14,289.38,2317.52,56.01,
"2012-08-21",26,2012-08-21 20:30:00,2281.206,2012-08-21 19:43:07,1938.06,279.34,2217.4,54.19,
"2012-08-21",27,2012-08-21 21:00:00,2168.455,2012-08-21 20:12:51,1836.01,288.66,2124.67,45.7,
"2012-08-21",28,2012-08-21 21:30:00,2073.611,2012-08-21 20:43:06,1724.23,281.09,2005.32,45.65,
"2012-08-21",29,2012-08-21 22:00:00,1937.02,2012-08-21 21:13:09,1605.04,276.74,1881.78,46.09,
"2012-08-21",30,2012-08-21 22:30:00,1860.179,2012-08-21 21:43:09,1515.5,258.72,1774.22,37.47,
"2012-08-21",31,2012-08-21 23:00:00,1776.95,2012-08-21 22:13:44,1423.17,262.7,1685.87,38.57,
"2012-08-21",32,2012-08-21 23:30:00,1726.124,2012-08-21 22:43:49,1344.28,277.14,1621.42,41.03,
"2012-08-21",33,2012-08-22 00:00:00,1609.3,2012-08-21 23:13:40,1313.51,251.22,1564.73,41.16,
"2012-08-21",34,2012-08-22 00:30:00,1568.861,2012-08-21 23:13:41,1258.46,271.27,1529.73,39.18,
"2012-08-21",35,2012-08-22 01:00:00,1546.71,2012-08-21 23:13:41,1253.85,254.51,1508.36,39.17,
"2012-08-21",36,2012-08-22 01:30:00,1511,2012-08-22 00:43:35,1235.61,255.09,1490.7,39.17,
"2012-08-21",37,2012-08-22 02:00:00,1505.771,2012-08-22 01:14:16,1227.34,252.18,1479.52,34.4,
"2012-08-21",38,2012-08-22 02:30:00,1501.573,2012-08-22 01:44:08,1219.87,262.42,1482.29,34.42,
"2012-08-21",39,2012-08-22 03:00:00,1506.611,2012-08-22 02:14:15,1240.12,254.23,1494.35,39.17,
"2012-08-21",40,2012-08-22 03:30:00,1507.324,2012-08-22 02:44:15,1272.22,249.54,1521.76,39.19,
"2012-08-21",41,2012-08-22 04:00:00,1540.566,2012-08-22 03:14:30,1271.96,268.77,1540.73,39.2,
"2012-08-21",42,2012-08-22 04:30:00,1621.378,2012-08-22 03:44:39,1361.19,232.29,1593.48,40.17,
"2012-08-21",43,2012-08-22 05:00:00,1708.946,2012-08-22 04:14:19,1437.81,226.16,1663.97,42.01,
"2012-08-21",44,2012-08-22 05:30:00,1881.275,2012-08-22 04:44:39,1586.47,228.16,1814.63,68.75,
"2012-08-21",45,2012-08-22 06:00:00,2052.373,2012-08-22 05:14:42,1812.19,212.87,2025.06,85.95,
"2012-08-21",46,2012-08-22 06:30:00,2219.523,2012-08-22 05:44:39,1969.99,208.65,2178.64,54.26,
"2012-08-21",47,2012-08-22 07:00:00,2315.686,2012-08-22 06:09:53,2108.59,223.66,2332.25,85.33,
"2012-08-21",48,2012-08-22 07:30:00,2215.826,2012-08-22 06:44:40,2114.76,232.1,2346.86,58.59,
"2012-08-22",1,2012-08-22 08:00:00,2239.258,2012-08-22 07:10:07,2053.67,244.48,2298.15,57.8,
"2012-08-22",2,2012-08-22 08:30:00,2275.081,2012-08-22 07:44:50,2037.84,278.39,2316.23,56.16,
"2012-08-22",3,2012-08-22 09:00:00,2236.528,2012-08-22 08:09:50,2055.33,249.96,2305.29,55.38,
"2012-08-22",4,2012-08-22 09:30:00,2209.297,2012-08-22 08:40:27,1998.81,263.7,2262.51,49.97,
"2012-08-22",5,2012-08-22 10:00:00,2233.164,2012-08-22 09:10:03,1956.43,264.4,2220.83,57.44,
"2012-08-22",6,2012-08-22 10:30:00,2233.362,2012-08-22 09:40:31,1918.87,265.1,2183.97,57.48,
"2012-08-22",7,2012-08-22 11:00:00,2249.454,2012-08-22 10:10:19,1894.3,263.34,2157.64,43.82,
"2012-08-22",8,2012-08-22 11:30:00,2202.235,2012-08-22 10:40:29,1882.51,273.35,2155.86,43.55,
"2012-08-22",9,2012-08-22 12:00:00,2184.281,2012-08-22 11:10:31,1852.01,266.4,2118.41,43.65,
"2012-08-22",10,2012-08-22 12:30:00,2135.214,2012-08-22 11:40:47,1861.95,279.58,2141.53,43.74,
"2012-08-22",11,2012-08-22 13:00:00,2131.824,2012-08-22 12:10:58,1855,266.11,2121.11,44.15,
"2012-08-22",12,2012-08-22 13:30:00,2128.364,2012-08-22 12:40:52,1894.4,241.47,2135.87,43.74,
"2012-08-22",13,2012-08-22 14:00:00,2127.271,2012-08-22 13:11:17,1838.46,259.68,2098.14,44.09,
"2012-08-22",14,2012-08-22 14:30:00,2101.528,2012-08-22 13:41:07,1863.84,259.83,2123.67,43.99,
"2012-08-22",15,2012-08-22 15:00:00,2160.884,2012-08-22 14:11:22,1898.76,247.25,2146.01,44.84,
"2012-08-22",16,2012-08-22 15:30:00,2181.635,2012-08-22 14:40:59,1971.73,252.09,2223.82,51.96,
"2012-08-22",17,2012-08-22 16:00:00,2234.421,2012-08-22 15:11:26,2024.71,254.61,2279.32,52.44,
"2012-08-22",18,2012-08-22 16:30:00,2290.054,2012-08-22 15:41:07,2158.41,206.81,2365.22,64.16,
"2012-08-22",19,2012-08-22 17:00:00,2416.221,2012-08-22 16:11:26,2279.08,210.84,2489.92,77.12,
"2012-08-22",20,2012-08-22 17:30:00,2648.42,2012-08-22 16:41:44,2431.53,188.39,2619.92,85.16,
"2012-08-22",21,2012-08-22 18:00:00,2685.094,2012-08-22 17:11:47,2596.33,154.61,2750.94,95.84,
"2012-08-22",22,2012-08-22 18:30:00,2657.92,2012-08-22 17:41:47,2598.41,141.33,2739.74,96.96,
"2012-08-22",23,2012-08-22 19:00:00,2627.06,2012-08-22 18:11:35,2562.61,117.9,2680.51,99.96,
"2012-08-22",24,2012-08-22 19:30:00,2615.058,2012-08-22 18:42:05,2466.45,153.36,2619.81,94.42,
"2012-08-22",25,2012-08-22 20:00:00,2564.199,2012-08-22 19:11:43,2383.57,146.27,2529.84,70.7,
"2012-08-22",26,2012-08-22 20:30:00,2516.915,2012-08-22 19:42:01,2350.87,112.82,2463.69,70.7,
"2012-08-22",27,2012-08-22 21:00:00,2367.408,2012-08-22 20:12:11,2185.54,145.44,2330.98,70.73,
"2012-08-22",28,2012-08-22 21:30:00,2250.394,2012-08-22 20:42:21,2071.2,124.05,2195.25,70.7,
"2012-08-22",29,2012-08-22 22:00:00,2114.96,2012-08-22 21:12:29,1886.54,137.37,2023.91,45.67,
"2012-08-22",30,2012-08-22 22:30:00,2006.506,2012-08-22 21:42:19,1746.81,141.98,1888.79,43.26,
"2012-08-22",31,2012-08-22 23:00:00,1897.988,2012-08-22 22:12:12,1638.13,162.21,1800.34,42.86,
"2012-08-22",32,2012-08-22 23:30:00,1829.782,2012-08-22 22:42:44,1581.89,124.12,1706.01,45.06,
"2012-08-22",33,2012-08-23 00:00:00,1736.445,2012-08-22 23:12:44,1548.06,122.67,1670.73,61.08,
"2012-08-22",34,2012-08-23 00:30:00,1695.236,2012-08-22 23:12:44,1519.13,120.19,1639.32,61.34,
"2012-08-22",35,2012-08-23 01:00:00,1667.73,2012-08-22 23:12:45,1509.15,104.92,1614.07,57.01,
"2012-08-22",36,2012-08-23 01:30:00,1684.212,2012-08-23 00:42:53,1495.81,103.14,1598.95,57.1,
"2012-08-22",37,2012-08-23 02:00:00,1609.325,2012-08-23 01:12:58,1488.09,106.74,1594.83,68.4,
"2012-08-22",38,2012-08-23 02:30:00,1594.706,2012-08-23 01:42:49,1475.53,112.33,1587.86,68.67,
"2012-08-22",39,2012-08-23 03:00:00,1606.353,2012-08-23 02:12:52,1521.56,82.28,1603.84,73.75,
"2012-08-22",40,2012-08-23 03:30:00,1614.416,2012-08-23 02:43:20,1514.49,102.04,1616.53,73.06,
"2012-08-22",41,2012-08-23 04:00:00,1636.479,2012-08-23 03:13:10,1558.84,86.71,1645.55,75.67,
"2012-08-22",42,2012-08-23 04:30:00,1732.823,2012-08-23 03:43:20,1609.92,91.84,1701.76,62.85,
"2012-08-22",43,2012-08-23 05:00:00,1833.3,2012-08-23 04:13:34,1704.83,86.62,1791.45,47.92,
"2012-08-22",44,2012-08-23 05:30:00,1956.608,2012-08-23 04:43:31,1867.18,82.98,1950.16,87.45,
"2012-08-22",45,2012-08-23 06:00:00,2174.975,2012-08-23 05:13:46,2105.22,87.61,2192.83,276.6,
"2012-08-22",46,2012-08-23 06:30:00,2371.722,2012-08-23 05:43:57,2292.62,86.39,2379.01,200.85,
"2012-08-22",47,2012-08-23 07:00:00,2493.807,2012-08-23 06:13:55,2453.32,76.86,2530.18,323,
"2012-08-22",48,2012-08-23 07:30:00,2403.484,2012-08-23 06:44:05,2473.62,77.74,2551.36,277.76,
"2012-08-23",1,2012-08-23 08:00:00,2493.787,2012-08-23 07:14:11,2486.44,55.78,2542.22,131.92,
"2012-08-23",2,2012-08-23 08:30:00,2440.775,2012-08-23 07:43:57,2461.22,37.95,2499.17,122.75,
"2012-08-23",3,2012-08-23 09:00:00,2461.267,2012-08-23 08:14:16,2387.12,47.55,2434.67,108.16,
"2012-08-23",4,2012-08-23 09:30:00,2419.31,2012-08-23 08:44:26,2292.76,47.15,2339.91,102.56,
"2012-08-23",5,2012-08-23 10:00:00,2372.596,2012-08-23 09:14:02,2205.28,51.49,2256.77,90.44,
"2012-08-23",6,2012-08-23 10:30:00,2327.385,2012-08-23 09:44:29,2163.03,59.07,2222.1,84.18,
"2012-08-23",7,2012-08-23 11:00:00,2238.002,2012-08-23 10:14:48,2146.73,54.64,2201.37,85.69,
"2012-08-23",8,2012-08-23 11:30:00,2204.342,2012-08-23 10:44:16,2140.11,45.41,2185.52,87.51,
"2012-08-23",9,2012-08-23 12:00:00,2171.979,2012-08-23 11:14:25,2125.89,45.09,2170.98,89.49,
"2012-08-23",10,2012-08-23 12:30:00,2150.429,2012-08-23 11:39:42,2112.34,60.02,2172.36,91.28,
"2012-08-23",11,2012-08-23 13:00:00,2193.728,2012-08-23 12:09:35,2088.89,55.08,2143.97,85.64,
"2012-08-23",12,2012-08-23 13:30:00,2156.343,2012-08-23 12:39:51,2089.28,45.49,2134.77,90.93,
"2012-08-23",13,2012-08-23 14:00:00,2154.72,2012-08-23 13:14:49,2077.49,50.37,2127.86,85.33,
"2012-08-23",14,2012-08-23 14:30:00,2137.487,2012-08-23 13:44:51,2077.85,42.1,2119.95,85.33,
"2012-08-23",15,2012-08-23 15:00:00,2157.221,2012-08-23 14:14:59,2113.73,37.67,2151.4,70.7,
"2012-08-23",16,2012-08-23 15:30:00,2158.744,2012-08-23 14:40:21,2141.78,36.92,2178.7,70.7,
"2012-08-23",17,2012-08-23 16:00:00,2209.783,2012-08-23 15:10:25,2209.95,35.11,2245.06,101.63,
"2012-08-23",18,2012-08-23 16:30:00,2401.28,2012-08-23 15:40:26,2276.38,33.91,2310.29,103.52,
"2012-08-23",19,2012-08-23 17:00:00,2437.262,2012-08-23 16:10:15,2391.49,29.16,2420.65,105.45,
"2012-08-23",20,2012-08-23 17:30:00,2584.273,2012-08-23 16:40:31,2543.86,29.8,2573.66,119.12,
"2012-08-23",21,2012-08-23 18:00:00,2672.335,2012-08-23 17:10:43,2660.7,50.38,2711.08,123.36,
"2012-08-23",22,2012-08-23 18:30:00,2603.124,2012-08-23 17:40:49,2631.24,69.22,2700.46,95.55,
"2012-08-23",23,2012-08-23 19:00:00,2593.19,2012-08-23 18:10:50,2561.21,74.45,2635.66,95,
"2012-08-23",24,2012-08-23 19:30:00,2602.032,2012-08-23 18:41:01,2507.01,71.61,2578.62,86.53,
"2012-08-23",25,2012-08-23 20:00:00,2562.596,2012-08-23 19:10:54,2461.82,67.51,2529.33,78.65,
"2012-08-23",26,2012-08-23 20:30:00,2458.418,2012-08-23 19:40:46,2365.76,59.39,2425.15,70.7,
"2012-08-23",27,2012-08-23 21:00:00,2336.83,2012-08-23 20:10:50,2216.85,58.56,2275.41,70.7,
"2012-08-23",28,2012-08-23 21:30:00,2237.964,2012-08-23 20:40:55,2092.02,42.2,2134.22,78.59,
"2012-08-23",29,2012-08-23 22:00:00,2079.133,2012-08-23 21:10:58,1938.11,68.52,2006.63,55.8,
"2012-08-23",30,2012-08-23 22:30:00,1933.821,2012-08-23 21:41:03,1763.86,72.84,1836.7,43.5,
"2012-08-23",31,2012-08-23 23:00:00,1859.168,2012-08-23 22:11:28,1648.84,95.25,1744.09,42.17,
"2012-08-23",32,2012-08-23 23:30:00,1753.955,2012-08-23 22:41:43,1560.17,99.78,1659.95,43.37,
"2012-08-23",33,2012-08-24 00:00:00,1702.033,2012-08-23 23:11:45,1493.41,103.66,1597.07,44.34,
"2012-08-23",34,2012-08-24 00:30:00,1660.594,2012-08-23 23:11:45,1472.32,108.08,1580.4,44.67,
"2012-08-23",35,2012-08-24 01:00:00,1635.924,2012-08-23 23:11:45,1424.3,120.63,1544.93,44.96,
"2012-08-23",36,2012-08-24 01:30:00,1541.695,2012-08-24 00:42:42,1409.8,126.37,1536.17,45.14,
"2012-08-23",37,2012-08-24 02:00:00,1552.889,2012-08-24 01:11:47,1399.45,126.88,1526.33,45.06,
"2012-08-23",38,2012-08-24 02:30:00,1543.93,2012-08-24 01:42:15,1386.35,135.84,1522.19,43.41,
"2012-08-23",39,2012-08-24 03:00:00,1563.606,2012-08-24 02:12:12,1406.87,135.33,1542.2,45.67,
"2012-08-23",40,2012-08-24 03:30:00,1574.71,2012-08-24 02:42:30,1427.48,139.79,1567.27,45.44,
"2012-08-23",41,2012-08-24 04:00:00,1585.223,2012-08-24 03:12:17,1421.66,150.08,1571.74,45.06,
"2012-08-23",42,2012-08-24 04:30:00,1641.433,2012-08-24 03:42:16,1491.18,141.37,1632.55,44.62,
"2012-08-23",43,2012-08-24 05:00:00,1762.947,2012-08-24 04:12:27,1582.37,149.15,1731.52,48.57,
"2012-08-23",44,2012-08-24 05:30:00,1879.502,2012-08-24 04:42:17,1723.42,154.56,1877.98,84.85,
"2012-08-23",45,2012-08-24 06:00:00,2074.949,2012-08-24 05:12:23,1913.79,182.19,2095.98,87.45,
"2012-08-23",46,2012-08-24 06:30:00,2256.167,2012-08-24 05:42:49,2048.4,185.2,2233.6,60.32,
"2012-08-23",47,2012-08-24 07:00:00,2365.686,2012-08-24 06:12:33,2215.26,182.25,2397.51,70.7,
"2012-08-23",48,2012-08-24 07:30:00,2296.048,2012-08-24 06:42:38,2301.75,118.48,2420.23,77.83,
"2012-08-24",1,2012-08-24 08:00:00,2350.248,2012-08-24 07:12:43,2291.81,104.74,2396.55,70.7,
"2012-08-24",2,2012-08-24 08:30:00,2324.179,2012-08-24 07:42:46,2271.17,93.56,2364.73,65.08,
"2012-08-24",3,2012-08-24 09:00:00,2367.397,2012-08-24 08:12:52,2199.85,84,2283.85,51.51,
"2012-08-24",4,2012-08-24 09:30:00,2311.596,2012-08-24 08:43:27,2110.58,99.95,2210.53,48.07,
"2012-08-24",5,2012-08-24 10:00:00,2233.762,2012-08-24 09:13:12,2061.32,117.84,2179.16,43.58,
"2012-08-24",6,2012-08-24 10:30:00,2185.49,2012-08-24 09:43:35,2069.69,90.75,2160.44,70.7,
"2012-08-24",7,2012-08-24 11:00:00,2167.885,2012-08-24 10:13:16,2053.61,78.83,2132.44,65.65,
"2012-08-24",8,2012-08-24 11:30:00,2129.306,2012-08-24 10:43:28,2052.08,81.21,2133.29,58.59,
"2012-08-24",9,2012-08-24 12:00:00,2095.858,2012-08-24 11:13:23,2039.26,64.47,2103.73,70.7,
"2012-08-24",10,2012-08-24 12:30:00,2090.561,2012-08-24 11:43:55,2082.26,37.64,2119.9,78.59,
"2012-08-24",11,2012-08-24 13:00:00,2109.824,2012-08-24 12:13:37,2092.4,26.95,2119.35,78.59,
"2012-08-24",12,2012-08-24 13:30:00,2079.648,2012-08-24 12:43:44,2069.84,31.95,2101.79,70.7,
"2012-08-24",13,2012-08-24 14:00:00,2151.282,2012-08-24 13:14:15,2054.94,36.23,2091.17,70.7,
"2012-08-24",14,2012-08-24 14:30:00,2128.042,2012-08-24 13:43:48,2083.02,21.43,2104.45,78.59,
"2012-08-24",15,2012-08-24 15:00:00,2116.432,2012-08-24 14:13:48,2119.89,18.3,2138.19,81.45,
"2012-08-24",16,2012-08-24 15:30:00,2148.54,2012-08-24 14:43:59,2126.89,26.39,2153.28,103.13,
"2012-08-24",17,2012-08-24 16:00:00,2188.332,2012-08-24 15:14:14,2164.41,26.37,2190.78,108.16,
"2012-08-24",18,2012-08-24 16:30:00,2186.968,2012-08-24 15:44:07,2198.18,29.99,2228.17,109.49,
"2012-08-24",19,2012-08-24 17:00:00,2287.203,2012-08-24 16:14:11,2265.54,47.85,2313.39,112.46,
"2012-08-24",20,2012-08-24 17:30:00,2424.403,2012-08-24 16:44:39,2369.5,42.72,2412.22,125.34,
"2012-08-24",21,2012-08-24 18:00:00,2511.637,2012-08-24 17:14:21,2477.74,55.7,2533.44,121.99,
"2012-08-24",22,2012-08-24 18:30:00,2440.381,2012-08-24 17:44:32,2459.44,51.59,2511.03,119.47,
"2012-08-24",23,2012-08-24 19:00:00,2405.426,2012-08-24 18:14:29,2391.19,58.96,2450.15,90.65,
"2012-08-24",24,2012-08-24 19:30:00,2381.763,2012-08-24 18:44:45,2319.61,71.17,2390.78,82.64,
"2012-08-24",25,2012-08-24 20:00:00,2361.049,2012-08-24 19:14:49,2255.46,81.51,2336.97,73.3,
"2012-08-24",26,2012-08-24 20:30:00,2301.243,2012-08-24 19:44:52,2137.74,134.27,2272.01,66.09,
"2012-08-24",27,2012-08-24 21:00:00,2250.897,2012-08-24 20:14:51,1977.59,196.6,2174.19,57.69,
"2012-08-24",28,2012-08-24 21:30:00,2163.646,2012-08-24 20:44:56,1871.16,212.35,2083.51,54.66,
"2012-08-24",29,2012-08-24 22:00:00,2050.606,2012-08-24 21:10:26,1770.59,207.02,1977.61,47.31,
"2012-08-24",30,2012-08-24 22:30:00,1935.297,2012-08-24 21:40:21,1658.98,220.45,1879.43,47.81,
"2012-08-24",31,2012-08-24 23:00:00,1869.123,2012-08-24 22:10:26,1664.59,116.7,1781.29,49.61,
"2012-08-24",32,2012-08-24 23:30:00,1757.533,2012-08-24 22:40:29,1611.8,104.88,1716.68,48.31,
"2012-08-24",33,2012-08-25 00:00:00,1701.625,2012-08-24 23:10:37,1514.46,137.17,1651.63,44.36,
"2012-08-24",34,2012-08-25 00:30:00,1649.067,2012-08-24 23:10:37,1447.01,153.36,1600.37,43.88,
"2012-08-24",35,2012-08-25 01:00:00,1610.137,2012-08-24 23:10:37,1391.36,177.36,1568.72,41.3,
"2012-08-24",36,2012-08-25 01:30:00,1615.95,2012-08-25 00:40:54,1346.61,199.51,1546.12,39.18,
"2012-08-24",37,2012-08-25 02:00:00,1551.753,2012-08-25 01:11:01,1294.56,233,1527.56,39.15,
"2012-08-24",38,2012-08-25 02:30:00,1532.324,2012-08-25 01:40:46,1294.06,233.23,1527.29,39.16,
"2012-08-24",39,2012-08-25 03:00:00,1515.218,2012-08-25 02:11:23,1289.59,220.02,1509.61,39.17,
"2012-08-24",40,2012-08-25 03:30:00,1529.855,2012-08-25 02:41:09,1310.23,218.28,1528.51,39.17,
"2012-08-24",41,2012-08-25 04:00:00,1542.203,2012-08-25 03:11:01,1341.66,201.34,1543,40.96,
"2012-08-24",42,2012-08-25 04:30:00,1560.904,2012-08-25 03:41:17,1361.27,198.14,1559.41,39.17,
"2012-08-24",43,2012-08-25 05:00:00,1616.993,2012-08-25 04:11:12,1404.19,189.42,1593.61,39.4,
"2012-08-24",44,2012-08-25 05:30:00,1659.842,2012-08-25 04:41:21,1465.22,188.47,1653.69,42.6,
"2012-08-24",45,2012-08-25 06:00:00,1716.089,2012-08-25 05:11:56,1558.57,174.69,1733.26,40.95,
"2012-08-24",46,2012-08-25 06:30:00,1808.628,2012-08-25 05:41:48,1581.58,220.5,1802.08,39.17,
"2012-08-24",47,2012-08-25 07:00:00,1909.301,2012-08-25 06:11:41,1667.81,231.66,1899.47,44.33,
"2012-08-24",48,2012-08-25 07:30:00,1964.372,2012-08-25 06:41:57,1822.1,148.88,1970.98,56.76,
"2012-08-25",1,2012-08-25 08:00:00,2019.032,2012-08-25 07:12:09,1909.27,83.33,1992.6,65.65,
"2012-08-25",2,2012-08-25 08:30:00,1995.56,2012-08-25 07:41:48,1922.84,58.12,1980.96,46.16,
"2012-08-25",3,2012-08-25 09:00:00,1971.81,2012-08-25 08:12:13,1918.04,38.35,1956.39,59.51,
"2012-08-25",4,2012-08-25 09:30:00,1948.001,2012-08-25 08:42:25,1875.93,47.92,1923.85,46.26,
"2012-08-25",5,2012-08-25 10:00:00,1915.385,2012-08-25 09:12:06,1820.57,38.74,1859.31,46.76,
"2012-08-25",6,2012-08-25 10:30:00,1861.701,2012-08-25 09:42:42,1783.54,32.43,1815.97,46.56,
"2012-08-25",7,2012-08-25 11:00:00,1860.222,2012-08-25 10:12:30,1689.09,28.5,1717.59,40.45,
"2012-08-25",8,2012-08-25 11:30:00,1850.668,2012-08-25 10:42:35,1650.97,31.07,1682.04,39.19,
"2012-08-25",9,2012-08-25 12:00:00,1767.912,2012-08-25 11:12:24,1636.45,26.96,1663.41,39.19,
"2012-08-25",10,2012-08-25 12:30:00,1721.85,2012-08-25 11:42:44,1619.86,27.01,1646.87,39.19,
"2012-08-25",11,2012-08-25 13:00:00,1647.526,2012-08-25 12:12:47,1597.37,26.11,1623.48,39.18,
"2012-08-25",12,2012-08-25 13:30:00,1625.053,2012-08-25 12:42:39,1595.94,24.72,1620.66,39.18,
"2012-08-25",13,2012-08-25 14:00:00,1639.284,2012-08-25 13:13:09,1589.89,24.46,1614.35,39.2,
"2012-08-25",14,2012-08-25 14:30:00,1662.352,2012-08-25 13:43:10,1605.15,23.58,1628.73,39.16,
"2012-08-25",15,2012-08-25 15:00:00,1670.248,2012-08-25 14:13:18,1603.76,34.36,1638.12,39.16,
"2012-08-25",16,2012-08-25 15:30:00,1704.262,2012-08-25 14:43:29,1668.41,31.75,1700.16,39.2,
"2012-08-25",17,2012-08-25 16:00:00,1744.179,2012-08-25 15:13:21,1716.61,40.28,1756.89,43.89,
"2012-08-25",18,2012-08-25 16:30:00,1853.037,2012-08-25 15:43:30,1812.47,46.69,1859.16,50.8,
"2012-08-25",19,2012-08-25 17:00:00,1954.884,2012-08-25 16:13:17,1937.47,45.93,1983.4,59.83,
"2012-08-25",20,2012-08-25 17:30:00,2086.338,2012-08-25 16:43:48,2071.12,54.52,2125.64,81,
"2012-08-25",21,2012-08-25 18:00:00,2195.982,2012-08-25 17:13:42,2218.62,56.01,2274.63,116.89,
"2012-08-25",22,2012-08-25 18:30:00,2121.415,2012-08-25 17:43:33,2181.57,67.36,2248.93,103.13,
"2012-08-25",23,2012-08-25 19:00:00,2108.229,2012-08-25 18:13:53,2127.06,75.6,2202.66,70.7,
"2012-08-25",24,2012-08-25 19:30:00,2145.741,2012-08-25 18:43:53,2075.18,87.06,2162.24,66.22,
"2012-08-25",25,2012-08-25 20:00:00,2115.917,2012-08-25 19:14:09,2007.67,107.39,2115.06,59.51,
"2012-08-25",26,2012-08-25 20:30:00,2078.788,2012-08-25 19:43:48,1990.13,112.87,2103,56.6,
"2012-08-25",27,2012-08-25 21:00:00,2024.211,2012-08-25 20:14:18,1937.51,105.84,2043.35,59.51,
"2012-08-25",28,2012-08-25 21:30:00,1968.016,2012-08-25 20:43:59,1854.39,93.97,1948.36,59.51,
"2012-08-25",29,2012-08-25 22:00:00,1905.341,2012-08-25 21:13:58,1782.38,85.05,1867.43,42.33,
"2012-08-25",30,2012-08-25 22:30:00,1845.095,2012-08-25 21:44:28,1724.78,67.78,1792.56,40.95,
"2012-08-25",31,2012-08-25 23:00:00,1756.959,2012-08-25 22:14:11,1639.04,53.81,1692.85,41.12,
"2012-08-25",32,2012-08-25 23:30:00,1645.967,2012-08-25 22:44:34,1563.31,54.35,1617.66,41.12,
"2012-08-25",33,2012-08-26 00:00:00,1622.517,2012-08-25 23:14:42,1539.28,47.68,1586.96,57.55,
"2012-08-25",34,2012-08-26 00:30:00,1576.173,2012-08-25 23:14:42,1479.39,54.46,1533.85,59.34,
"2012-08-25",35,2012-08-26 01:00:00,1544.232,2012-08-25 23:14:42,1430.86,74.56,1505.42,61.18,
"2012-08-25",36,2012-08-26 01:30:00,1512.445,2012-08-26 00:44:49,1402.41,85.15,1487.56,57.82,
"2012-08-25",37,2012-08-26 02:00:00,1483.522,2012-08-26 01:14:48,1378.69,99.61,1478.3,39.18,
"2012-08-25",38,2012-08-26 02:30:00,1456.745,2012-08-26 01:44:53,1361.95,97.46,1459.41,39.2,
"2012-08-25",39,2012-08-26 03:00:00,1469.546,2012-08-26 02:09:55,1356.09,98.89,1454.98,45.06,
"2012-08-25",40,2012-08-26 03:30:00,1469.986,2012-08-26 02:40:04,1355.09,97.54,1452.63,53.55,
"2012-08-25",41,2012-08-26 04:00:00,1464.391,2012-08-26 03:10:33,1326.21,132.98,1459.19,39.23,
"2012-08-25",42,2012-08-26 04:30:00,1481.755,2012-08-26 03:40:23,1318.94,151.77,1470.71,39.22,
"2012-08-25",43,2012-08-26 05:00:00,1510.337,2012-08-26 04:10:41,1340.26,150.56,1490.82,39.13,
"2012-08-25",44,2012-08-26 05:30:00,1532.784,2012-08-26 04:40:38,1377.46,152.47,1529.93,39.12,
"2012-08-25",45,2012-08-26 06:00:00,1570.303,2012-08-26 05:10:45,1440.51,129.19,1569.7,39,
"2012-08-25",46,2012-08-26 06:30:00,1625.665,2012-08-26 05:40:51,1494.02,118.36,1612.38,39.48,
"2012-08-25",47,2012-08-26 07:00:00,1689.355,2012-08-26 06:10:50,1538.39,127.28,1665.67,41.59,
"2012-08-25",48,2012-08-26 07:30:00,1764.681,2012-08-26 06:40:36,1605.58,119.61,1725.19,43.52,
"2012-08-26",1,2012-08-26 08:00:00,1783.611,2012-08-26 07:10:42,1637.45,107.02,1744.47,45.21,
"2012-08-26",2,2012-08-26 08:30:00,1774.477,2012-08-26 07:41:03,1633.28,109.63,1742.91,42.05,
"2012-08-26",3,2012-08-26 09:00:00,1771.317,2012-08-26 08:11:22,1595.68,136.3,1731.98,38.69,
"2012-08-26",4,2012-08-26 09:30:00,1784.979,2012-08-26 08:41:05,1554.99,153.29,1708.28,40.95,
"2012-08-26",5,2012-08-26 10:00:00,1741.436,2012-08-26 09:11:02,1498.06,178.89,1676.95,38.86,
"2012-08-26",6,2012-08-26 10:30:00,1698.206,2012-08-26 09:41:26,1496.2,185.34,1681.54,38.98,
"2012-08-26",7,2012-08-26 11:00:00,1675.917,2012-08-26 10:11:40,1463.75,190.14,1653.89,39.14,
"2012-08-26",8,2012-08-26 11:30:00,1704.277,2012-08-26 10:41:19,1452.17,213.61,1665.78,39.13,
"2012-08-26",9,2012-08-26 12:00:00,1652.987,2012-08-26 11:11:54,1419.19,225.34,1644.53,39.12,
"2012-08-26",10,2012-08-26 12:30:00,1641.041,2012-08-26 11:41:54,1412.44,232.24,1644.68,39.12,
"2012-08-26",11,2012-08-26 13:00:00,1635.098,2012-08-26 12:11:41,1421.31,231.35,1652.66,39.12,
"2012-08-26",12,2012-08-26 13:30:00,1623.542,2012-08-26 12:42:00,1418.4,235.01,1653.41,39.13,
"2012-08-26",13,2012-08-26 14:00:00,1608.547,2012-08-26 13:11:58,1421.84,239.26,1661.1,39.14,
"2012-08-26",14,2012-08-26 14:30:00,1672.511,2012-08-26 13:42:08,1457.13,234.57,1691.7,39.15,
"2012-08-26",15,2012-08-26 15:00:00,1703.545,2012-08-26 14:12:07,1487.34,224.71,1712.05,39.03,
"2012-08-26",16,2012-08-26 15:30:00,1740.616,2012-08-26 14:42:04,1523.52,222.24,1745.76,39.57,
"2012-08-26",17,2012-08-26 16:00:00,1809.492,2012-08-26 15:12:24,1584.64,223.92,1808.56,40.95,
"2012-08-26",18,2012-08-26 16:30:00,1897.143,2012-08-26 15:42:22,1688.26,203.14,1891.4,41.6,
"2012-08-26",19,2012-08-26 17:00:00,2022.823,2012-08-26 16:12:22,1851.27,161.11,2012.38,59.51,
"2012-08-26",20,2012-08-26 17:30:00,2173.146,2012-08-26 16:42:22,2005.34,219.95,2225.29,82.07,
"2012-08-26",21,2012-08-26 18:00:00,2286.217,2012-08-26 17:12:41,2126.25,243.17,2369.42,91.76,
"2012-08-26",22,2012-08-26 18:30:00,2230.499,2012-08-26 17:42:54,2127.07,238.19,2365.26,94.2,
"2012-08-26",23,2012-08-26 19:00:00,2248.638,2012-08-26 18:12:55,2051.33,254.44,2305.77,70.7,
"2012-08-26",24,2012-08-26 19:30:00,2284.966,2012-08-26 18:42:56,2005.11,261.61,2266.72,59.51,
"2012-08-26",25,2012-08-26 20:00:00,2248.069,2012-08-26 19:13:09,1931.22,266.18,2197.4,53.01,
"2012-08-26",26,2012-08-26 20:30:00,2177.937,2012-08-26 19:43:04,1860.44,258.92,2119.36,45.65,
"2012-08-26",27,2012-08-26 21:00:00,2060.731,2012-08-26 20:13:00,1754.55,265.58,2020.13,45.65,
"2012-08-26",28,2012-08-26 21:30:00,1951.592,2012-08-26 20:42:57,1680.42,252.4,1932.82,45.61,
"2012-08-26",29,2012-08-26 22:00:00,1829.009,2012-08-26 21:13:04,1595.22,231.18,1826.4,40.95,
"2012-08-26",30,2012-08-26 22:30:00,1759.303,2012-08-26 21:43:14,1543.35,172.13,1715.48,42.05,
"2012-08-26",31,2012-08-26 23:00:00,1695.553,2012-08-26 22:13:31,1467.99,148.45,1616.44,42.54,
"2012-08-26",32,2012-08-26 23:30:00,1652.701,2012-08-26 22:43:29,1458.94,115.57,1574.51,42.78,
"2012-08-26",33,2012-08-27 00:00:00,1593.962,2012-08-26 23:13:32,1416.73,105.8,1522.53,40.95,
"2012-08-26",34,2012-08-27 00:30:00,1562.077,2012-08-26 23:13:32,1392.35,96.65,1489,39.19,
"2012-08-26",35,2012-08-27 01:00:00,1541.173,2012-08-26 23:13:32,1407.59,89.27,1496.86,45.06,
"2012-08-26",36,2012-08-27 01:30:00,1482.187,2012-08-27 00:44:00,1402.22,78.47,1480.69,45.06,
"2012-08-26",37,2012-08-27 02:00:00,1469.516,2012-08-27 01:13:39,1398.55,70.37,1468.92,39.18,
"2012-08-26",38,2012-08-27 02:30:00,1478.724,2012-08-27 01:44:04,1409.51,65.7,1475.21,45.06,
"2012-08-26",39,2012-08-27 03:00:00,1469.011,2012-08-27 02:14:13,1437.62,62.5,1500.12,57.56,
"2012-08-26",40,2012-08-27 03:30:00,1469.558,2012-08-27 02:44:02,1457.1,61.7,1518.8,62,
"2012-08-26",41,2012-08-27 04:00:00,1505.862,2012-08-27 03:14:18,1484.68,62.04,1546.72,67.88,
"2012-08-26",42,2012-08-27 04:30:00,1564.305,2012-08-27 03:44:25,1511.65,71.36,1583.01,42.12,
"2012-08-26",43,2012-08-27 05:00:00,1678.936,2012-08-27 04:14:15,1598.09,73.5,1671.59,42.85,
"2012-08-26",44,2012-08-27 05:30:00,1803.126,2012-08-27 04:44:48,1749.34,67.44,1816.78,76.78,
"2012-08-26",45,2012-08-27 06:00:00,1970.485,2012-08-27 05:14:42,1922.75,55.66,1978.41,91.54,
"2012-08-26",46,2012-08-27 06:30:00,2185.524,2012-08-27 05:39:56,2070.21,44.88,2115.09,95.19,
"2012-08-26",47,2012-08-27 07:00:00,2273.198,2012-08-27 06:14:54,2199.86,46.39,2246.25,78.17,
"2012-08-26",48,2012-08-27 07:30:00,2187.895,2012-08-27 06:44:34,2246.69,34.28,2280.97,70.88,
"2012-08-27",1,2012-08-27 08:00:00,2253.363,2012-08-27 07:14:43,2210.38,29.85,2240.23,70.7,
"2012-08-27",2,2012-08-27 08:30:00,2194.472,2012-08-27 07:40:05,2225.52,26.34,2251.86,69.65,
"2012-08-27",3,2012-08-27 09:00:00,2225.503,2012-08-27 08:14:58,2212.38,24.88,2237.26,70.7,
"2012-08-27",4,2012-08-27 09:30:00,2176.691,2012-08-27 08:44:54,2187.21,22.19,2209.4,85.99,
"2012-08-27",5,2012-08-27 10:00:00,2172.057,2012-08-27 09:10:30,2162.1,23.34,2185.44,81.24,
"2012-08-27",6,2012-08-27 10:30:00,2164.725,2012-08-27 09:40:28,2122.83,24.28,2147.11,81.6,
"2012-08-27",7,2012-08-27 11:00:00,2180.014,2012-08-27 10:10:12,2130.91,23.03,2153.94,84.21,
"2012-08-27",8,2012-08-27 11:30:00,2166.671,2012-08-27 10:40:41,2129.75,22.83,2152.58,88.4,
"2012-08-27",9,2012-08-27 12:00:00,2148.242,2012-08-27 11:10:48,2118.39,25.04,2143.43,92.62,
"2012-08-27",10,2012-08-27 12:30:00,2110.904,2012-08-27 11:40:26,2114.22,29.26,2143.48,98.07,
"2012-08-27",11,2012-08-27 13:00:00,2153.541,2012-08-27 12:10:33,2070.35,39.16,2109.51,75.82,
"2012-08-27",12,2012-08-27 13:30:00,2136.743,2012-08-27 12:41:03,2009.51,63.68,2073.19,70.7,
"2012-08-27",13,2012-08-27 14:00:00,2151.382,2012-08-27 13:11:13,2002.15,66.65,2068.8,70.7,
"2012-08-27",14,2012-08-27 14:30:00,2121.803,2012-08-27 13:40:55,1962.26,103.21,2065.47,56.21,
"2012-08-27",15,2012-08-27 15:00:00,2110.772,2012-08-27 14:11:14,1992.34,102.21,2094.55,65.65,
"2012-08-27",16,2012-08-27 15:30:00,2145.795,2012-08-27 14:41:24,2041.02,97.14,2138.16,70.7,
"2012-08-27",17,2012-08-27 16:00:00,2136.449,2012-08-27 15:11:12,2115.98,78.54,2194.52,92.2,
"2012-08-27",18,2012-08-27 16:30:00,2308.457,2012-08-27 15:41:34,2212.7,62.39,2275.09,103.79,
"2012-08-27",19,2012-08-27 17:00:00,2397.818,2012-08-27 16:11:21,2317.89,72.98,2390.87,114.17,
"2012-08-27",20,2012-08-27 17:30:00,2511.768,2012-08-27 16:41:28,2439.89,65.71,2505.6,118.37,
"2012-08-27",21,2012-08-27 18:00:00,2582.244,2012-08-27 17:11:36,2520.13,66.65,2586.78,125.07,
"2012-08-27",22,2012-08-27 18:30:00,2563.756,2012-08-27 17:41:27,2517.07,33.26,2550.33,94.59,
"2012-08-27",23,2012-08-27 19:00:00,2459.557,2012-08-27 18:11:51,2431.35,41.96,2473.31,91.71,
"2012-08-27",24,2012-08-27 19:30:00,2442.118,2012-08-27 18:42:07,2347.71,28.08,2375.79,80.56,
"2012-08-27",25,2012-08-27 20:00:00,2376.41,2012-08-27 19:12:09,2277.8,20.25,2298.05,67.41,
"2012-08-27",26,2012-08-27 20:30:00,2282.007,2012-08-27 19:42:02,2210.56,19.48,2230.04,68.09,
"2012-08-27",27,2012-08-27 21:00:00,2151.321,2012-08-27 20:12:19,2089.02,21.76,2110.78,60.06,
"2012-08-27",28,2012-08-27 21:30:00,2023.103,2012-08-27 20:42:14,1941.09,25.19,1966.28,56.21,
"2012-08-27",29,2012-08-27 22:00:00,1908.545,2012-08-27 21:12:26,1830.41,27.02,1857.43,44.89,
"2012-08-27",30,2012-08-27 22:30:00,1802.999,2012-08-27 21:42:26,1696.23,41.92,1738.15,39.99,
"2012-08-27",31,2012-08-27 23:00:00,1714.916,2012-08-27 22:12:28,1632.29,28.66,1660.95,44.35,
"2012-08-27",32,2012-08-27 23:30:00,1661.133,2012-08-27 22:42:22,1557.68,39.68,1597.36,45.26,
"2012-08-27",33,2012-08-28 00:00:00,1577.88,2012-08-27 23:12:17,1554.19,57.83,1612.02,45.65,
"2012-08-27",34,2012-08-28 00:30:00,1540.732,2012-08-27 23:12:17,1495.95,67.11,1563.06,45.87,
"2012-08-27",35,2012-08-28 01:00:00,1515.068,2012-08-27 23:12:17,1490.05,58.43,1548.48,47.19,
"2012-08-27",36,2012-08-28 01:30:00,1521.181,2012-08-28 00:42:57,1490.64,53.39,1544.03,60.51,
"2012-08-27",37,2012-08-28 02:00:00,1514.486,2012-08-28 01:13:12,1487.57,53.37,1540.94,45.06,
"2012-08-27",38,2012-08-28 02:30:00,1515.141,2012-08-28 01:43:16,1470.82,62.38,1533.2,45.06,
"2012-08-27",39,2012-08-28 03:00:00,1511.425,2012-08-28 02:13:23,1457.75,72.93,1530.68,45.06,
"2012-08-27",40,2012-08-28 03:30:00,1531.139,2012-08-28 02:42:55,1462.55,81.1,1543.65,40.95,
"2012-08-27",41,2012-08-28 04:00:00,1554.294,2012-08-28 03:13:25,1456.2,113.65,1569.85,38.82,
"2012-08-27",42,2012-08-28 04:30:00,1608.738,2012-08-28 03:43:31,1505.62,92.69,1598.31,39.79,
"2012-08-27",43,2012-08-28 05:00:00,1702.267,2012-08-28 04:13:35,1648.24,60.27,1708.51,43.29,
"2012-08-27",44,2012-08-28 05:30:00,1800.418,2012-08-28 04:43:20,1749.51,69.18,1818.69,65.65,
"2012-08-27",45,2012-08-28 06:00:00,1983.617,2012-08-28 05:13:40,1910.18,76.54,1986.72,65.65,
"2012-08-27",46,2012-08-28 06:30:00,2171.13,2012-08-28 05:43:42,2080.01,60.22,2140.23,70.7,
"2012-08-27",47,2012-08-28 07:00:00,2288.617,2012-08-28 06:13:54,2167.81,69.94,2237.75,65.65,
"2012-08-27",48,2012-08-28 07:30:00,2211.336,2012-08-28 06:44:00,2180.93,109.9,2290.83,59.09,
"2012-08-28",1,2012-08-28 08:00:00,2270.715,2012-08-28 07:14:05,2179.95,74.31,2254.26,59.47,
"2012-08-28",2,2012-08-28 08:30:00,2254.004,2012-08-28 07:44:13,2142.18,113.36,2255.54,55.87,
"2012-08-28",3,2012-08-28 09:00:00,2231.731,2012-08-28 08:13:49,2102.09,134.14,2236.23,51.09,
"2012-08-28",4,2012-08-28 09:30:00,2215.281,2012-08-28 08:44:13,2032.79,147.93,2180.72,49.87,
"2012-08-28",5,2012-08-28 10:00:00,2182.015,2012-08-28 09:14:30,1939.67,208.66,2148.33,44.92,
"2012-08-28",6,2012-08-28 10:30:00,2159.803,2012-08-28 09:44:23,1919.56,223.89,2143.45,45.03,
"2012-08-28",7,2012-08-28 11:00:00,2124.274,2012-08-28 10:14:30,1899.29,235.24,2134.53,45.11,
"2012-08-28",8,2012-08-28 11:30:00,2129.906,2012-08-28 10:44:44,1867.92,228.25,2096.17,39.56,
"2012-08-28",9,2012-08-28 12:00:00,2117.069,2012-08-28 11:14:42,1840.77,236.82,2077.59,39.28,
"2012-08-28",10,2012-08-28 12:30:00,2173.786,2012-08-28 11:44:43,1835.55,237.97,2073.52,39.02,
"2012-08-28",11,2012-08-28 13:00:00,2055.824,2012-08-28 12:14:52,1785.99,249.7,2035.69,39.14,
"2012-08-28",12,2012-08-28 13:30:00,2068.068,2012-08-28 12:44:54,1796.25,254.19,2050.44,39.16,
"2012-08-28",13,2012-08-28 14:00:00,2069.233,2012-08-28 13:14:58,1826.47,214.66,2041.13,39.16,
"2012-08-28",14,2012-08-28 14:30:00,2046.734,2012-08-28 13:40:15,1846.36,211.67,2058.03,39.14,
"2012-08-28",15,2012-08-28 15:00:00,2081.584,2012-08-28 14:14:48,1859.26,221.32,2080.58,39.17,
"2012-08-28",16,2012-08-28 15:30:00,2114.927,2012-08-28 14:40:15,1918.36,190.64,2109,39.18,
"2012-08-28",17,2012-08-28 16:00:00,2154.028,2012-08-28 15:09:58,1958.72,189.97,2148.69,39.19,
"2012-08-28",18,2012-08-28 16:30:00,2214.341,2012-08-28 15:40:04,2010,196.46,2206.46,40.95,
"2012-08-28",19,2012-08-28 17:00:00,2309.66,2012-08-28 16:10:38,2168.54,165.71,2334.25,59.7,
"2012-08-28",20,2012-08-28 17:30:00,2472.641,2012-08-28 16:40:15,2275.84,172.39,2448.23,70.7,
"2012-08-28",21,2012-08-28 18:00:00,2531.536,2012-08-28 17:10:39,2437.68,169.8,2607.48,81.29,
"2012-08-28",22,2012-08-28 18:30:00,2492.055,2012-08-28 17:40:46,2413.1,160.26,2573.36,73.25,
"2012-08-28",23,2012-08-28 19:00:00,2441.247,2012-08-28 18:10:28,2334.87,147.4,2482.27,62.15,
"2012-08-28",24,2012-08-28 19:30:00,2480.845,2012-08-28 18:40:58,2300.93,137.04,2437.97,63.78,
"2012-08-28",25,2012-08-28 20:00:00,2433.443,2012-08-28 19:11:03,2211.35,167.61,2378.96,56.21,
"2012-08-28",26,2012-08-28 20:30:00,2318.337,2012-08-28 19:40:59,2131.94,162.66,2294.6,58.4,
"2012-08-28",27,2012-08-28 21:00:00,2253.988,2012-08-28 20:11:11,2023.65,145.29,2168.94,56.21,
"2012-08-28",28,2012-08-28 21:30:00,2120.842,2012-08-28 20:41:09,1918.9,120.09,2038.99,40.75,
"2012-08-28",29,2012-08-28 22:00:00,2005.468,2012-08-28 21:10:56,1778.48,122.36,1900.84,37.25,
"2012-08-28",30,2012-08-28 22:30:00,1869.91,2012-08-28 21:41:04,1707.37,90.23,1797.6,35.81,
"2012-08-28",31,2012-08-28 23:00:00,1805.645,2012-08-28 22:11:06,1648.21,65.78,1713.99,34.79,
"2012-08-28",32,2012-08-28 23:30:00,1723.126,2012-08-28 22:41:16,1590.86,56.78,1647.64,39.15,
"2012-08-28",33,2012-08-29 00:00:00,1684.363,2012-08-28 23:11:34,1519.05,64.34,1583.39,35.07,
"2012-08-28",34,2012-08-29 00:30:00,1645.676,2012-08-28 23:11:34,1491.55,82.28,1573.83,39.27,
"2012-08-28",35,2012-08-29 01:00:00,1619.346,2012-08-28 23:11:34,1452.95,88.81,1541.76,35.15,
"2012-08-28",36,2012-08-29 01:30:00,1564.032,2012-08-29 00:41:38,1460.42,73.27,1533.69,39.32,
"2012-08-28",37,2012-08-29 02:00:00,1550.186,2012-08-29 01:11:57,1450.77,64.43,1515.2,38.83,
"2012-08-28",38,2012-08-29 02:30:00,1541.733,2012-08-29 01:42:14,1462.89,53.69,1516.58,40.58,
"2012-08-28",39,2012-08-29 03:00:00,1556.441,2012-08-29 02:12:09,1445.96,56.83,1502.79,40.5,
"2012-08-28",40,2012-08-29 03:30:00,1531.189,2012-08-29 02:42:09,1467.71,50.01,1517.72,40.44,
"2012-08-28",41,2012-08-29 04:00:00,1575.275,2012-08-29 03:12:24,1489.34,43.02,1532.36,40.37,
"2012-08-28",42,2012-08-29 04:30:00,1632.628,2012-08-29 03:42:20,1537.66,39.96,1577.62,40.95,
"2012-08-28",43,2012-08-29 05:00:00,1717.463,2012-08-29 04:12:32,1689.72,32.8,1722.52,56.21,
"2012-08-28",44,2012-08-29 05:30:00,1828.65,2012-08-29 04:42:37,1852,16.96,1868.96,72.12,
"2012-08-28",45,2012-08-29 06:00:00,2043.737,2012-08-29 05:12:25,2036.18,13.91,2050.09,82.4,
"2012-08-28",46,2012-08-29 06:30:00,2247.783,2012-08-29 05:42:34,2198.28,14.16,2212.44,72.95,
"2012-08-28",47,2012-08-29 07:00:00,2363.592,2012-08-29 06:12:53,2332.5,14.47,2346.97,89.69,
"2012-08-28",48,2012-08-29 07:30:00,2264.623,2012-08-29 06:42:50,2350.77,13.52,2364.29,70.7,
"2012-08-29",1,2012-08-29 08:00:00,2306.112,2012-08-29 07:13:05,2294.72,14.68,2309.4,73.12,
"2012-08-29",2,2012-08-29 08:30:00,2259.003,2012-08-29 07:43:06,2274.2,15.81,2290.01,59.04,
"2012-08-29",3,2012-08-29 09:00:00,2292.057,2012-08-29 08:13:03,2204.16,20.26,2224.42,55.55,
"2012-08-29",4,2012-08-29 09:30:00,2222.522,2012-08-29 08:43:05,2164.47,16.64,2181.11,55.54,
"2012-08-29",5,2012-08-29 10:00:00,2180.507,2012-08-29 09:13:01,2160.7,17.84,2178.54,55.54,
"2012-08-29",6,2012-08-29 10:30:00,2145.099,2012-08-29 09:43:03,2116.8,19.06,2135.86,55.55,
"2012-08-29",7,2012-08-29 11:00:00,2144.037,2012-08-29 10:13:34,2123.64,22.26,2145.9,55.56,
"2012-08-29",8,2012-08-29 11:30:00,2119.485,2012-08-29 10:43:40,2108.06,22.6,2130.66,55.56,
"2012-08-29",9,2012-08-29 12:00:00,2090.623,2012-08-29 11:13:52,2039.35,34.19,2073.54,55.56,
"2012-08-29",10,2012-08-29 12:30:00,2127.662,2012-08-29 11:43:52,2022.73,36.15,2058.88,55.56,
"2012-08-29",11,2012-08-29 13:00:00,2099.084,2012-08-29 12:14:03,2007.61,41.95,2049.56,55.56,
"2012-08-29",12,2012-08-29 13:30:00,2060.625,2012-08-29 12:43:55,2039.05,27.55,2066.6,55.56,
"2012-08-29",13,2012-08-29 14:00:00,2033.283,2012-08-29 13:13:40,2023.08,33.22,2056.3,55.56,
"2012-08-29",14,2012-08-29 14:30:00,2053.418,2012-08-29 13:43:52,2024.87,46.38,2071.25,47.06,
"2012-08-29",15,2012-08-29 15:00:00,2065.466,2012-08-29 14:14:21,2048.23,36.82,2085.05,55.56,
"2012-08-29",16,2012-08-29 15:30:00,2096.134,2012-08-29 14:43:54,2076.78,50.29,2127.07,55.68,
"2012-08-29",17,2012-08-29 16:00:00,2131.063,2012-08-29 15:14:30,2111.07,49.44,2160.51,55.63,
"2012-08-29",18,2012-08-29 16:30:00,2217.229,2012-08-29 15:44:21,2157.15,40.15,2197.3,55.57,
"2012-08-29",19,2012-08-29 17:00:00,2323.55,2012-08-29 16:14:22,2186.26,55.5,2241.76,57.61,
"2012-08-29",20,2012-08-29 17:30:00,2458.018,2012-08-29 16:44:20,2303.42,53.24,2356.66,70.7,
"2012-08-29",21,2012-08-29 18:00:00,2432.286,2012-08-29 17:14:26,2458.48,54.31,2512.79,91.28,
"2012-08-29",22,2012-08-29 18:30:00,2427.052,2012-08-29 17:44:38,2439.9,77.88,2517.78,96.76,
"2012-08-29",23,2012-08-29 19:00:00,2360.162,2012-08-29 18:14:37,2340.27,75.35,2415.62,56.82,
"2012-08-29",24,2012-08-29 19:30:00,2423.31,2012-08-29 18:44:53,2324.84,59.87,2384.71,57.4,
"2012-08-29",25,2012-08-29 20:00:00,2337.403,2012-08-29 19:14:38,2263.68,66.62,2330.3,43.98,
"2012-08-29",26,2012-08-29 20:30:00,2261.035,2012-08-29 19:39:43,2187.97,77.06,2265.03,41.7,
"2012-08-29",27,2012-08-29 21:00:00,2163.084,2012-08-29 20:14:44,2068.96,92.79,2161.75,41.88,
"2012-08-29",28,2012-08-29 21:30:00,2049.399,2012-08-29 20:40:14,1931.48,97.9,2029.38,42.05,
"2012-08-29",29,2012-08-29 22:00:00,1947.367,2012-08-29 21:10:10,1851.02,78.68,1929.7,38.81,
"2012-08-29",30,2012-08-29 22:30:00,1861.654,2012-08-29 21:40:03,1733.21,74.47,1807.68,38.83,
"2012-08-29",31,2012-08-29 23:00:00,1765.874,2012-08-29 22:10:05,1653.43,71.74,1725.17,39.03,
"2012-08-29",32,2012-08-29 23:30:00,1732.717,2012-08-29 22:40:40,1602.15,69.96,1672.11,47.06,
"2012-08-29",33,2012-08-30 00:00:00,1677.333,2012-08-29 23:10:38,1535.16,74.27,1609.43,45.96,
"2012-08-29",34,2012-08-30 00:30:00,1639.946,2012-08-29 23:10:38,1495.91,80.22,1576.13,45.96,
"2012-08-29",35,2012-08-30 01:00:00,1614.47,2012-08-29 23:10:38,1444.42,84.05,1528.47,39.18,
"2012-08-29",36,2012-08-30 01:30:00,1579.222,2012-08-30 00:40:54,1432.51,86.73,1519.24,39.19,
"2012-08-29",37,2012-08-30 02:00:00,1552.546,2012-08-30 01:11:05,1422.76,96.95,1519.71,39.56,
"2012-08-29",38,2012-08-30 02:30:00,1525.042,2012-08-30 01:41:10,1412.91,110.89,1523.8,39.68,
"2012-08-29",39,2012-08-30 03:00:00,1543.658,2012-08-30 02:11:06,1399.03,112.97,1512,39.68,
"2012-08-29",40,2012-08-30 03:30:00,1548.659,2012-08-30 02:40:50,1398.39,133.84,1532.23,39.66,
"2012-08-29",41,2012-08-30 04:00:00,1580.157,2012-08-30 03:11:21,1415.02,137.3,1552.32,39.67,
"2012-08-29",42,2012-08-30 04:30:00,1641.925,2012-08-30 03:41:33,1445.34,151.75,1597.09,39.27,
"2012-08-29",43,2012-08-30 05:00:00,1727.044,2012-08-30 04:11:33,1543.37,157.96,1701.33,39.1,
"2012-08-29",44,2012-08-30 05:30:00,1856.112,2012-08-30 04:41:11,1680.13,159.3,1839.43,40.63,
"2012-08-29",45,2012-08-30 06:00:00,1994.552,2012-08-30 05:11:26,1894.51,150.74,2045.25,41.5,
"2012-08-29",46,2012-08-30 06:30:00,2227.608,2012-08-30 05:41:46,2076.06,146.65,2222.71,42.27,
"2012-08-29",47,2012-08-30 07:00:00,2325.954,2012-08-30 06:11:29,2184.71,144.52,2329.23,56.17,
"2012-08-29",48,2012-08-30 07:30:00,2295.864,2012-08-30 06:41:36,2173.29,125.69,2298.98,55.59,
"2012-08-30",1,2012-08-30 08:00:00,2322.008,2012-08-30 07:11:50,2131.36,113,2244.36,42.28,
"2012-08-30",2,2012-08-30 08:30:00,2286.225,2012-08-30 07:41:49,2043.1,119.14,2162.24,41.3,
"2012-08-30",3,2012-08-30 09:00:00,2211.428,2012-08-30 08:11:48,1941.53,111.48,2053.01,38.99,
"2012-08-30",4,2012-08-30 09:30:00,2178.906,2012-08-30 08:42:00,1930.82,91.34,2022.16,40.52,
"2012-08-30",5,2012-08-30 10:00:00,2110.404,2012-08-30 09:12:20,1894.56,82.7,1977.26,39.07,
"2012-08-30",6,2012-08-30 10:30:00,2005.946,2012-08-30 09:42:00,1893.62,72.92,1966.54,39,
"2012-08-30",7,2012-08-30 11:00:00,1968.38,2012-08-30 10:12:31,1894.87,58.47,1953.34,39.04,
"2012-08-30",8,2012-08-30 11:30:00,1946.5,2012-08-30 10:42:21,1906.77,52.91,1959.68,39.16,
"2012-08-30",9,2012-08-30 12:00:00,1898.086,2012-08-30 11:12:37,1910.14,52.95,1963.09,39.15,
"2012-08-30",10,2012-08-30 12:30:00,1883.483,2012-08-30 11:42:32,1894.8,61.85,1956.65,39.14,
"2012-08-30",11,2012-08-30 13:00:00,1907.215,2012-08-30 12:12:28,1945.65,54.74,2000.39,39.18,
"2012-08-30",12,2012-08-30 13:30:00,1950.941,2012-08-30 12:42:35,1958.12,56.15,2014.27,41.05,
"2012-08-30",13,2012-08-30 14:00:00,1946.329,2012-08-30 13:12:38,1974.01,59.08,2033.09,41.05,
"2012-08-30",14,2012-08-30 14:30:00,2015.851,2012-08-30 13:43:01,1986.41,46,2032.41,42.05,
"2012-08-30",15,2012-08-30 15:00:00,2039.009,2012-08-30 14:13:06,2017.19,44,2061.19,52.61,
"2012-08-30",16,2012-08-30 15:30:00,2064.917,2012-08-30 14:43:09,2046.55,36.48,2083.03,55.83,
"2012-08-30",17,2012-08-30 16:00:00,2120.659,2012-08-30 15:12:59,2047.91,34.46,2082.37,44.06,
"2012-08-30",18,2012-08-30 16:30:00,2172.393,2012-08-30 15:43:22,2099.82,33.06,2132.88,56.21,
"2012-08-30",19,2012-08-30 17:00:00,2253.499,2012-08-30 16:13:15,2183.38,26.51,2209.89,56.83,
"2012-08-30",20,2012-08-30 17:30:00,2424.721,2012-08-30 16:43:27,2280.78,23.17,2303.95,73.64,
"2012-08-30",21,2012-08-30 18:00:00,2448.069,2012-08-30 17:13:34,2458.55,27.16,2485.71,97.89,
"2012-08-30",22,2012-08-30 18:30:00,2368.131,2012-08-30 17:43:43,2442.73,32.07,2474.8,125.33,
"2012-08-30",23,2012-08-30 19:00:00,2316.549,2012-08-30 18:13:52,2370.96,38,2408.96,70.7,
"2012-08-30",24,2012-08-30 19:30:00,2380.67,2012-08-30 18:43:46,2325,55.48,2380.48,67.5,
"2012-08-30",25,2012-08-30 20:00:00,2327.544,2012-08-30 19:13:43,2276.97,61.46,2338.43,65.65,
"2012-08-30",26,2012-08-30 20:30:00,2236.724,2012-08-30 19:43:40,2146.43,96.68,2243.11,59.51,
"2012-08-30",27,2012-08-30 21:00:00,2145.694,2012-08-30 20:14:00,1999.82,132.98,2132.8,45.29,
"2012-08-30",28,2012-08-30 21:30:00,2040.857,2012-08-30 20:43:55,1847.52,170.39,2017.91,38.59,
"2012-08-30",29,2012-08-30 22:00:00,1925.343,2012-08-30 21:14:17,1725.86,169.65,1895.51,38.57,
"2012-08-30",30,2012-08-30 22:30:00,1843.256,2012-08-30 21:44:25,1593.8,185.54,1779.34,38.68,
"2012-08-30",31,2012-08-30 23:00:00,1739.642,2012-08-30 22:14:15,1485.73,191.61,1677.34,38.76,
"2012-08-30",32,2012-08-30 23:30:00,1693.358,2012-08-30 22:44:08,1394.75,207.51,1602.26,38.83,
"2012-08-30",33,2012-08-31 00:00:00,1607.326,2012-08-30 23:14:21,1316,229.13,1545.13,39.03,
"2012-08-30",34,2012-08-31 00:30:00,1570.116,2012-08-30 23:14:22,1273.55,231.62,1505.17,39.11,
"2012-08-30",35,2012-08-31 01:00:00,1544.241,2012-08-30 23:14:22,1252.52,228.41,1480.93,39.17,
"2012-08-30",36,2012-08-31 01:30:00,1486.33,2012-08-31 00:44:29,1277.51,227.52,1505.03,39.18,
"2012-08-30",37,2012-08-31 02:00:00,1459.295,2012-08-31 01:09:41,1255.28,233.16,1488.44,39.18,
"2012-08-30",38,2012-08-31 02:30:00,1495.74,2012-08-31 01:44:48,1234.51,227.95,1462.46,39.18,
"2012-08-30",39,2012-08-31 03:00:00,1475.549,2012-08-31 02:14:46,1227.02,229.87,1456.89,39.17,
"2012-08-30",40,2012-08-31 03:30:00,1508.493,2012-08-31 02:40:23,1266.24,229.52,1495.76,39.11,
"2012-08-30",41,2012-08-31 04:00:00,1532.617,2012-08-31 02:40:23,1283.71,228.12,1511.83,38.97,
"2012-08-30",42,2012-08-31 04:30:00,1587.554,2012-08-31 02:40:23,1337.21,233.53,1570.74,4.19,
"2012-08-30",43,2012-08-31 05:00:00,1679.231,2012-08-31 02:40:23,1420.15,243.77,1663.92,13.7,
"2012-08-30",44,2012-08-31 05:30:00,1827.069,2012-08-31 02:40:23,1529,264.48,1793.48,39.3,
"2012-08-30",45,2012-08-31 06:00:00,2008.291,2012-08-31 02:40:23,1711.95,265.71,1977.66,39.12,
"2012-08-30",46,2012-08-31 06:30:00,2159.207,2012-08-31 02:40:23,1865.03,243.98,2109.01,38.81,
"2012-08-30",47,2012-08-31 07:00:00,2261.661,2012-08-31 02:40:23,2008.07,216.52,2224.59,54.53,
"2012-08-30",48,2012-08-31 07:30:00,2192.159,2012-08-31 06:40:49,2015.11,193.82,2208.93,42.05,
"2012-08-31",1,2012-08-31 08:00:00,2228.333,2012-08-31 07:10:55,1937.96,211.19,2149.15,42.05,
"2012-08-31",2,2012-08-31 08:30:00,2178.466,2012-08-31 07:40:39,1987.99,160.52,2148.51,38.6,
"2012-08-31",3,2012-08-31 09:00:00,2145.716,2012-08-31 08:11:00,1959.06,152.54,2111.6,38.35,
"2012-08-31",4,2012-08-31 09:30:00,2095.922,2012-08-31 08:41:19,1930.1,176.73,2106.83,38.39,
"2012-08-31",5,2012-08-31 10:00:00,2078.772,2012-08-31 09:11:04,1886.97,214.67,2101.64,38.43,
"2012-08-31",6,2012-08-31 10:30:00,2054.028,2012-08-31 09:41:32,1906.23,195.97,2102.2,38.47,
"2012-08-31",7,2012-08-31 11:00:00,2093.785,2012-08-31 10:11:12,1941.13,188.03,2129.16,42.05,
"2012-08-31",8,2012-08-31 11:30:00,2064.308,2012-08-31 10:41:42,1933.89,217.68,2151.57,42.05,
"2012-08-31",9,2012-08-31 12:00:00,2044.014,2012-08-31 11:11:22,1927,226.44,2153.44,43.06,
"2012-08-31",10,2012-08-31 12:30:00,2049.854,2012-08-31 11:41:19,1882.54,245.47,2128.01,38.47,
"2012-08-31",11,2012-08-31 13:00:00,2066.46,2012-08-31 12:11:24,1893.94,242.14,2136.08,38.47,
"2012-08-31",12,2012-08-31 13:30:00,2123.559,2012-08-31 12:41:26,1884.77,265.92,2150.69,38.47,
"2012-08-31",13,2012-08-31 14:00:00,2146.029,2012-08-31 13:12:02,1870.95,278.68,2149.63,38.47,
"2012-08-31",14,2012-08-31 14:30:00,2136.029,2012-08-31 13:42:02,1871.58,243.22,2114.8,38.47,
"2012-08-31",15,2012-08-31 15:00:00,2143.801,2012-08-31 14:11:44,1850.69,255.64,2106.33,38.47,
"2012-08-31",16,2012-08-31 15:30:00,2171.217,2012-08-31 14:42:18,1857.63,273.77,2131.4,38.46,
"2012-08-31",17,2012-08-31 16:00:00,2156.414,2012-08-31 15:12:15,1916.83,241.26,2158.09,42.05,
"2012-08-31",18,2012-08-31 16:30:00,2206.929,2012-08-31 15:41:59,1961.93,229.24,2191.17,56.21,
"2012-08-31",19,2012-08-31 17:00:00,2234.74,2012-08-31 16:12:29,2095.52,197.45,2292.97,38.36,
"2012-08-31",20,2012-08-31 17:30:00,2321.01,2012-08-31 16:42:25,2194.72,173.73,2368.45,38.55,
"2012-08-31",21,2012-08-31 18:00:00,2390.289,2012-08-31 17:12:13,2275.17,173.97,2449.14,38.54,
"2012-08-31",22,2012-08-31 18:30:00,2427.932,2012-08-31 17:42:26,2278.03,152.82,2430.85,38.56,
"2012-08-31",23,2012-08-31 19:00:00,2339.353,2012-08-31 18:12:24,2185,152.8,2337.8,71.44,
"2012-08-31",24,2012-08-31 19:30:00,2321.243,2012-08-31 18:42:47,2097.32,171.63,2268.95,57.66,
"2012-08-31",25,2012-08-31 20:00:00,2286.794,2012-08-31 19:12:38,2034.07,173.42,2207.49,65.65,
"2012-08-31",26,2012-08-31 20:30:00,2212.34,2012-08-31 19:42:38,1978.83,172.82,2151.65,56.21,
"2012-08-31",27,2012-08-31 21:00:00,2117.486,2012-08-31 20:13:07,1902.8,166.74,2069.54,56.21,
"2012-08-31",28,2012-08-31 21:30:00,2007.501,2012-08-31 20:42:52,1808.57,171.31,1979.88,50.93,
"2012-08-31",29,2012-08-31 22:00:00,1913.428,2012-08-31 21:13:07,1723.29,167.6,1890.89,51.24,
"2012-08-31",30,2012-08-31 22:30:00,1841.193,2012-08-31 21:42:58,1599.03,197.05,1796.08,45.14,
"2012-08-31",31,2012-08-31 23:00:00,1765.85,2012-08-31 22:13:23,1538.54,185.88,1724.42,43.47,
"2012-08-31",32,2012-08-31 23:30:00,1688.105,2012-08-31 22:43:29,1509.9,146.62,1656.52,38.65,
"2012-08-31",33,2012-09-01 00:00:00,1597.765,2012-08-31 23:13:41,1427.97,170.91,1598.88,38.83,
"2012-08-31",34,2012-09-01 00:30:00,1554.927,2012-08-31 23:13:41,1404.14,154,1558.14,39.05,
"2012-08-31",35,2012-09-01 01:00:00,1523.839,2012-08-31 23:13:41,1386.08,138.86,1524.94,39.18,
"2012-08-31",36,2012-09-01 01:30:00,1495.033,2012-09-01 00:43:45,1325.74,175.25,1500.99,39.17,
"2012-08-31",37,2012-09-01 02:00:00,1483.638,2012-09-01 01:14:04,1270.37,211.75,1482.12,31.64,
"2012-08-31",38,2012-09-01 02:30:00,1456.652,2012-09-01 01:43:40,1318.57,141.2,1459.77,21.08,
"2012-08-31",39,2012-09-01 03:00:00,1459.07,2012-09-01 02:14:10,1338.04,129.08,1467.12,30.99,
"2012-08-31",40,2012-09-01 03:30:00,1439.993,2012-09-01 02:43:54,1334.8,139.72,1474.52,39.42,
"2012-08-31",41,2012-09-01 04:00:00,1445.514,2012-09-01 03:13:52,1325.34,151.54,1476.88,30.58,
"2012-08-31",42,2012-09-01 04:30:00,1477.284,2012-09-01 03:44:19,1374.85,120.68,1495.53,39.91,
"2012-08-31",43,2012-09-01 05:00:00,1519.868,2012-09-01 04:14:12,1433.15,87.79,1520.94,39.86,
"2012-08-31",44,2012-09-01 05:30:00,1556.259,2012-09-01 04:44:19,1508.69,71.14,1579.83,44.06,
"2012-08-31",45,2012-09-01 06:00:00,1575.052,2012-09-01 05:14:34,1560.63,69.98,1630.61,42.26,
"2012-08-31",46,2012-09-01 06:30:00,1659.851,2012-09-01 05:44:45,1617.25,64.39,1681.64,42.05,
"2012-08-31",47,2012-09-01 07:00:00,1762.478,2012-09-01 06:14:48,1725.03,42.17,1767.2,59.77,
"2012-08-31",48,2012-09-01 07:30:00,1767.34,2012-09-01 06:44:51,1813.5,25.33,1838.83,59.48,
"2012-09-01",1,2012-09-01 08:00:00,1838.271,2012-09-01 07:09:30,1867.06,24.42,1891.48,61.41,
"2012-09-01",2,2012-09-01 08:30:00,1834.883,2012-09-01 07:44:59,1884.76,33.36,1918.12,61.24,
"2012-09-01",3,2012-09-01 09:00:00,1845.29,2012-09-01 08:14:48,1864.88,36.66,1901.54,45.79,
"2012-09-01",4,2012-09-01 09:30:00,1859.328,2012-09-01 08:40:04,1799.59,59.33,1858.92,44.1,
"2012-09-01",5,2012-09-01 10:00:00,1847.938,2012-09-01 09:09:54,1790.27,56.32,1846.59,41.99,
"2012-09-01",6,2012-09-01 10:30:00,1834.715,2012-09-01 09:40:25,1776.16,50.81,1826.97,44.66,
"2012-09-01",7,2012-09-01 11:00:00,1784.839,2012-09-01 10:10:24,1759.47,42.97,1802.44,44.66,
"2012-09-01",8,2012-09-01 11:30:00,1810.873,2012-09-01 10:40:31,1702.98,50.74,1753.72,40.26,
"2012-09-01",9,2012-09-01 12:00:00,1788.337,2012-09-01 11:10:20,1684.35,50.19,1734.54,40.15,
"2012-09-01",10,2012-09-01 12:30:00,1750.937,2012-09-01 11:40:37,1657.82,49.09,1706.91,29.94,
"2012-09-01",11,2012-09-01 13:00:00,1700.234,2012-09-01 12:10:49,1631.7,43.48,1675.18,38.34,
"2012-09-01",12,2012-09-01 13:30:00,1677.595,2012-09-01 12:41:00,1637.07,45.15,1682.22,39.17,
"2012-09-01",13,2012-09-01 14:00:00,1692.628,2012-09-01 13:10:50,1645.8,45.52,1691.32,39.15,
"2012-09-01",14,2012-09-01 14:30:00,1642.379,2012-09-01 13:40:36,1654.07,52.44,1706.51,39.17,
"2012-09-01",15,2012-09-01 15:00:00,1671.686,2012-09-01 14:11:09,1677.97,64.19,1742.16,39.18,
"2012-09-01",16,2012-09-01 15:30:00,1728.956,2012-09-01 14:40:47,1702.54,58.96,1761.5,43.06,
"2012-09-01",17,2012-09-01 16:00:00,1755.041,2012-09-01 15:11:03,1750.26,62.9,1813.16,56.2,
"2012-09-01",18,2012-09-01 16:30:00,1834.181,2012-09-01 15:41:24,1802.22,59.55,1861.77,62.89,
"2012-09-01",19,2012-09-01 17:00:00,1877.622,2012-09-01 16:11:23,1880.32,52.34,1932.66,72.11,
"2012-09-01",20,2012-09-01 17:30:00,1967.357,2012-09-01 16:41:13,2019.94,56.43,2076.37,90.41,
"2012-09-01",21,2012-09-01 18:00:00,2075.27,2012-09-01 17:11:14,2161.63,65.74,2227.37,121.55,
"2012-09-01",22,2012-09-01 18:30:00,2096.618,2012-09-01 17:41:36,2163.19,61.72,2224.91,107.18,
"2012-09-01",23,2012-09-01 19:00:00,2092.007,2012-09-01 18:11:51,2102.12,59.29,2161.41,94.24,
"2012-09-01",24,2012-09-01 19:30:00,2126.896,2012-09-01 18:41:55,2053.36,68,2121.36,82.66,
"2012-09-01",25,2012-09-01 20:00:00,2057.165,2012-09-01 19:11:38,1988.37,78.68,2067.05,64.67,
"2012-09-01",26,2012-09-01 20:30:00,2021.441,2012-09-01 19:41:36,1927.91,78.07,2005.98,59.27,
"2012-09-01",27,2012-09-01 21:00:00,1973.555,2012-09-01 20:12:06,1854.06,86.7,1940.76,57.84,
"2012-09-01",28,2012-09-01 21:30:00,1898.973,2012-09-01 20:41:53,1808.37,85.58,1893.95,59.53,
"2012-09-01",29,2012-09-01 22:00:00,1814.948,2012-09-01 21:12:08,1720.44,91.76,1812.2,57.84,
"2012-09-01",30,2012-09-01 22:30:00,1750.655,2012-09-01 21:42:03,1634.33,99.17,1733.5,43.06,
"2012-09-01",31,2012-09-01 23:00:00,1705.548,2012-09-01 22:12:27,1565.12,96.4,1661.52,58.88,
"2012-09-01",32,2012-09-01 23:30:00,1627.615,2012-09-01 22:42:22,1504.03,94.63,1598.66,45.06,
"2012-09-01",33,2012-09-02 00:00:00,1589.061,2012-09-01 23:12:09,1447.59,93.7,1541.29,51.86,
"2012-09-01",34,2012-09-02 00:30:00,1547.004,2012-09-01 23:12:09,1412.58,92.29,1504.87,54.86,
"2012-09-01",35,2012-09-02 01:00:00,1519.005,2012-09-01 23:12:09,1392.31,87.75,1480.06,45.06,
"2012-09-01",36,2012-09-02 01:30:00,1479.733,2012-09-02 00:42:36,1360.64,105.21,1465.85,41.32,
"2012-09-01",37,2012-09-02 02:00:00,1454.002,2012-09-02 01:12:34,1318.38,115.5,1433.88,35.56,
"2012-09-01",38,2012-09-02 02:30:00,1457.829,2012-09-02 01:43:02,1324.61,105.36,1429.97,39.37,
"2012-09-01",39,2012-09-02 03:00:00,1435.276,2012-09-02 02:12:39,1317.83,111.91,1429.74,39.38,
"2012-09-01",40,2012-09-02 03:30:00,1415.701,2012-09-02 02:43:18,1325.54,103.45,1428.99,39.37,
"2012-09-01",41,2012-09-02 04:00:00,1430.953,2012-09-02 03:13:11,1334.73,92.34,1427.07,39.36,
"2012-09-01",42,2012-09-02 04:30:00,1438.398,2012-09-02 03:43:21,1349.25,78.68,1427.93,39.51,
"2012-09-01",43,2012-09-02 05:00:00,1476.816,2012-09-02 04:13:05,1348.74,88.4,1437.14,39.72,
"2012-09-01",44,2012-09-02 05:30:00,1440.015,2012-09-02 04:43:12,1394.84,71.3,1466.14,26.05,
"2012-09-01",45,2012-09-02 06:00:00,1488.234,2012-09-02 05:13:46,1400.03,84.49,1484.52,20.74,
"2012-09-01",46,2012-09-02 06:30:00,1534.737,2012-09-02 05:43:24,1480.59,72.22,1552.81,27.3,
"2012-09-01",47,2012-09-02 07:00:00,1613.324,2012-09-02 06:13:55,1548.27,65.96,1614.23,41.05,
"2012-09-01",48,2012-09-02 07:30:00,1629.316,2012-09-02 06:43:56,1606.08,66.05,1672.13,41.05,
"2012-09-02",1,2012-09-02 08:00:00,1706.303,2012-09-02 07:13:59,1670.54,31.61,1702.15,39.61,
"2012-09-02",2,2012-09-02 08:30:00,1707.294,2012-09-02 07:43:49,1710.85,37.4,1748.25,50.07,
"2012-09-02",3,2012-09-02 09:00:00,1699.622,2012-09-02 08:14:15,1732.29,29.41,1761.7,53.56,
"2012-09-02",4,2012-09-02 09:30:00,1718.878,2012-09-02 08:43:59,1725.09,24.36,1749.45,53.57,
"2012-09-02",5,2012-09-02 10:00:00,1746.045,2012-09-02 09:14:03,1737.93,29.9,1767.83,58.24,
"2012-09-02",6,2012-09-02 10:30:00,1724.712,2012-09-02 09:43:58,1708.81,35.7,1744.51,57.84,
"2012-09-02",7,2012-09-02 11:00:00,1738.944,2012-09-02 10:14:21,1690.68,50.28,1740.96,57.19,
"2012-09-02",8,2012-09-02 11:30:00,1725.098,2012-09-02 10:44:32,1669.35,51.61,1720.96,57.84,
"2012-09-02",9,2012-09-02 12:00:00,1723.419,2012-09-02 11:14:16,1671.9,48.73,1720.63,57.84,
"2012-09-02",10,2012-09-02 12:30:00,1708.508,2012-09-02 11:44:38,1612.82,55.4,1668.22,39.21,
"2012-09-02",11,2012-09-02 13:00:00,1681.875,2012-09-02 12:14:34,1556.75,66.09,1622.84,39.21,
"2012-09-02",12,2012-09-02 13:30:00,1672.516,2012-09-02 12:44:54,1513.89,89.81,1603.7,39.21,
"2012-09-02",13,2012-09-02 14:00:00,1615.567,2012-09-02 13:09:46,1503.19,112.36,1615.55,39.21,
"2012-09-02",14,2012-09-02 14:30:00,1628.039,2012-09-02 13:44:45,1522.48,111.59,1634.07,39.21,
"2012-09-02",15,2012-09-02 15:00:00,1644.561,2012-09-02 14:14:48,1519.89,130.97,1650.86,39.21,
"2012-09-02",16,2012-09-02 15:30:00,1694.294,2012-09-02 14:40:19,1569.4,136.67,1706.07,39.35,
"2012-09-02",17,2012-09-02 16:00:00,1699.575,2012-09-02 15:14:56,1644.19,124.13,1768.32,42.05,
"2012-09-02",18,2012-09-02 16:30:00,1798.137,2012-09-02 15:40:06,1735.32,96.37,1831.69,44.26,
"2012-09-02",19,2012-09-02 17:00:00,1945.973,2012-09-02 16:10:35,1820.82,96.03,1916.85,46.05,
"2012-09-02",20,2012-09-02 17:30:00,2059.059,2012-09-02 16:40:39,1980.61,84.3,2064.91,81.04,
"2012-09-02",21,2012-09-02 18:00:00,2165.352,2012-09-02 17:10:36,2134.61,81.62,2216.23,104.76,
"2012-09-02",22,2012-09-02 18:30:00,2168.596,2012-09-02 17:40:37,2137.99,104.1,2242.09,103.23,
"2012-09-02",23,2012-09-02 19:00:00,2149.771,2012-09-02 18:10:47,2100.42,105.2,2205.62,71.14,
"2012-09-02",24,2012-09-02 19:30:00,2153.861,2012-09-02 18:40:56,2068.59,94.96,2163.55,71.14,
"2012-09-02",25,2012-09-02 20:00:00,2117.934,2012-09-02 19:10:53,2031.13,88.8,2119.93,70.08,
"2012-09-02",26,2012-09-02 20:30:00,2065.729,2012-09-02 19:41:04,1968.86,72.01,2040.87,61.82,
"2012-09-02",27,2012-09-02 21:00:00,1996.125,2012-09-02 20:10:54,1903.43,59.88,1963.31,57.84,
"2012-09-02",28,2012-09-02 21:30:00,1919.55,2012-09-02 20:41:03,1805.08,53.42,1858.5,56.21,
"2012-09-02",29,2012-09-02 22:00:00,1806.665,2012-09-02 21:10:57,1700.78,39.04,1739.82,45.06,
"2012-09-02",30,2012-09-02 22:30:00,1694.518,2012-09-02 21:41:07,1609.12,49.09,1658.21,41.98,
"2012-09-02",31,2012-09-02 23:00:00,1644.35,2012-09-02 22:11:30,1519.95,51.4,1571.35,43.64,
"2012-09-02",32,2012-09-02 23:30:00,1588.41,2012-09-02 22:41:34,1475.01,58.36,1533.37,45.06,
"2012-09-02",33,2012-09-03 00:00:00,1528.716,2012-09-02 23:11:19,1479.31,44.43,1523.74,58.21,
"2012-09-02",34,2012-09-03 00:30:00,1494.059,2012-09-02 23:11:19,1469.75,35.5,1505.25,58.25,
"2012-09-02",35,2012-09-03 01:00:00,1473.257,2012-09-02 23:11:19,1456.57,32.13,1488.7,58.26,
"2012-09-02",36,2012-09-03 01:30:00,1465.504,2012-09-03 00:41:58,1447.94,37.92,1485.86,58.26,
"2012-09-02",37,2012-09-03 02:00:00,1452.852,2012-09-03 01:11:57,1436.72,39.77,1476.49,59.05,
"2012-09-02",38,2012-09-03 02:30:00,1466.919,2012-09-03 01:41:47,1432.4,41.13,1473.53,59.05,
"2012-09-02",39,2012-09-03 03:00:00,1473.509,2012-09-03 02:12:12,1459.04,23.87,1482.91,63.26,
"2012-09-02",40,2012-09-03 03:30:00,1464.341,2012-09-03 02:42:00,1474.53,16.84,1491.37,63.13,
"2012-09-02",41,2012-09-03 04:00:00,1495.914,2012-09-03 03:12:28,1498.73,20.58,1519.31,45.06,
"2012-09-02",42,2012-09-03 04:30:00,1551.581,2012-09-03 03:42:11,1543.57,33.03,1576.6,39.31,
"2012-09-02",43,2012-09-03 05:00:00,1642.147,2012-09-03 04:12:37,1618.1,49.17,1667.27,57.84,
"2012-09-02",44,2012-09-03 05:30:00,1772.075,2012-09-03 04:42:12,1721.04,74.69,1795.73,62.89,
"2012-09-02",45,2012-09-03 06:00:00,1928.51,2012-09-03 05:12:45,1859.21,84.68,1943.89,57.84,
"2012-09-02",46,2012-09-03 06:30:00,2106.485,2012-09-03 05:42:48,2005.1,104.43,2109.53,98.1,
"2012-09-02",47,2012-09-03 07:00:00,2216.354,2012-09-03 06:12:29,2152.17,105.56,2257.73,109.6,
"2012-09-02",48,2012-09-03 07:30:00,2152.81,2012-09-03 06:42:37,2205,97.67,2302.67,104.87,
"2012-09-03",1,2012-09-03 08:00:00,2259.141,2012-09-03 07:12:45,2205.99,92.53,2298.52,98.64,
"2012-09-03",2,2012-09-03 08:30:00,2212.716,2012-09-03 07:43:01,2205.74,107.78,2313.52,97.31,
"2012-09-03",3,2012-09-03 09:00:00,2273.062,2012-09-03 08:12:46,2133.92,149.85,2283.77,74.32,
"2012-09-03",4,2012-09-03 09:30:00,2222.33,2012-09-03 08:42:53,2059.16,195.69,2254.85,57.84,
"2012-09-03",5,2012-09-03 10:00:00,2234.974,2012-09-03 09:12:57,1972.43,266.77,2239.2,41.48,
"2012-09-03",6,2012-09-03 10:30:00,2203.835,2012-09-03 09:43:03,1907.74,285.73,2193.47,41.05,
"2012-09-03",7,2012-09-03 11:00:00,2230.791,2012-09-03 10:13:27,1905.45,315.71,2221.16,41.05,
"2012-09-03",8,2012-09-03 11:30:00,2203.253,2012-09-03 10:43:31,1877.43,321.84,2199.27,39.29,
"2012-09-03",9,2012-09-03 12:00:00,2167.943,2012-09-03 11:13:32,1861.66,328.49,2190.15,34.9,
"2012-09-03",10,2012-09-03 12:30:00,2137.34,2012-09-03 11:43:21,1870.22,332.04,2202.26,34.88,
"2012-09-03",11,2012-09-03 13:00:00,2177.473,2012-09-03 12:13:42,1913.75,321.74,2235.49,39.09,
"2012-09-03",12,2012-09-03 13:30:00,2179.657,2012-09-03 12:44:04,1911.65,322.86,2234.51,39.25,
"2012-09-03",13,2012-09-03 14:00:00,2205.081,2012-09-03 13:14:04,1930.68,324.75,2255.43,41.05,
"2012-09-03",14,2012-09-03 14:30:00,2214.906,2012-09-03 13:44:03,1950.37,314.57,2264.94,53.82,
"2012-09-03",15,2012-09-03 15:00:00,2234.615,2012-09-03 14:14:15,1991.57,278.89,2270.46,57.55,
"2012-09-03",16,2012-09-03 15:30:00,2271.7,2012-09-03 14:44:15,2048.98,283.61,2332.59,59.56,
"2012-09-03",17,2012-09-03 16:00:00,2279.246,2012-09-03 15:14:24,2169.24,285.34,2454.58,59.6,
"2012-09-03",18,2012-09-03 16:30:00,2335.251,2012-09-03 15:44:22,2274.46,273.2,2547.66,73.21,
"2012-09-03",19,2012-09-03 17:00:00,2410.204,2012-09-03 15:44:22,2361.56,264.09,2625.65,84.99,
"2012-09-03",20,2012-09-03 17:30:00,2529.703,2012-09-03 15:44:22,2505.19,212.84,2718.03,100.4,
"2012-09-03",21,2012-09-03 18:00:00,2801.031,2012-09-03 17:14:38,2456.39,298.55,2754.94,93.61,
"2012-09-03",22,2012-09-03 18:30:00,2835.686,2012-09-03 17:14:38,2439.32,301.85,2741.17,113.84,
"2012-09-03",23,2012-09-03 19:00:00,2786.69,2012-09-03 17:14:38,2350.12,304.08,2654.2,62.89,
"2012-09-03",24,2012-09-03 19:30:00,2555.809,2012-09-03 18:44:28,2241.78,321.52,2563.3,57.84,
"2012-09-03",25,2012-09-03 20:00:00,2531.344,2012-09-03 19:14:33,2176.79,300.56,2477.35,57.36,
"2012-09-03",26,2012-09-03 20:30:00,2433.102,2012-09-03 19:44:38,2069.88,294.44,2364.32,57.44,
"2012-09-03",27,2012-09-03 21:00:00,2338.118,2012-09-03 20:14:43,1903.31,319.24,2222.55,38.98,
"2012-09-03",28,2012-09-03 21:30:00,2214.715,2012-09-03 20:14:43,1862.64,234.07,2096.71,39.1,
"2012-09-03",29,2012-09-03 22:00:00,2089.529,2012-09-03 20:14:43,1650.32,299.66,1949.98,34.98,
"2012-09-03",30,2012-09-03 22:30:00,1975.159,2012-09-03 20:14:43,1545.82,290.2,1836.02,35.09,
"2012-09-03",31,2012-09-03 23:00:00,1885.736,2012-09-03 20:14:43,1447.75,294.96,1742.71,39.22,
"2012-09-03",32,2012-09-03 23:30:00,1775.978,2012-09-03 20:14:43,1365.67,306,1671.67,35.3,
"2012-09-03",33,2012-09-04 00:00:00,1679.626,2012-09-03 23:10:10,1338.27,260.36,1598.63,39.32,
"2012-09-03",34,2012-09-04 00:30:00,1642.984,2012-09-03 23:10:10,1251.5,302.78,1554.28,35.74,
"2012-09-03",35,2012-09-04 01:00:00,1619.03,2012-09-03 23:10:10,1227.12,310.95,1538.07,35.95,
"2012-09-03",36,2012-09-04 01:30:00,1604.37,2012-09-03 23:10:10,1242.56,298.18,1540.74,36.1,
"2012-09-03",37,2012-09-04 02:00:00,1594.87,2012-09-03 23:10:10,1228.31,284.93,1513.24,36.1,
"2012-09-03",38,2012-09-04 02:30:00,1554.108,2012-09-03 23:10:11,1267.84,257.55,1525.39,36.18,
"2012-09-03",39,2012-09-04 03:00:00,1543.26,2012-09-04 02:10:46,1231.8,297.88,1529.68,36.34,
"2012-09-03",40,2012-09-04 03:30:00,1519.154,2012-09-04 02:40:49,1237.56,294.51,1532.07,36.34,
"2012-09-03",41,2012-09-04 04:00:00,1547.704,2012-09-04 03:11:24,1308.74,254.04,1562.78,39.39,
"2012-09-03",42,2012-09-04 04:30:00,1621.486,2012-09-04 03:41:28,1330.13,265.3,1595.43,5.35,
"2012-09-03",43,2012-09-04 05:00:00,1719.429,2012-09-04 04:11:01,1392.67,300.1,1692.77,4.51,
"2012-09-03",44,2012-09-04 05:30:00,1816.47,2012-09-04 04:41:42,1518.85,319.88,1838.73,17.74,
"2012-09-03",45,2012-09-04 06:00:00,1988.649,2012-09-04 04:41:42,1740.17,323.85,2064.02,28.42,
"2012-09-03",46,2012-09-04 06:30:00,2151.942,2012-09-04 05:11:40,1999.33,226.8,2226.13,43.39,
"2012-09-03",47,2012-09-04 07:00:00,2310.931,2012-09-04 06:11:26,2231,218.35,2449.35,87.4,
"2012-09-03",48,2012-09-04 07:30:00,2346.135,2012-09-04 06:11:26,2171.86,287.9,2459.76,63.59,
"2012-09-04",1,2012-09-04 08:00:00,2320.097,2012-09-04 06:11:26,2194.46,294.36,2488.82,70.54,
"2012-09-04",2,2012-09-04 08:30:00,2284.996,2012-09-04 06:11:26,2224.79,260.81,2485.6,57.84,
"2012-09-04",3,2012-09-04 09:00:00,2251.507,2012-09-04 06:11:26,2213.35,300.3,2513.65,57.01,
"2012-09-04",4,2012-09-04 09:30:00,2418.198,2012-09-04 08:42:11,2131.71,319.32,2451.03,57.02,
"2012-09-04",5,2012-09-04 10:00:00,2379.996,2012-09-04 08:42:11,2176.29,318.14,2494.43,57.04,
"2012-09-04",6,2012-09-04 10:30:00,2356.95,2012-09-04 08:42:11,2125.52,329.76,2455.28,57.06,
"2012-09-04",7,2012-09-04 11:00:00,2408.567,2012-09-04 10:12:34,2113.91,336.02,2449.93,57.06,
"2012-09-04",8,2012-09-04 11:30:00,2448.882,2012-09-04 10:42:34,2087.16,330.35,2417.51,57.06,
"2012-09-04",9,2012-09-04 12:00:00,2486.917,2012-09-04 11:12:26,2105.85,328.11,2433.96,57.04,
"2012-09-04",10,2012-09-04 12:30:00,2476.858,2012-09-04 11:12:26,2059.46,310.02,2369.48,57.04,
"2012-09-04",11,2012-09-04 13:00:00,2466.643,2012-09-04 11:12:26,2088.15,335.52,2423.67,57.04,
"2012-09-04",12,2012-09-04 13:30:00,2461.514,2012-09-04 11:12:26,2088,335.82,2423.82,57.03,
"2012-09-04",13,2012-09-04 14:00:00,2456.633,2012-09-04 11:12:26,2052.64,330.14,2382.78,57.02,
"2012-09-04",14,2012-09-04 14:30:00,2451.936,2012-09-04 11:12:26,2016.83,334.67,2351.5,56.58,
"2012-09-04",15,2012-09-04 15:00:00,2459.418,2012-09-04 11:12:26,2062.82,327.9,2390.72,57.01,
"2012-09-04",16,2012-09-04 15:30:00,2501.922,2012-09-04 11:12:26,2085.86,322.99,2408.85,57.01,
"2012-09-04",17,2012-09-04 16:00:00,2414.065,2012-09-04 15:12:56,2157.75,310.92,2468.67,57.02,
"2012-09-04",18,2012-09-04 16:30:00,2450.968,2012-09-04 15:43:14,2219.73,324.57,2544.3,57.01,
"2012-09-04",19,2012-09-04 17:00:00,2474.708,2012-09-04 16:13:36,2329.77,301.2,2630.97,73.98,
"2012-09-04",20,2012-09-04 17:30:00,2625.09,2012-09-04 16:43:19,2490.99,276.76,2767.75,96.06,
"2012-09-04",21,2012-09-04 18:00:00,2780.135,2012-09-04 17:13:15,2598.75,310.5,2909.25,121.68,
"2012-09-04",22,2012-09-04 18:30:00,2790.693,2012-09-04 17:43:41,2592.99,295.43,2888.42,127.31,
"2012-09-04",23,2012-09-04 19:00:00,2816.426,2012-09-04 18:13:27,2493.31,294.64,2787.95,115.31,
"2012-09-04",24,2012-09-04 19:30:00,2818.131,2012-09-04 18:43:32,2392.81,301.49,2694.3,62.89,
"2012-09-04",25,2012-09-04 20:00:00,2740.655,2012-09-04 19:13:52,2349.67,282.43,2632.1,60.82,
"2012-09-04",26,2012-09-04 20:30:00,2635.251,2012-09-04 19:43:36,2254.11,265.59,2519.7,59.51,
"2012-09-04",27,2012-09-04 21:00:00,2489.428,2012-09-04 20:13:46,2150.32,266.63,2416.95,64.13,
"2012-09-04",28,2012-09-04 21:30:00,2343.338,2012-09-04 20:43:45,1940.69,290.03,2230.72,53.82,
"2012-09-04",29,2012-09-04 22:00:00,2214.824,2012-09-04 21:13:53,1789.25,265.49,2054.74,39.14,
"2012-09-04",30,2012-09-04 22:30:00,2070.527,2012-09-04 21:44:18,1642.33,263.09,1905.42,37.8,
"2012-09-04",31,2012-09-04 23:00:00,1926.517,2012-09-04 22:14:03,1510.93,268.85,1779.78,36.38,
"2012-09-04",32,2012-09-04 23:30:00,1836.367,2012-09-04 22:44:32,1489.5,222.83,1712.33,39.17,
"2012-09-04",33,2012-09-05 00:00:00,1713.959,2012-09-04 23:14:32,1417.39,226.11,1643.5,39.23,
"2012-09-04",34,2012-09-05 00:30:00,1678.716,2012-09-04 23:14:32,1387.85,213.29,1601.14,39.27,
"2012-09-04",35,2012-09-05 01:00:00,1654.286,2012-09-04 23:14:32,1350.8,210.08,1560.88,39.29,
"2012-09-04",36,2012-09-05 01:30:00,1603.033,2012-09-05 00:44:32,1345.56,195.6,1541.16,39.29,
"2012-09-04",37,2012-09-05 02:00:00,1543.56,2012-09-05 01:14:54,1338.78,192.41,1531.19,39.31,
"2012-09-04",38,2012-09-05 02:30:00,1530.116,2012-09-05 01:40:09,1337.41,180.93,1518.34,39.32,
"2012-09-04",39,2012-09-05 03:00:00,1549.022,2012-09-05 02:14:48,1343.82,177.38,1521.2,39.32,
"2012-09-04",40,2012-09-05 03:30:00,1522.802,2012-09-05 02:40:20,1367.46,177.75,1545.21,39.29,
"2012-09-04",41,2012-09-05 04:00:00,1550.434,2012-09-05 03:10:26,1391.33,171.16,1562.49,46.06,
"2012-09-04",42,2012-09-05 04:30:00,1567.732,2012-09-05 03:39:58,1422.65,182.32,1604.97,33.11,
"2012-09-04",43,2012-09-05 05:00:00,1685.311,2012-09-05 04:10:32,1544.73,176.38,1721.11,39.4,
"2012-09-04",44,2012-09-05 05:30:00,1835.67,2012-09-05 04:40:33,1698,160.15,1858.15,49.45,
"2012-09-04",45,2012-09-05 06:00:00,1964.713,2012-09-05 05:10:42,1935.81,132.23,2068.04,60.85,
"2012-09-04",46,2012-09-05 06:30:00,2136.453,2012-09-05 05:40:28,2074.5,129.21,2203.71,43.59,
"2012-09-04",47,2012-09-05 07:00:00,2243.891,2012-09-05 06:10:24,2265.37,109.28,2374.65,103.73,
"2012-09-04",48,2012-09-05 07:30:00,2237.838,2012-09-05 06:40:28,2361.37,93.73,2455.1,108.54,
"2012-09-05",1,2012-09-05 08:00:00,2282.035,2012-09-05 07:10:57,2385.01,78.13,2463.14,112.06,
"2012-09-05",2,2012-09-05 08:30:00,2300.664,2012-09-05 07:40:40,2291.32,82.14,2373.46,115.66,
"2012-09-05",3,2012-09-05 09:00:00,2392.074,2012-09-05 08:11:09,2256.09,98.46,2354.55,78.87,
"2012-09-05",4,2012-09-05 09:30:00,2352.689,2012-09-05 08:41:13,2190.06,98.91,2288.97,78.87,
"2012-09-05",5,2012-09-05 10:00:00,2323.32,2012-09-05 09:10:55,2152.74,65.27,2218.01,74.6,
"2012-09-05",6,2012-09-05 10:30:00,2276.562,2012-09-05 09:40:58,2101.83,97.12,2198.95,56.21,
"2012-09-05",7,2012-09-05 11:00:00,2244.643,2012-09-05 10:11:26,2063.19,135.98,2199.17,42.05,
"2012-09-05",8,2012-09-05 11:30:00,2209.892,2012-09-05 10:41:06,1993.69,143.68,2137.37,38.73,
"2012-09-05",9,2012-09-05 12:00:00,2206.475,2012-09-05 11:11:19,1967.95,144.77,2112.72,38.65,
"2012-09-05",10,2012-09-05 12:30:00,2182.402,2012-09-05 11:41:17,1996.37,156.65,2153.02,38.56,
"2012-09-05",11,2012-09-05 13:00:00,2140.776,2012-09-05 12:11:47,2033.74,157.66,2191.4,38.46,
"2012-09-05",12,2012-09-05 13:30:00,2069.287,2012-09-05 12:41:55,2002.11,189.5,2191.61,38.41,
"2012-09-05",13,2012-09-05 14:00:00,2125.604,2012-09-05 13:12:36,1974.1,165.07,2139.17,38.51,
"2012-09-05",14,2012-09-05 14:30:00,2174.447,2012-09-05 13:41:39,1981.89,167.36,2149.25,38.61,
"2012-09-05",15,2012-09-05 15:00:00,2205.304,2012-09-05 14:12:09,2004.57,178.93,2183.5,38.62,
"2012-09-05",16,2012-09-05 15:30:00,2142.692,2012-09-05 14:42:08,2042.68,179.48,2222.16,38.61,
"2012-09-05",17,2012-09-05 16:00:00,2219.794,2012-09-05 15:12:12,2130.42,154.38,2284.8,54.5,
"2012-09-05",18,2012-09-05 16:30:00,2264.151,2012-09-05 15:42:20,2183.88,164.34,2348.22,59.51,
"2012-09-05",19,2012-09-05 17:00:00,2288.055,2012-09-05 16:12:04,2296.95,173.91,2470.86,62.89,
"2012-09-05",20,2012-09-05 17:30:00,2450.266,2012-09-05 16:42:27,2425.24,179.32,2604.56,94.01,
"2012-09-05",21,2012-09-05 18:00:00,2572.035,2012-09-05 17:12:39,2528.03,174.31,2702.34,110.49,
"2012-09-05",22,2012-09-05 18:30:00,2614.967,2012-09-05 17:42:26,2494.48,174.46,2668.94,88.17,
"2012-09-05",23,2012-09-05 19:00:00,2603.263,2012-09-05 18:12:50,2409.57,179.54,2589.11,59.51,
"2012-09-05",24,2012-09-05 19:30:00,2544.373,2012-09-05 18:42:50,2331.16,185.74,2516.9,59.51,
"2012-09-05",25,2012-09-05 20:00:00,2502.08,2012-09-05 19:12:40,2237.65,186.05,2423.7,47.55,
"2012-09-05",26,2012-09-05 20:30:00,2374.539,2012-09-05 19:42:59,2192.2,150.63,2342.83,43.43,
"2012-09-05",27,2012-09-05 21:00:00,2264.088,2012-09-05 20:13:05,2062.02,157.22,2219.24,38.79,
"2012-09-05",28,2012-09-05 21:30:00,2150.152,2012-09-05 20:42:53,1890.52,189.34,2079.86,38.39,
"2012-09-05",29,2012-09-05 22:00:00,2060.409,2012-09-05 21:13:14,1748.65,166.42,1915.07,38.46,
"2012-09-05",30,2012-09-05 22:30:00,1951.125,2012-09-05 21:43:10,1610,172.15,1782.15,38.66,
"2012-09-05",31,2012-09-05 23:00:00,1862.515,2012-09-05 21:43:10,1534.57,153.39,1687.96,38.78,
"2012-09-05",32,2012-09-05 23:30:00,1794.748,2012-09-05 21:43:10,1481.05,138.92,1619.97,39.01,
"2012-09-05",33,2012-09-06 00:00:00,1743.741,2012-09-05 21:43:10,1454.11,106.93,1561.04,39.19,
"2012-09-05",34,2012-09-06 00:30:00,1707.172,2012-09-05 21:43:10,1412.34,110.5,1522.84,39.23,
"2012-09-05",35,2012-09-06 01:00:00,1547.419,2012-09-05 23:13:06,1382.09,116.38,1498.47,46.06,
"2012-09-05",36,2012-09-06 01:30:00,1531.896,2012-09-05 23:13:06,1362.41,123.11,1485.52,46.06,
"2012-09-05",37,2012-09-06 02:00:00,1522.653,2012-09-05 23:13:06,1347.39,129.04,1476.43,39.3,
"2012-09-05",38,2012-09-06 02:30:00,1515.514,2012-09-05 23:13:06,1386.25,85.54,1471.79,48.06,
"2012-09-05",39,2012-09-06 03:00:00,1479.425,2012-09-06 02:13:43,1365.61,114.6,1480.21,39.31,
"2012-09-05",40,2012-09-06 03:30:00,1486.311,2012-09-06 02:44:04,1371.93,123.47,1495.4,48.06,
"2012-09-05",41,2012-09-06 04:00:00,1511.34,2012-09-06 03:13:52,1428.65,116.57,1545.22,55.33,
"2012-09-05",42,2012-09-06 04:30:00,1573.428,2012-09-06 03:44:18,1445.71,142.43,1588.14,39.22,
"2012-09-05",43,2012-09-06 05:00:00,1693.912,2012-09-06 04:14:30,1514.21,163.86,1678.07,39.04,
"2012-09-05",44,2012-09-06 05:30:00,1772.71,2012-09-06 04:44:28,1664.92,172.31,1837.23,38.82,
"2012-09-05",45,2012-09-06 06:00:00,1972.22,2012-09-06 05:14:34,1859.75,164.51,2024.26,44.21,
"2012-09-05",46,2012-09-06 06:30:00,2168.156,2012-09-06 05:44:37,2032.65,177.86,2210.51,48.35,
"2012-09-05",47,2012-09-06 07:00:00,2314.712,2012-09-06 06:14:41,2171.32,172,2343.32,87.06,
"2012-09-05",48,2012-09-06 07:30:00,2281.608,2012-09-06 06:44:25,2160.66,175.14,2335.8,59.51,
"2012-09-06",1,2012-09-06 08:00:00,2360.859,2012-09-06 07:14:38,2108.25,179.69,2287.94,59.51,
"2012-09-06",2,2012-09-06 08:30:00,2316,2012-09-06 07:44:58,2022.63,214.5,2237.13,43.79,
"2012-09-06",3,2012-09-06 09:00:00,2292.149,2012-09-06 08:14:42,1969.69,201.54,2171.23,38.76,
"2012-09-06",4,2012-09-06 09:30:00,2217.074,2012-09-06 08:44:51,1929.43,211.53,2140.96,38.76,
"2012-09-06",5,2012-09-06 10:00:00,2148.403,2012-09-06 09:10:16,1870.22,215.77,2085.99,38.8,
"2012-09-06",6,2012-09-06 10:30:00,2109.853,2012-09-06 09:40:10,1831.2,252.79,2083.99,38.84,
"2012-09-06",7,2012-09-06 11:00:00,2086.498,2012-09-06 10:10:27,1849.77,211.65,2061.42,38.87,
"2012-09-06",8,2012-09-06 11:30:00,2095.767,2012-09-06 10:40:13,1869.5,195.56,2065.06,38.9,
"2012-09-06",9,2012-09-06 12:00:00,2081.768,2012-09-06 11:10:22,1850.61,173.87,2024.48,38.89,
"2012-09-06",10,2012-09-06 12:30:00,2075.353,2012-09-06 11:40:41,1809.8,171.48,1981.28,38.89,
"2012-09-06",11,2012-09-06 13:00:00,2050.881,2012-09-06 12:10:45,1794.15,180.1,1974.25,38.89,
"2012-09-06",12,2012-09-06 13:30:00,2026.083,2012-09-06 12:40:33,1789.32,176.34,1965.66,38.89,
"2012-09-06",13,2012-09-06 14:00:00,1992.91,2012-09-06 13:11:00,1804.33,167.73,1972.06,38.89,
"2012-09-06",14,2012-09-06 14:30:00,1984.356,2012-09-06 13:40:59,1830.83,147.17,1978,38.89,
"2012-09-06",15,2012-09-06 15:00:00,1984.343,2012-09-06 14:11:04,1879.15,144.36,2023.51,38.89,
"2012-09-06",16,2012-09-06 15:30:00,2037.434,2012-09-06 14:40:46,1877.05,140.95,2018,38.89,
"2012-09-06",17,2012-09-06 16:00:00,2081.212,2012-09-06 15:10:48,1934.61,139.79,2074.4,38.77,
"2012-09-06",18,2012-09-06 16:30:00,2168.246,2012-09-06 15:41:18,1988.61,132.42,2121.03,45.06,
"2012-09-06",19,2012-09-06 17:00:00,2221.704,2012-09-06 16:11:22,2096.74,121.27,2218.01,38.49,
"2012-09-06",20,2012-09-06 17:30:00,2329.486,2012-09-06 16:41:30,2245.4,105.68,2351.08,59.51,
"2012-09-06",21,2012-09-06 18:00:00,2444.483,2012-09-06 16:41:30,2454.36,112.09,2566.45,115.84,
"2012-09-06",22,2012-09-06 18:30:00,2488.787,2012-09-06 16:41:30,2419.56,152.19,2571.75,62.89,
"2012-09-06",23,2012-09-06 19:00:00,2451.868,2012-09-06 16:41:30,2317.08,174.5,2491.58,54.67,
"2012-09-06",24,2012-09-06 19:30:00,2389.148,2012-09-06 16:41:30,2344.76,198.21,2542.97,53.28,
"2012-09-06",25,2012-09-06 20:00:00,2339.258,2012-09-06 16:41:30,2257.4,213.38,2470.78,52.29,
"2012-09-06",26,2012-09-06 20:30:00,2273.989,2012-09-06 16:41:30,2157.81,204.42,2362.23,43.62,
"2012-09-06",27,2012-09-06 21:00:00,2148.413,2012-09-06 16:41:30,2022.77,224.01,2246.78,47.85,
"2012-09-06",28,2012-09-06 21:30:00,2192.777,2012-09-06 20:41:46,1881.04,223.94,2104.98,34.35,
"2012-09-06",29,2012-09-06 22:00:00,2074.756,2012-09-06 21:11:48,1704,265.29,1969.29,34.4,
"2012-09-06",30,2012-09-06 22:30:00,1962.049,2012-09-06 21:42:04,1607.21,235.14,1842.35,34.43,
"2012-09-06",31,2012-09-06 23:00:00,1866.879,2012-09-06 22:12:25,1468.9,231.27,1700.17,31.2,
"2012-09-06",32,2012-09-06 23:30:00,1766.181,2012-09-06 22:42:27,1374.81,241.98,1616.79,34.82,
"2012-09-06",33,2012-09-07 00:00:00,1665.734,2012-09-06 23:12:12,1311.54,252.37,1563.91,34.8,
"2012-09-06",34,2012-09-07 00:30:00,1618.88,2012-09-06 23:12:12,1264.38,262.21,1526.59,34.94,
"2012-09-06",35,2012-09-07 01:00:00,1582.079,2012-09-06 23:12:12,1231.12,253.33,1484.45,34.96,
"2012-09-06",36,2012-09-07 01:30:00,1516.294,2012-09-07 00:42:41,1217.86,248.56,1466.42,34.97,
"2012-09-06",37,2012-09-07 02:00:00,1488.253,2012-09-07 01:12:59,1242.12,246.7,1488.82,34.98,
"2012-09-06",38,2012-09-07 02:30:00,1476.26,2012-09-07 01:42:32,1239.11,237.6,1476.71,34.98,
"2012-09-06",39,2012-09-07 03:00:00,1485.014,2012-09-07 02:12:48,1205.08,268.59,1473.67,34.98,
"2012-09-06",40,2012-09-07 03:30:00,1512.544,2012-09-07 02:42:50,1222.55,262.15,1484.7,34.97,
"2012-09-06",41,2012-09-07 04:00:00,1533.78,2012-09-07 03:12:51,1232.26,279,1511.26,34.94,
"2012-09-06",42,2012-09-07 04:30:00,1594.985,2012-09-07 03:42:51,1303.85,262.5,1566.35,6.6,
"2012-09-06",43,2012-09-07 05:00:00,1699.881,2012-09-07 04:13:23,1461.93,216.24,1678.17,34.74,
"2012-09-06",44,2012-09-07 05:30:00,1838.265,2012-09-07 04:43:32,1595.68,224.08,1819.76,34.86,
"2012-09-06",45,2012-09-07 06:00:00,1990.593,2012-09-07 05:13:21,1810.44,223.87,2034.31,34.8,
"2012-09-06",46,2012-09-07 06:30:00,2175.639,2012-09-07 05:43:23,2000.97,218.56,2219.53,41.01,
"2012-09-06",47,2012-09-07 07:00:00,2315.727,2012-09-07 06:13:43,2102.4,235.55,2337.95,58.71,
"2012-09-06",48,2012-09-07 07:30:00,2306.021,2012-09-07 06:43:44,2118.18,225.52,2343.7,45.06,
"2012-09-07",1,2012-09-07 08:00:00,2364.306,2012-09-07 07:13:41,2055.97,207.49,2263.46,43.01,
"2012-09-07",2,2012-09-07 08:30:00,2306.316,2012-09-07 07:44:01,1983.33,227.36,2210.69,34.49,
"2012-09-07",3,2012-09-07 09:00:00,2269.902,2012-09-07 08:13:38,1844.8,293.59,2138.39,34.59,
"2012-09-07",4,2012-09-07 09:30:00,2179.563,2012-09-07 08:44:04,1801.09,281.78,2082.87,34.77,
"2012-09-07",5,2012-09-07 10:00:00,2105.49,2012-09-07 09:14:19,1706.5,290.2,1996.7,23.01,
"2012-09-07",6,2012-09-07 10:30:00,2079.138,2012-09-07 09:14:19,1699.33,275.56,1974.89,34.95,
"2012-09-07",7,2012-09-07 11:00:00,2002.856,2012-09-07 09:44:25,1723.7,263.28,1986.98,35,
"2012-09-07",8,2012-09-07 11:30:00,2009.211,2012-09-07 10:44:29,1719.66,247.09,1966.75,35,
"2012-09-07",9,2012-09-07 12:00:00,1954.482,2012-09-07 11:14:32,1684.19,243.14,1927.33,35.02,
"2012-09-07",10,2012-09-07 12:30:00,1913.963,2012-09-07 11:44:32,1690.99,216.68,1907.67,35.03,
"2012-09-07",11,2012-09-07 13:00:00,1936.178,2012-09-07 12:14:28,1649.63,214.35,1863.98,35.03,
"2012-09-07",12,2012-09-07 13:30:00,1915.072,2012-09-07 12:44:24,1653.71,192.95,1846.66,35.03,
"2012-09-07",13,2012-09-07 14:00:00,1879.261,2012-09-07 13:14:56,1636.42,215.29,1851.71,35.03,
"2012-09-07",14,2012-09-07 14:30:00,1864.37,2012-09-07 13:44:53,1674.96,214.57,1889.53,35.03,
"2012-09-07",15,2012-09-07 15:00:00,1902.197,2012-09-07 14:14:59,1718.8,201.99,1920.79,35.03,
"2012-09-07",16,2012-09-07 15:30:00,1942.914,2012-09-07 14:39:42,1763.69,208.97,1972.66,39.34,
"2012-09-07",17,2012-09-07 16:00:00,1963.59,2012-09-07 15:09:46,1766.87,244.42,2011.29,39.34,
"2012-09-07",18,2012-09-07 16:30:00,2020.672,2012-09-07 15:44:55,1805.79,246.22,2052.01,40.49,
"2012-09-07",19,2012-09-07 17:00:00,2160.285,2012-09-07 16:10:28,1927.01,208.29,2135.3,41.39,
"2012-09-07",20,2012-09-07 17:30:00,2195.763,2012-09-07 16:40:33,2092.94,185.58,2278.52,42.01,
"2012-09-07",21,2012-09-07 18:00:00,2257.697,2012-09-07 17:10:18,2195.13,226.99,2422.12,45.06,
"2012-09-07",22,2012-09-07 18:30:00,2309.937,2012-09-07 17:40:23,2163.04,249.8,2412.84,42.27,
"2012-09-07",23,2012-09-07 19:00:00,2285.412,2012-09-07 18:10:37,2086.02,281.35,2367.37,42.26,
"2012-09-07",24,2012-09-07 19:30:00,2323.11,2012-09-07 18:40:21,2023.6,319.96,2343.56,42.46,
"2012-09-07",25,2012-09-07 20:00:00,2281.201,2012-09-07 19:10:55,1949.88,327.51,2277.39,38.69,
"2012-09-07",26,2012-09-07 20:30:00,2249.323,2012-09-07 19:40:32,1911.39,329.24,2240.63,38.8,
"2012-09-07",27,2012-09-07 21:00:00,2173.492,2012-09-07 20:10:40,1808.18,331.97,2140.15,39.03,
"2012-09-07",28,2012-09-07 21:30:00,2066.72,2012-09-07 20:41:00,1714.8,324.83,2039.63,39.15,
"2012-09-07",29,2012-09-07 22:00:00,1958.467,2012-09-07 21:10:55,1586.75,335.18,1921.93,38.2,
"2012-09-07",30,2012-09-07 22:30:00,1868.884,2012-09-07 21:41:03,1483.91,330.55,1814.46,35.8,
"2012-09-07",31,2012-09-07 23:00:00,1803.937,2012-09-07 22:11:10,1399.86,335.23,1735.09,30.66,
"2012-09-07",32,2012-09-07 23:30:00,1698.106,2012-09-07 22:41:18,1323.45,323.07,1646.52,22.78,
"2012-09-07",33,2012-09-08 00:00:00,1644.537,2012-09-07 23:11:21,1277.04,308.79,1585.83,14.88,
"2012-09-07",34,2012-09-08 00:30:00,1602.908,2012-09-07 23:11:21,1232.57,301.39,1533.96,35.02,
"2012-09-07",35,2012-09-08 01:00:00,1572.113,2012-09-07 23:11:21,1183.51,314.53,1498.04,4.22,
"2012-09-07",36,2012-09-08 01:30:00,1525.808,2012-09-08 00:41:29,1173.69,311.73,1485.42,35.07,
"2012-09-07",37,2012-09-08 02:00:00,1465.734,2012-09-08 01:11:44,1157.06,314.32,1471.38,-.76,
"2012-09-07",38,2012-09-08 02:30:00,1436.041,2012-09-08 01:41:42,1148.84,316.43,1465.27,-.73,
"2012-09-07",39,2012-09-08 03:00:00,1458.534,2012-09-08 02:11:36,1132.4,313.4,1445.8,-.69,
"2012-09-07",40,2012-09-08 03:30:00,1463.262,2012-09-08 02:41:52,1168.67,291.2,1459.87,-.53,
"2012-09-07",41,2012-09-08 04:00:00,1468.379,2012-09-08 03:12:17,1199.02,272.68,1471.7,39.21,
"2012-09-07",42,2012-09-08 04:30:00,1473.816,2012-09-08 03:42:10,1217.52,292.8,1510.32,0,
"2012-09-07",43,2012-09-08 05:00:00,1523.391,2012-09-08 04:12:15,1235.72,295.94,1531.66,9.8,
"2012-09-07",44,2012-09-08 05:30:00,1545.826,2012-09-08 04:42:36,1293.52,298.53,1592.05,19.69,
"2012-09-07",45,2012-09-08 06:00:00,1605.13,2012-09-08 05:12:41,1337.23,299.97,1637.2,.32,
"2012-09-07",46,2012-09-08 06:30:00,1679.586,2012-09-08 05:42:17,1398.74,304.86,1703.6,39.18,
"2012-09-07",47,2012-09-08 07:00:00,1794.421,2012-09-08 06:12:36,1472.28,312.55,1784.83,41.24,
"2012-09-07",48,2012-09-08 07:30:00,1852.596,2012-09-08 06:42:44,1548.72,315.52,1864.24,41.4,
"2012-09-08",1,2012-09-08 08:00:00,1937.417,2012-09-08 07:12:57,1606.16,317.22,1923.38,40.95,
"2012-09-08",2,2012-09-08 08:30:00,1876.886,2012-09-08 07:42:33,1597.81,327.93,1925.74,4.08,
"2012-09-08",3,2012-09-08 09:00:00,1923.958,2012-09-08 08:12:36,1555.19,329.08,1884.27,2.87,
"2012-09-08",4,2012-09-08 09:30:00,1922.196,2012-09-08 08:43:03,1496,331.88,1827.88,-.9,
"2012-09-08",5,2012-09-08 10:00:00,1878.278,2012-09-08 09:12:59,1468.96,322.01,1790.97,-1.34,
"2012-09-08",6,2012-09-08 10:30:00,1822.396,2012-09-08 09:42:54,1475.39,286.53,1761.92,-2.89,
"2012-09-08",7,2012-09-08 11:00:00,1788.214,2012-09-08 10:13:06,1488.31,246.96,1735.27,36.34,
"2012-09-08",8,2012-09-08 11:30:00,1729.315,2012-09-08 10:43:30,1530.91,189.47,1720.38,39.64,
"2012-09-08",9,2012-09-08 12:00:00,1752.381,2012-09-08 11:13:41,1493.2,153.11,1646.31,34.95,
"2012-09-08",10,2012-09-08 12:30:00,1702.886,2012-09-08 11:43:18,1549.85,119.74,1669.59,38.09,
"2012-09-08",11,2012-09-08 13:00:00,1641.735,2012-09-08 12:13:33,1556.68,118.15,1674.83,36.48,
"2012-09-08",12,2012-09-08 13:30:00,1639.897,2012-09-08 12:43:23,1547.94,123.25,1671.19,36.85,
"2012-09-08",13,2012-09-08 14:00:00,1659.363,2012-09-08 13:13:44,1572.92,112.6,1685.52,34.95,
"2012-09-08",14,2012-09-08 14:30:00,1648.54,2012-09-08 13:43:44,1602.2,110.29,1712.49,40.36,
"2012-09-08",15,2012-09-08 15:00:00,1677.911,2012-09-08 14:13:56,1634.32,85.5,1719.82,40.52,
"2012-09-08",16,2012-09-08 15:30:00,1720.537,2012-09-08 14:44:12,1677.24,90.41,1767.65,42.05,
"2012-09-08",17,2012-09-08 16:00:00,1759.218,2012-09-08 15:13:48,1717.92,75.53,1793.45,42.05,
"2012-09-08",18,2012-09-08 16:30:00,1846.748,2012-09-08 15:44:11,1800.2,68.39,1868.59,56.41,
"2012-09-08",19,2012-09-08 17:00:00,1854.949,2012-09-08 16:14:30,1846.25,54.58,1900.83,57.51,
"2012-09-08",20,2012-09-08 17:30:00,1905.187,2012-09-08 16:44:06,1924.07,53.84,1977.91,57.51,
"2012-09-08",21,2012-09-08 18:00:00,2016.974,2012-09-08 17:14:26,2061.4,54.6,2116,59.51,
"2012-09-08",22,2012-09-08 18:30:00,2051.414,2012-09-08 17:44:39,2055.77,74.25,2130.02,59.51,
"2012-09-08",23,2012-09-08 19:00:00,2007.447,2012-09-08 18:14:45,1960.75,103.6,2064.35,45.32,
"2012-09-08",24,2012-09-08 19:30:00,2008.658,2012-09-08 18:44:38,1874.59,132.21,2006.8,40.01,
"2012-09-08",25,2012-09-08 20:00:00,1982.571,2012-09-08 19:14:49,1833.45,149.9,1983.35,40.35,
"2012-09-08",26,2012-09-08 20:30:00,1943.562,2012-09-08 19:44:48,1785.18,163.71,1948.89,41.1,
"2012-09-08",27,2012-09-08 21:00:00,1860.795,2012-09-08 20:14:52,1713.37,181.36,1894.73,41.65,
"2012-09-08",28,2012-09-08 21:30:00,1852.638,2012-09-08 20:44:46,1631.66,189.24,1820.9,41.8,
"2012-09-08",29,2012-09-08 22:00:00,1777.57,2012-09-08 21:10:13,1550.64,190.58,1741.22,41.8,
"2012-09-08",30,2012-09-08 22:30:00,1741.926,2012-09-08 21:39:57,1485.32,194.75,1680.07,41.65,
"2012-09-08",31,2012-09-08 23:00:00,1644.566,2012-09-08 22:10:04,1421.71,192.39,1614.1,32.34,
"2012-09-08",32,2012-09-08 23:30:00,1603.526,2012-09-08 22:40:27,1332.4,216.33,1548.73,21.6,
"2012-09-08",33,2012-09-09 00:00:00,1559.887,2012-09-08 23:10:04,1286.69,219.1,1505.79,10.77,
"2012-09-08",34,2012-09-09 00:30:00,1524.417,2012-09-08 23:10:04,1247.2,219.99,1467.19,-.99,
"2012-09-08",35,2012-09-09 01:00:00,1497.821,2012-09-08 23:10:04,1218.32,224.65,1442.97,-.75,
"2012-09-08",36,2012-09-09 01:30:00,1442.367,2012-09-09 00:40:27,1197.7,229.69,1427.39,-.88,
"2012-09-08",37,2012-09-09 02:00:00,1421.938,2012-09-09 01:10:43,1181.62,240.66,1422.28,18.01,
"2012-09-08",38,2012-09-09 02:30:00,1391.586,2012-09-09 01:40:58,1156.75,254.61,1411.36,13.02,
"2012-09-08",39,2012-09-09 03:00:00,1389.007,2012-09-09 02:10:51,1151.04,258.01,1409.05,18.85,
"2012-09-08",40,2012-09-09 03:30:00,1396.124,2012-09-09 02:41:08,1158.2,257.31,1415.51,35.04,
"2012-09-08",41,2012-09-09 04:00:00,1401.369,2012-09-09 03:11:24,1147.57,271.88,1419.45,18.74,
"2012-09-08",42,2012-09-09 04:30:00,1407.413,2012-09-09 03:41:18,1160.83,269.92,1430.75,18.69,
"2012-09-08",43,2012-09-09 05:00:00,1550.704,2012-09-09 04:11:37,1159.72,271.19,1430.91,26.66,
"2012-09-08",44,2012-09-09 05:30:00,1453.974,2012-09-09 04:41:39,1206.46,276.49,1482.95,35.09,
"2012-09-08",45,2012-09-09 06:00:00,1453.077,2012-09-09 05:11:34,1219.17,266.16,1485.33,35.09,
"2012-09-08",46,2012-09-09 06:30:00,1485.724,2012-09-09 05:41:46,1221.47,278.23,1499.7,13.31,
"2012-09-08",47,2012-09-09 07:00:00,1545.603,2012-09-09 06:11:45,1291.03,254.24,1545.27,36.18,
"2012-09-08",48,2012-09-09 07:30:00,1596.839,2012-09-09 06:41:46,1360.63,242.34,1602.97,37.25,
"2012-09-09",1,2012-09-09 08:00:00,1630.947,2012-09-09 07:11:43,1410.71,227.58,1638.29,38.33,
"2012-09-09",2,2012-09-09 08:30:00,1649.951,2012-09-09 07:41:36,1458.62,198.56,1657.18,39.25,
"2012-09-09",3,2012-09-09 09:00:00,1694.395,2012-09-09 08:11:51,1461.19,189.55,1650.74,39.25,
"2012-09-09",4,2012-09-09 09:30:00,1695.295,2012-09-09 08:42:04,1463.07,198.18,1661.25,39.25,
"2012-09-09",5,2012-09-09 10:00:00,1661.402,2012-09-09 09:12:00,1458.65,188.28,1646.93,39.25,
"2012-09-09",6,2012-09-09 10:30:00,1650.416,2012-09-09 09:41:54,1406.98,227.7,1634.68,39.25,
"2012-09-09",7,2012-09-09 11:00:00,1625.727,2012-09-09 10:12:09,1464.23,181.04,1645.27,39.25,
"2012-09-09",8,2012-09-09 11:30:00,1637.459,2012-09-09 10:42:34,1505.89,151.99,1657.88,39.25,
"2012-09-09",9,2012-09-09 12:00:00,1638.129,2012-09-09 11:12:13,1538.78,131.12,1669.9,39.26,
"2012-09-09",10,2012-09-09 12:30:00,1646.603,2012-09-09 11:42:43,1536.78,138.57,1675.35,39.27,
"2012-09-09",11,2012-09-09 13:00:00,1624.599,2012-09-09 12:12:20,1553.01,101.86,1654.87,39.41,
"2012-09-09",12,2012-09-09 13:30:00,1596.889,2012-09-09 12:42:50,1523.86,128.85,1652.71,39.42,
"2012-09-09",13,2012-09-09 14:00:00,1616.718,2012-09-09 13:12:46,1532.58,146.6,1679.18,39.41,
"2012-09-09",14,2012-09-09 14:30:00,1660.411,2012-09-09 13:42:51,1523.33,145.3,1668.63,39.32,
"2012-09-09",15,2012-09-09 15:00:00,1697.323,2012-09-09 14:12:43,1561.01,143.86,1704.87,39.34,
"2012-09-09",16,2012-09-09 15:30:00,1725.774,2012-09-09 14:43:14,1602.48,141.64,1744.12,39.3,
"2012-09-09",17,2012-09-09 16:00:00,1736.326,2012-09-09 15:12:56,1627.92,130.73,1758.65,39.27,
"2012-09-09",18,2012-09-09 16:30:00,1794.907,2012-09-09 15:43:13,1723.37,108.04,1831.41,39.26,
"2012-09-09",19,2012-09-09 17:00:00,1835.291,2012-09-09 16:13:17,1804.92,81.06,1885.98,39.23,
"2012-09-09",20,2012-09-09 17:30:00,1878.167,2012-09-09 16:43:32,1934.56,69.78,2004.34,59.51,
"2012-09-09",21,2012-09-09 18:00:00,2090.64,2012-09-09 17:13:19,2081.72,66.34,2148.06,72.37,
"2012-09-09",22,2012-09-09 18:30:00,2117.883,2012-09-09 17:43:24,2062.16,69.44,2131.6,59.51,
"2012-09-09",23,2012-09-09 19:00:00,2077.198,2012-09-09 18:13:18,2006.08,65.27,2071.35,57.51,
"2012-09-09",24,2012-09-09 19:30:00,2071.473,2012-09-09 18:43:51,1954.8,61.37,2016.17,50.1,
"2012-09-09",25,2012-09-09 20:00:00,1973.812,2012-09-09 19:13:47,1917.61,53.82,1971.43,39.19,
"2012-09-09",26,2012-09-09 20:30:00,1910.47,2012-09-09 19:43:50,1853.12,40.44,1893.56,39.3,
"2012-09-09",27,2012-09-09 21:00:00,1839.13,2012-09-09 20:13:39,1789.64,28.39,1818.03,39.2,
"2012-09-09",28,2012-09-09 21:30:00,1753.618,2012-09-09 20:43:43,1718.98,20.9,1739.88,38.36,
"2012-09-09",29,2012-09-09 22:00:00,1695.791,2012-09-09 21:14:07,1606.59,29.77,1636.36,37.34,
"2012-09-09",30,2012-09-09 22:30:00,1606.755,2012-09-09 21:43:53,1519.21,46.82,1566.03,36.27,
"2012-09-09",31,2012-09-09 23:00:00,1545.631,2012-09-09 22:14:09,1455.13,57.06,1512.19,27.98,
"2012-09-09",32,2012-09-09 23:30:00,1461.869,2012-09-09 22:44:34,1340.03,116,1456.03,20.95,
"2012-09-09",33,2012-09-10 00:00:00,1469.173,2012-09-09 23:14:34,1309.77,108.01,1417.78,12.61,
"2012-09-09",34,2012-09-10 00:30:00,1442.346,2012-09-09 23:14:34,1366.32,80.96,1447.28,39.71,
"2012-09-09",35,2012-09-10 01:00:00,1426.427,2012-09-09 23:14:34,1337.17,110.29,1447.46,39.73,
"2012-09-09",36,2012-09-10 01:30:00,1372.182,2012-09-10 00:44:36,1361.25,73.43,1434.68,39.76,
"2012-09-09",37,2012-09-10 02:00:00,1390.797,2012-09-10 01:14:30,1359.62,32.82,1392.44,39.78,
"2012-09-09",38,2012-09-10 02:30:00,1438.805,2012-09-10 01:44:45,1378.72,20.29,1399.01,39.76,
"2012-09-09",39,2012-09-10 03:00:00,1423.24,2012-09-10 02:09:57,1373.61,21.76,1395.37,39.76,
"2012-09-09",40,2012-09-10 03:30:00,1370.638,2012-09-10 02:40:15,1392.42,22.57,1414.99,47.06,
"2012-09-09",41,2012-09-10 04:00:00,1407.329,2012-09-10 03:10:01,1421.58,29.76,1451.34,47.06,
"2012-09-09",42,2012-09-10 04:30:00,1464.216,2012-09-10 03:40:24,1456.17,24.07,1480.24,47.06,
"2012-09-09",43,2012-09-10 05:00:00,1572.1,2012-09-10 04:10:01,1541.17,37.04,1578.21,57.51,
"2012-09-09",44,2012-09-10 05:30:00,1694.626,2012-09-10 04:40:24,1634.8,42.78,1677.58,57.81,
"2012-09-09",45,2012-09-10 06:00:00,1742.285,2012-09-10 05:10:10,1739.9,53.75,1793.65,57.51,
"2012-09-09",46,2012-09-10 06:30:00,1952.327,2012-09-10 05:40:22,1859.15,65.83,1924.98,42.17,
"2012-09-09",47,2012-09-10 07:00:00,2045.489,2012-09-10 06:10:22,1971.43,71.92,2043.35,59.81,
"2012-09-09",48,2012-09-10 07:30:00,2002.959,2012-09-10 06:40:53,2010.71,71.45,2082.16,59.51,
"2012-09-10",1,2012-09-10 08:00:00,2027.434,2012-09-10 07:10:39,2013.91,67.07,2080.98,42.05,
"2012-09-10",2,2012-09-10 08:30:00,2045.901,2012-09-10 07:41:00,2014.06,56.02,2070.08,42.05,
"2012-09-10",3,2012-09-10 09:00:00,2055.405,2012-09-10 08:10:59,1997.07,53.55,2050.62,39.14,
"2012-09-10",4,2012-09-10 09:30:00,2053.46,2012-09-10 08:41:04,2016.97,42.79,2059.76,42.05,
"2012-09-10",5,2012-09-10 10:00:00,2063.991,2012-09-10 09:11:21,1971.46,70.37,2041.83,39.14,
"2012-09-10",6,2012-09-10 10:30:00,2063.118,2012-09-10 09:41:28,1972.11,65.65,2037.76,39.2,
"2012-09-10",7,2012-09-10 11:00:00,2057.695,2012-09-10 10:11:00,1927.92,86.19,2014.11,39.14,
"2012-09-10",8,2012-09-10 11:30:00,2045.09,2012-09-10 10:41:32,1925.57,121.59,2047.16,39.14,
"2012-09-10",9,2012-09-10 12:00:00,1993.773,2012-09-10 11:11:06,1898.99,131.23,2030.22,39.16,
"2012-09-10",10,2012-09-10 12:30:00,1999.5,2012-09-10 11:41:35,1878.26,168.95,2047.21,39.19,
"2012-09-10",11,2012-09-10 13:00:00,2004.088,2012-09-10 12:11:37,1814.01,220.13,2034.14,39.22,
"2012-09-10",12,2012-09-10 13:30:00,2034.845,2012-09-10 12:41:34,1826.85,224.01,2050.86,39.24,
"2012-09-10",13,2012-09-10 14:00:00,2059.109,2012-09-10 13:11:26,1810.24,230.19,2040.43,39.19,
"2012-09-10",14,2012-09-10 14:30:00,2061.152,2012-09-10 13:41:42,1835.58,233.99,2069.57,39.16,
"2012-09-10",15,2012-09-10 15:00:00,2066.343,2012-09-10 14:11:38,1821.88,239.99,2061.87,39.24,
"2012-09-10",16,2012-09-10 15:30:00,2071.641,2012-09-10 14:42:15,1854.13,233.31,2087.44,39.38,
"2012-09-10",17,2012-09-10 16:00:00,2094.846,2012-09-10 15:12:15,1887.59,209.31,2096.9,39.41,
"2012-09-10",18,2012-09-10 16:30:00,2133.249,2012-09-10 15:42:12,1964.5,162.6,2127.1,42.11,
"2012-09-10",19,2012-09-10 17:00:00,2189.002,2012-09-10 16:12:04,1980.28,176.81,2157.09,42.1,
"2012-09-10",20,2012-09-10 17:30:00,2210.481,2012-09-10 16:42:14,2077.69,153.6,2231.29,45.01,
"2012-09-10",21,2012-09-10 18:00:00,2309.387,2012-09-10 17:12:08,2197.71,140.37,2338.08,57.84,
"2012-09-10",22,2012-09-10 18:30:00,2303.292,2012-09-10 17:42:22,2152.12,133.59,2285.71,46.72,
"2012-09-10",23,2012-09-10 19:00:00,2233.13,2012-09-10 18:12:30,2053.46,137.11,2190.57,44.5,
"2012-09-10",24,2012-09-10 19:30:00,2232.631,2012-09-10 18:42:22,1987.91,152.7,2140.61,41.89,
"2012-09-10",25,2012-09-10 20:00:00,2126.431,2012-09-10 19:12:59,1912.33,145.57,2057.9,39.27,
"2012-09-10",26,2012-09-10 20:30:00,2020.384,2012-09-10 19:42:41,1836.82,142.17,1978.99,39.06,
"2012-09-10",27,2012-09-10 21:00:00,1947.503,2012-09-10 20:12:56,1748.93,136.42,1885.35,39.26,
"2012-09-10",28,2012-09-10 21:30:00,1826.702,2012-09-10 20:42:40,1650.45,131.3,1781.75,39.27,
"2012-09-10",29,2012-09-10 22:00:00,1723.102,2012-09-10 21:13:05,1539.63,146.1,1685.73,38.85,
"2012-09-10",30,2012-09-10 22:30:00,1633.835,2012-09-10 21:42:53,1432.45,187.11,1619.56,37.83,
"2012-09-10",31,2012-09-10 23:00:00,1578.509,2012-09-10 22:13:10,1454.04,96.61,1550.65,39.24,
"2012-09-10",32,2012-09-10 23:30:00,1539.565,2012-09-10 22:43:00,1447.09,42.53,1489.62,39.29,
"2012-09-10",33,2012-09-11 00:00:00,1488.448,2012-09-10 23:13:21,1401.12,57.63,1458.75,39.33,
"2012-09-10",34,2012-09-11 00:30:00,1456.647,2012-09-10 23:13:21,1377.04,56.56,1433.6,39.35,
"2012-09-10",35,2012-09-11 01:00:00,1436.114,2012-09-10 23:13:21,1344.07,65.83,1409.9,39.38,
"2012-09-10",36,2012-09-11 01:30:00,1416.096,2012-09-11 00:43:51,1338.29,48.11,1386.4,39.41,
"2012-09-10",37,2012-09-11 02:00:00,1418.048,2012-09-11 01:13:50,1348.08,40.5,1388.58,35.1,
"2012-09-10",38,2012-09-11 02:30:00,1392.65,2012-09-11 01:43:58,1342.14,49.69,1391.83,35.11,
"2012-09-10",39,2012-09-11 03:00:00,1410.49,2012-09-11 02:13:38,1361.01,39.86,1400.87,39.29,
"2012-09-10",40,2012-09-11 03:30:00,1409.885,2012-09-11 02:43:48,1388.79,35.86,1424.65,39.48,
"2012-09-10",41,2012-09-11 04:00:00,1451.643,2012-09-11 03:13:50,1406.32,36.06,1442.38,39.26,
"2012-09-10",42,2012-09-11 04:30:00,1494.768,2012-09-11 03:43:54,1456.13,29.07,1485.2,39.23,
"2012-09-10",43,2012-09-11 05:00:00,1602.89,2012-09-11 04:14:11,1532.6,24.64,1557.24,34.99,
"2012-09-10",44,2012-09-11 05:30:00,1706.825,2012-09-11 04:44:32,1630,27.11,1657.11,34.87,
"2012-09-10",45,2012-09-11 06:00:00,1836.624,2012-09-11 05:14:32,1801.94,21.44,1823.38,47.06,
"2012-09-10",46,2012-09-11 06:30:00,1984.368,2012-09-11 05:44:27,1877.58,46.32,1923.9,45.39,
"2012-09-10",47,2012-09-11 07:00:00,2083.551,2012-09-11 06:14:38,1981.08,28.98,2010.06,48.96,
"2012-09-10",48,2012-09-11 07:30:00,2031.744,2012-09-11 06:44:44,2016.93,37.72,2054.65,47.54,
"2012-09-11",1,2012-09-11 08:00:00,2084.36,2012-09-11 07:14:42,1998.59,41.38,2039.97,58.63,
"2012-09-11",2,2012-09-11 08:30:00,1993.728,2012-09-11 07:44:57,2001.94,56.78,2058.72,58.71,
"2012-09-11",3,2012-09-11 09:00:00,2047.831,2012-09-11 08:14:36,1976.76,73.95,2050.71,57.84,
"2012-09-11",4,2012-09-11 09:30:00,2042.596,2012-09-11 08:44:50,1949.4,84.62,2034.02,57.51,
"2012-09-11",5,2012-09-11 10:00:00,2023.932,2012-09-11 09:10:09,1911.07,94.78,2005.85,41.05,
"2012-09-11",6,2012-09-11 10:30:00,1999.756,2012-09-11 09:40:20,1887.72,91.83,1979.55,39.69,
"2012-09-11",7,2012-09-11 11:00:00,2040.267,2012-09-11 10:09:58,1872.87,110.3,1983.17,39.27,
"2012-09-11",8,2012-09-11 11:30:00,2034.932,2012-09-11 10:40:42,1901.79,105.07,2006.86,41.05,
"2012-09-11",9,2012-09-11 12:00:00,1980.358,2012-09-11 11:10:11,1886.17,98.49,1984.66,41.05,
"2012-09-11",10,2012-09-11 12:30:00,1990.465,2012-09-11 11:40:17,1841.41,139.48,1980.89,39.3,
"2012-09-11",11,2012-09-11 13:00:00,1984.131,2012-09-11 12:10:27,1782.79,183.68,1966.47,35.16,
"2012-09-11",12,2012-09-11 13:30:00,2000.223,2012-09-11 12:40:42,1749.49,218.95,1968.44,35.17,
"2012-09-11",13,2012-09-11 14:00:00,2044.176,2012-09-11 13:10:29,1805.77,145.67,1951.44,35.17,
"2012-09-11",14,2012-09-11 14:30:00,1983.544,2012-09-11 13:41:05,1820.51,136.23,1956.74,39.34,
"2012-09-11",15,2012-09-11 15:00:00,1972.211,2012-09-11 14:10:58,1831.78,164.04,1995.82,39.34,
"2012-09-11",16,2012-09-11 15:30:00,1996.045,2012-09-11 14:41:08,1852.01,145.15,1997.16,39.34,
"2012-09-11",17,2012-09-11 16:00:00,1999.172,2012-09-11 15:10:52,1903.45,117.66,2021.11,39.23,
"2012-09-11",18,2012-09-11 16:30:00,2011.323,2012-09-11 15:41:20,1931.26,113.24,2044.5,34.9,
"2012-09-11",19,2012-09-11 17:00:00,2087.972,2012-09-11 16:11:30,1971.7,139.36,2111.06,38.98,
"2012-09-11",20,2012-09-11 17:30:00,2194.054,2012-09-11 16:41:34,2017.29,174.42,2191.71,38.76,
"2012-09-11",21,2012-09-11 18:00:00,2305.723,2012-09-11 17:11:21,2169.01,154.02,2323.03,59.51,
"2012-09-11",22,2012-09-11 18:30:00,2273.926,2012-09-11 17:41:31,2156.9,141.28,2298.18,57.84,
"2012-09-11",23,2012-09-11 19:00:00,2223.864,2012-09-11 18:11:47,2054.94,160.36,2215.3,38.73,
"2012-09-11",24,2012-09-11 19:30:00,2200.494,2012-09-11 18:41:54,1968.87,210.01,2178.88,34.37,
"2012-09-11",25,2012-09-11 20:00:00,2132.421,2012-09-11 19:11:35,1898.9,203.09,2101.99,34.54,
"2012-09-11",26,2012-09-11 20:30:00,2070.839,2012-09-11 19:42:00,1801.77,227.7,2029.47,34.66,
"2012-09-11",27,2012-09-11 21:00:00,1964.374,2012-09-11 20:11:49,1752.81,189.9,1942.71,34.8,
"2012-09-11",28,2012-09-11 21:30:00,1852.17,2012-09-11 20:42:11,1658.64,167.84,1826.48,34.89,
"2012-09-11",29,2012-09-11 22:00:00,1742.105,2012-09-11 21:11:51,1552.84,162.17,1715.01,35.02,
"2012-09-11",30,2012-09-11 22:30:00,1691.734,2012-09-11 21:42:04,1468.16,152.67,1620.83,35.09,
"2012-09-11",31,2012-09-11 23:00:00,1626.919,2012-09-11 22:12:27,1401.06,160.1,1561.16,35.1,
"2012-09-11",32,2012-09-11 23:30:00,1521.036,2012-09-11 22:42:27,1342.92,160.78,1503.7,35.15,
"2012-09-11",33,2012-09-12 00:00:00,1465.627,2012-09-11 23:12:32,1304.8,154.57,1459.37,35.1,
"2012-09-11",34,2012-09-12 00:30:00,1428.595,2012-09-11 23:12:32,1295.23,154.12,1449.35,35.13,
"2012-09-11",35,2012-09-12 01:00:00,1402.377,2012-09-11 23:12:32,1263.65,154.85,1418.5,35.16,
"2012-09-11",36,2012-09-12 01:30:00,1368.398,2012-09-12 00:42:47,1246.97,170.46,1417.43,35.17,
"2012-09-11",37,2012-09-12 02:00:00,1403.285,2012-09-12 01:12:46,1215.98,194.8,1410.78,35.18,
"2012-09-11",38,2012-09-12 02:30:00,1411.412,2012-09-12 01:43:01,1194.24,207.88,1402.12,35.18,
"2012-09-11",39,2012-09-12 03:00:00,1414.76,2012-09-12 02:13:05,1212.65,189.48,1402.13,35.17,
"2012-09-11",40,2012-09-12 03:30:00,1433.893,2012-09-12 02:43:15,1226.46,182.69,1409.15,35.16,
"2012-09-11",41,2012-09-12 04:00:00,1434.423,2012-09-12 03:13:21,1236.52,185.63,1422.15,35.12,
"2012-09-11",42,2012-09-12 04:30:00,1504.005,2012-09-12 03:42:55,1231.27,221.75,1453.02,5.92,
"2012-09-11",43,2012-09-12 05:00:00,1557.346,2012-09-12 04:13:17,1325.89,209.71,1535.6,14.98,
"2012-09-11",44,2012-09-12 05:30:00,1665.484,2012-09-12 04:43:21,1473.38,207.5,1680.88,23.06,
"2012-09-11",45,2012-09-12 06:00:00,1810.032,2012-09-12 05:13:07,1624.71,207.99,1832.7,31.05,
"2012-09-11",46,2012-09-12 06:30:00,1999.366,2012-09-12 05:43:35,1771.4,180.55,1951.95,38.88,
"2012-09-11",47,2012-09-12 07:00:00,2120.683,2012-09-12 06:13:50,1924.35,161.79,2086.14,42.89,
"2012-09-11",48,2012-09-12 07:30:00,2056.389,2012-09-12 06:43:59,1960.89,120.07,2080.96,42.95,
"2012-09-12",1,2012-09-12 08:00:00,2068.682,2012-09-12 07:13:29,1922.52,133.33,2055.85,45.23,
"2012-09-12",2,2012-09-12 08:30:00,2061.788,2012-09-12 07:44:05,1888.55,142.48,2031.03,41.05,
"2012-09-12",3,2012-09-12 09:00:00,2043.682,2012-09-12 08:13:57,1816.4,180.49,1996.89,39.3,
"2012-09-12",4,2012-09-12 09:30:00,1993.438,2012-09-12 08:43:50,1829.17,141.59,1970.76,39.35,
"2012-09-12",5,2012-09-12 10:00:00,2038.952,2012-09-12 09:13:47,1808.62,151.43,1960.05,39.34,
"2012-09-12",6,2012-09-12 10:30:00,1962.008,2012-09-12 09:44:24,1793.49,138.54,1932.03,39.32,
"2012-09-12",7,2012-09-12 11:00:00,1954.523,2012-09-12 10:14:15,1807.34,121.2,1928.54,39.3,
"2012-09-12",8,2012-09-12 11:30:00,1941.778,2012-09-12 10:44:18,1788.12,118.19,1906.31,39.28,
"2012-09-12",9,2012-09-12 12:00:00,1895.299,2012-09-12 11:14:16,1776.58,104.6,1881.18,39.27,
"2012-09-12",10,2012-09-12 12:30:00,1873.055,2012-09-12 11:44:35,1771.45,94.52,1865.97,39.27,
"2012-09-12",11,2012-09-12 13:00:00,1893.376,2012-09-12 12:14:38,1789.62,96.04,1885.66,39.27,
"2012-09-12",12,2012-09-12 13:30:00,1870.675,2012-09-12 12:44:34,1812.46,94.5,1906.96,39.27,
"2012-09-12",13,2012-09-12 14:00:00,1918.592,2012-09-12 13:14:29,1798.75,93.24,1891.99,39.27,
"2012-09-12",14,2012-09-12 14:30:00,1910.384,2012-09-12 13:44:36,1809.07,86.8,1895.87,39.27,
"2012-09-12",15,2012-09-12 15:00:00,1908.861,2012-09-12 14:14:40,1832.03,94.01,1926.04,39.26,
"2012-09-12",16,2012-09-12 15:30:00,1923.823,2012-09-12 14:44:59,1813.02,103.6,1916.62,39.26,
"2012-09-12",17,2012-09-12 16:00:00,1932.634,2012-09-12 15:14:47,1850.62,90.94,1941.56,41.05,
"2012-09-12",18,2012-09-12 16:30:00,1992.387,2012-09-12 15:39:52,1908.46,110.49,2018.95,42.66,
"2012-09-12",19,2012-09-12 17:00:00,2047.916,2012-09-12 16:10:15,1954.3,125.68,2079.98,45.79,
"2012-09-12",20,2012-09-12 17:30:00,2177.924,2012-09-12 16:40:35,2033.68,125.31,2158.99,49.83,
"2012-09-12",21,2012-09-12 18:00:00,2271.823,2012-09-12 17:10:29,2221.22,145.54,2366.76,57.84,
"2012-09-12",22,2012-09-12 18:30:00,2285.183,2012-09-12 17:40:11,2206.24,173.83,2380.07,49.34,
"2012-09-12",23,2012-09-12 19:00:00,2236.338,2012-09-12 18:10:25,2100.44,207.3,2307.74,49.04,
"2012-09-12",24,2012-09-12 19:30:00,2176.866,2012-09-12 18:10:25,2029.66,239.01,2268.67,38.86,
"2012-09-12",25,2012-09-12 20:00:00,2113.245,2012-09-12 18:10:25,1939.14,250.27,2189.41,38.9,
"2012-09-12",26,2012-09-12 20:30:00,2134.186,2012-09-12 19:40:42,1852.39,273.16,2125.55,39.11,
"2012-09-12",27,2012-09-12 21:00:00,2023.711,2012-09-12 20:10:52,1771.72,261.93,2033.65,39.24,
"2012-09-12",28,2012-09-12 21:30:00,1884.971,2012-09-12 20:41:05,1644.16,277.97,1922.13,39.24,
"2012-09-12",29,2012-09-12 22:00:00,1794.776,2012-09-12 21:11:02,1535.75,295.22,1830.97,38.39,
"2012-09-12",30,2012-09-12 22:30:00,1712.05,2012-09-12 21:41:00,1432.46,299.94,1732.4,32.96,
"2012-09-12",31,2012-09-12 23:00:00,1673.775,2012-09-12 22:11:03,1332.57,308.07,1640.64,31.16,
"2012-09-12",32,2012-09-12 23:30:00,1604.584,2012-09-12 22:41:04,1278.86,291.26,1570.12,35.09,
"2012-09-12",33,2012-09-13 00:00:00,1552.991,2012-09-12 23:11:05,1249.79,282.94,1532.73,35.1,
"2012-09-12",34,2012-09-13 00:30:00,1519.606,2012-09-12 23:11:05,1201.25,284.86,1486.11,35.12,
"2012-09-12",35,2012-09-13 01:00:00,1496.249,2012-09-12 23:11:05,1203.11,261.32,1464.43,35.14,
"2012-09-12",36,2012-09-13 01:30:00,1434.084,2012-09-13 00:41:47,1205.18,256.21,1461.39,35.14,
"2012-09-12",37,2012-09-13 02:00:00,1449.139,2012-09-13 01:11:51,1163.44,274.85,1438.29,20.12,
"2012-09-12",38,2012-09-13 02:30:00,1442.781,2012-09-13 01:41:35,1148.65,279.33,1427.98,20.73,
"2012-09-12",39,2012-09-13 03:00:00,1462.674,2012-09-13 02:11:56,1135.45,289.84,1425.29,35.16,
"2012-09-12",40,2012-09-13 03:30:00,1450.316,2012-09-13 02:41:41,1163.47,279.83,1443.3,35.14,
"2012-09-12",41,2012-09-13 04:00:00,1485.609,2012-09-13 03:11:56,1188.49,278.31,1466.8,35.12,
"2012-09-12",42,2012-09-13 04:30:00,1542.392,2012-09-13 03:42:16,1256.07,248.87,1504.94,18.95,
"2012-09-12",43,2012-09-13 05:00:00,1630.055,2012-09-13 04:11:57,1357.46,262.39,1619.85,26.27,
"2012-09-12",44,2012-09-13 05:30:00,1722.116,2012-09-13 04:42:02,1500.92,269.03,1769.95,37.14,
"2012-09-12",45,2012-09-13 06:00:00,1887.287,2012-09-13 05:12:08,1676.38,279.13,1955.51,38.17,
"2012-09-12",46,2012-09-13 06:30:00,2052.029,2012-09-13 05:42:13,1811.59,256.2,2067.79,38.78,
"2012-09-12",47,2012-09-13 07:00:00,2178.455,2012-09-13 06:12:36,1970.79,222.43,2193.22,45.66,
"2012-09-12",48,2012-09-13 07:30:00,2152.505,2012-09-13 06:42:56,1967.12,231.19,2198.31,38.78,
"2012-09-13",1,2012-09-13 08:00:00,2217.92,2012-09-13 07:12:37,1882.54,250.54,2133.08,41.05,
"2012-09-13",2,2012-09-13 08:30:00,2181.999,2012-09-13 07:43:11,1885.18,226.64,2111.82,39.29,
"2012-09-13",3,2012-09-13 09:00:00,2155.803,2012-09-13 08:12:41,1880.51,202.56,2083.07,39.34,
"2012-09-13",4,2012-09-13 09:30:00,2095.613,2012-09-13 08:43:07,1875.58,166.73,2042.31,39.36,
"2012-09-13",5,2012-09-13 10:00:00,2089.603,2012-09-13 09:13:11,1867.41,157,2024.41,39.37,
"2012-09-13",6,2012-09-13 10:30:00,2017.481,2012-09-13 09:43:27,1840.4,130.82,1971.22,39.38,
"2012-09-13",7,2012-09-13 11:00:00,2024.52,2012-09-13 10:13:28,1858.02,121.77,1979.79,39.38,
"2012-09-13",8,2012-09-13 11:30:00,1988.899,2012-09-13 10:43:13,1852.35,92.97,1945.32,39.38,
"2012-09-13",9,2012-09-13 12:00:00,1950.702,2012-09-13 11:13:18,1848.22,81.88,1930.1,39.38,
"2012-09-13",10,2012-09-13 12:30:00,1963.78,2012-09-13 11:43:48,1856.99,76.5,1933.49,39.38,
"2012-09-13",11,2012-09-13 13:00:00,1929.423,2012-09-13 12:13:21,1880.29,61.74,1942.03,39.38,
"2012-09-13",12,2012-09-13 13:30:00,1911.609,2012-09-13 12:43:36,1920.25,57.46,1977.71,39.38,
"2012-09-13",13,2012-09-13 14:00:00,1940.734,2012-09-13 13:13:25,1906.72,61.37,1968.09,39.38,
"2012-09-13",14,2012-09-13 14:30:00,1946.998,2012-09-13 13:43:55,1902.18,56.16,1958.34,39.38,
"2012-09-13",15,2012-09-13 15:00:00,1992.032,2012-09-13 14:13:35,1862.8,50.2,1913,39.34,
"2012-09-13",16,2012-09-13 15:30:00,2037.849,2012-09-13 14:43:44,1891.32,49.69,1941.01,39.38,
"2012-09-13",17,2012-09-13 16:00:00,2028.632,2012-09-13 15:14:16,1905.52,77.06,1982.58,39.38,
"2012-09-13",18,2012-09-13 16:30:00,2095.367,2012-09-13 15:44:09,1983.46,99.47,2082.93,39.35,
"2012-09-13",19,2012-09-13 17:00:00,2138.68,2012-09-13 16:13:54,2034.13,102.31,2136.44,57.51,
"2012-09-13",20,2012-09-13 17:30:00,2212.318,2012-09-13 16:44:31,2055.19,103.11,2158.3,39.29,
"2012-09-13",21,2012-09-13 18:00:00,2384.525,2012-09-13 17:14:15,2200.11,109.51,2309.62,59.51,
"2012-09-13",22,2012-09-13 18:30:00,2371.582,2012-09-13 17:44:13,2215.58,121.65,2337.23,59.51,
"2012-09-13",23,2012-09-13 19:00:00,2307.699,2012-09-13 18:14:32,2136.87,132.5,2269.37,41.05,
"2012-09-13",24,2012-09-13 19:30:00,2324.784,2012-09-13 18:44:46,2059.36,190.55,2249.91,39.3,
"2012-09-13",25,2012-09-13 20:00:00,2274.08,2012-09-13 19:14:26,1952.44,232.19,2184.63,39.34,
"2012-09-13",26,2012-09-13 20:30:00,2215.1,2012-09-13 19:44:40,1857.48,279.39,2136.87,39.34,
"2012-09-13",27,2012-09-13 21:00:00,2143.743,2012-09-13 20:09:35,1827.37,268.38,2095.75,38.42,
"2012-09-13",28,2012-09-13 21:30:00,2013.132,2012-09-13 20:44:48,1691.63,290.5,1982.13,21.85,
"2012-09-13",29,2012-09-13 22:00:00,1906.751,2012-09-13 21:14:53,1589.49,260.57,1850.06,57.05,
"2012-09-13",30,2012-09-13 22:30:00,1806.21,2012-09-13 21:44:47,1540.83,208.14,1748.97,57.04,
"2012-09-13",31,2012-09-13 23:00:00,1738.86,2012-09-13 22:10:04,1455.39,235.59,1690.98,57.05,
"2012-09-13",32,2012-09-13 23:30:00,1639.011,2012-09-13 22:40:23,1355.53,257.25,1612.78,55.69,
"2012-09-13",33,2012-09-14 00:00:00,1584.993,2012-09-13 23:10:00,1304.94,264.64,1569.58,55.68,
"2012-09-13",34,2012-09-14 00:30:00,1548.614,2012-09-13 23:10:00,1284.05,258.24,1542.29,52.99,
"2012-09-13",35,2012-09-14 01:00:00,1520.542,2012-09-13 23:10:00,1256.77,254.99,1511.76,39.5,
"2012-09-13",36,2012-09-14 01:30:00,1475.402,2012-09-14 00:40:25,1233.82,263.51,1497.33,39.5,
"2012-09-13",37,2012-09-14 02:00:00,1500.474,2012-09-14 01:10:36,1244.63,251.52,1496.15,39.5,
"2012-09-13",38,2012-09-14 02:30:00,1481.763,2012-09-14 01:41:01,1254.14,238.02,1492.16,39.5,
"2012-09-13",39,2012-09-14 03:00:00,1465.451,2012-09-14 02:10:35,1255.79,242.84,1498.63,39.5,
"2012-09-13",40,2012-09-14 03:30:00,1479,2012-09-14 02:40:57,1233.12,273.6,1506.72,39.5,
"2012-09-13",41,2012-09-14 04:00:00,1498.881,2012-09-14 03:10:57,1248.61,277.26,1525.87,39.54,
"2012-09-13",42,2012-09-14 04:30:00,1564.494,2012-09-14 03:41:20,1304.72,261.88,1566.6,39.57,
"2012-09-13",43,2012-09-14 05:00:00,1657.475,2012-09-14 04:11:19,1397.66,251.09,1648.75,39.56,
"2012-09-13",44,2012-09-14 05:30:00,1756.821,2012-09-14 04:41:12,1530.42,251.74,1782.16,56.81,
"2012-09-13",45,2012-09-14 06:00:00,1861.784,2012-09-14 05:11:10,1665.16,263.63,1928.79,58.91,
"2012-09-13",46,2012-09-14 06:30:00,2031.355,2012-09-14 05:41:18,1807.79,264.39,2072.18,61.04,
"2012-09-13",47,2012-09-14 07:00:00,2152.1,2012-09-14 06:11:46,1907.16,255.74,2162.9,57.51,
"2012-09-13",48,2012-09-14 07:30:00,2122.744,2012-09-14 06:41:55,1928.85,224.02,2152.87,57.51,
"2012-09-14",1,2012-09-14 08:00:00,2117.742,2012-09-14 07:11:40,1928.8,202.6,2131.4,39.37,
"2012-09-14",2,2012-09-14 08:30:00,2085.448,2012-09-14 07:41:46,1891.64,213.64,2105.28,39.45,
"2012-09-14",3,2012-09-14 09:00:00,2110.4,2012-09-14 08:12:05,1828.21,232.02,2060.23,39.47,
"2012-09-14",4,2012-09-14 09:30:00,2053.465,2012-09-14 08:42:09,1829.55,198.79,2028.34,39.49,
"2012-09-14",5,2012-09-14 10:00:00,2046.133,2012-09-14 09:12:14,1830.65,151.78,1982.43,39.38,
"2012-09-14",6,2012-09-14 10:30:00,2017.201,2012-09-14 09:41:57,1830.05,134.5,1964.55,39.38,
"2012-09-14",7,2012-09-14 11:00:00,1986.786,2012-09-14 10:12:11,1876.97,94.33,1971.3,56.77,
"2012-09-14",8,2012-09-14 11:30:00,1985.763,2012-09-14 10:42:24,1879.75,82.45,1962.2,41.05,
"2012-09-14",9,2012-09-14 12:00:00,1969.654,2012-09-14 11:12:26,1823.65,98.05,1921.7,39.38,
"2012-09-14",10,2012-09-14 12:30:00,2015.785,2012-09-14 11:42:39,1840.49,85.49,1925.98,39.38,
"2012-09-14",11,2012-09-14 13:00:00,1993.495,2012-09-14 12:12:36,1847.51,74.8,1922.31,39.38,
"2012-09-14",12,2012-09-14 13:30:00,1937.099,2012-09-14 12:42:45,1832.7,77.58,1910.28,39.38,
"2012-09-14",13,2012-09-14 14:00:00,1942.475,2012-09-14 13:12:25,1896.86,87.4,1984.26,57.84,
"2012-09-14",14,2012-09-14 14:30:00,1984.742,2012-09-14 13:42:39,1913.41,77.61,1991.02,57.84,
"2012-09-14",15,2012-09-14 15:00:00,1971.49,2012-09-14 14:12:43,1936.5,73.83,2010.33,61.66,
"2012-09-14",16,2012-09-14 15:30:00,2077.041,2012-09-14 14:43:08,1988.69,77.95,2066.64,61.66,
"2012-09-14",17,2012-09-14 16:00:00,2054.374,2012-09-14 15:13:02,1983.99,92.83,2076.82,61.66,
"2012-09-14",18,2012-09-14 16:30:00,2121.255,2012-09-14 15:43:02,2024.58,90.37,2114.95,61.66,
"2012-09-14",19,2012-09-14 17:00:00,2140.952,2012-09-14 16:12:54,2085.69,76.18,2161.87,61.6,
"2012-09-14",20,2012-09-14 17:30:00,2172.031,2012-09-14 16:43:06,2129,90.46,2219.46,61.52,
"2012-09-14",21,2012-09-14 18:00:00,2314.141,2012-09-14 17:13:21,2222.29,114.07,2336.36,61.5,
"2012-09-14",22,2012-09-14 18:30:00,2324.826,2012-09-14 17:43:26,2187.31,125.91,2313.22,61.48,
"2012-09-14",23,2012-09-14 19:00:00,2253.204,2012-09-14 18:13:39,2083.2,163.56,2246.76,61.32,
"2012-09-14",24,2012-09-14 19:30:00,2288.8,2012-09-14 18:43:24,2077.7,133.22,2210.92,61.39,
"2012-09-14",25,2012-09-14 20:00:00,2179.279,2012-09-14 19:13:30,1970.02,178.71,2148.73,57.51,
"2012-09-14",26,2012-09-14 20:30:00,2146.209,2012-09-14 19:43:47,1905.9,181.11,2087.01,39.25,
"2012-09-14",27,2012-09-14 21:00:00,2097.804,2012-09-14 20:13:58,1840.94,162.97,2003.91,39.16,
"2012-09-14",28,2012-09-14 21:30:00,1990.724,2012-09-14 20:43:58,1782.79,146.48,1929.27,39.15,
"2012-09-14",29,2012-09-14 22:00:00,1891.567,2012-09-14 21:13:57,1679.04,167.13,1846.17,39.14,
"2012-09-14",30,2012-09-14 22:30:00,1817.848,2012-09-14 21:44:15,1633.63,137.64,1771.27,39.14,
"2012-09-14",31,2012-09-14 23:00:00,1770.988,2012-09-14 22:14:05,1562.4,127.61,1690.01,44.06,
"2012-09-14",32,2012-09-14 23:30:00,1709.34,2012-09-14 22:44:23,1478.02,147.71,1625.73,39.26,
"2012-09-14",33,2012-09-15 00:00:00,1635.51,2012-09-14 23:14:16,1416.44,159.12,1575.56,39.28,
"2012-09-14",34,2012-09-15 00:30:00,1595.808,2012-09-14 23:14:16,1441.84,98.4,1540.24,52.62,
"2012-09-14",35,2012-09-15 01:00:00,1565.627,2012-09-14 23:14:16,1394.18,113.05,1507.23,44.06,
"2012-09-14",36,2012-09-15 01:30:00,1550.295,2012-09-15 00:44:14,1396.38,98.34,1494.72,55.38,
"2012-09-14",37,2012-09-15 02:00:00,1501.18,2012-09-15 01:14:42,1403.68,87,1490.68,55.4,
"2012-09-14",38,2012-09-15 02:30:00,1492.307,2012-09-15 01:44:56,1341.7,132.11,1473.81,39.36,
"2012-09-14",39,2012-09-15 03:00:00,1493.484,2012-09-15 02:14:29,1347.99,129.74,1477.73,44.06,
"2012-09-14",40,2012-09-15 03:30:00,1492.616,2012-09-15 02:39:56,1372.48,112.4,1484.88,55.42,
"2012-09-14",41,2012-09-15 04:00:00,1506.717,2012-09-15 03:14:43,1390.3,115.23,1505.53,55.42,
"2012-09-14",42,2012-09-15 04:30:00,1515.37,2012-09-15 03:44:58,1418.69,101.27,1519.96,55.43,
"2012-09-14",43,2012-09-15 05:00:00,1576.882,2012-09-15 04:10:05,1397.93,144.11,1542.04,39.35,
"2012-09-14",44,2012-09-15 05:30:00,1599.975,2012-09-15 04:40:28,1441.67,150.46,1592.13,39.35,
"2012-09-14",45,2012-09-15 06:00:00,1640.216,2012-09-15 05:10:11,1464.97,156.13,1621.1,39.36,
"2012-09-14",46,2012-09-15 06:30:00,1709.407,2012-09-15 05:40:27,1537,149.19,1686.19,39.37,
"2012-09-14",47,2012-09-15 07:00:00,1780.412,2012-09-15 06:10:22,1631.04,129.17,1760.21,52.86,
"2012-09-14",48,2012-09-15 07:30:00,1833.203,2012-09-15 06:40:28,1726.12,90.49,1816.61,55.56,
"2012-09-15",1,2012-09-15 08:00:00,1899.59,2012-09-15 07:10:55,1757.42,82.66,1840.08,55.7,
"2012-09-15",2,2012-09-15 08:30:00,1887.162,2012-09-15 07:40:45,1769.81,80.88,1850.69,55.76,
"2012-09-15",3,2012-09-15 09:00:00,1897.322,2012-09-15 08:10:43,1769.2,61.5,1830.7,55.91,
"2012-09-15",4,2012-09-15 09:30:00,1868.92,2012-09-15 08:41:10,1740.11,49.12,1789.23,56.17,
"2012-09-15",5,2012-09-15 10:00:00,1832.044,2012-09-15 09:11:03,1744.31,38.46,1782.77,56.28,
"2012-09-15",6,2012-09-15 10:30:00,1831.998,2012-09-15 09:41:03,1701.65,37.87,1739.52,56.46,
"2012-09-15",7,2012-09-15 11:00:00,1769.161,2012-09-15 10:11:31,1685.48,42.25,1727.73,56.55,
"2012-09-15",8,2012-09-15 11:30:00,1766.023,2012-09-15 10:41:34,1726.51,43.14,1769.65,56.55,
"2012-09-15",9,2012-09-15 12:00:00,1750.557,2012-09-15 11:11:28,1698.79,48.62,1747.41,56.55,
"2012-09-15",10,2012-09-15 12:30:00,1732.216,2012-09-15 11:41:21,1667.62,63.98,1731.6,56.55,
"2012-09-15",11,2012-09-15 13:00:00,1774.925,2012-09-15 12:11:41,1646.24,67.19,1713.43,56.55,
"2012-09-15",12,2012-09-15 13:30:00,1735.04,2012-09-15 12:42:00,1635.07,66.86,1701.93,53.72,
"2012-09-15",13,2012-09-15 14:00:00,1749.135,2012-09-15 13:11:27,1633.81,63.39,1697.2,53.58,
"2012-09-15",14,2012-09-15 14:30:00,1744.023,2012-09-15 13:41:35,1642.68,68.14,1710.82,53.44,
"2012-09-15",15,2012-09-15 15:00:00,1756.005,2012-09-15 14:11:47,1643.14,65.54,1708.68,56.03,
"2012-09-15",16,2012-09-15 15:30:00,1767.308,2012-09-15 14:41:58,1657.04,80.14,1737.18,55.96,
"2012-09-15",17,2012-09-15 16:00:00,1797.775,2012-09-15 15:12:12,1685.51,95.78,1781.29,56.15,
"2012-09-15",18,2012-09-15 16:30:00,1815.492,2012-09-15 15:42:22,1743.39,89.1,1832.49,56.48,
"2012-09-15",19,2012-09-15 17:00:00,1845.595,2012-09-15 16:12:12,1799.18,92.17,1891.35,56.34,
"2012-09-15",20,2012-09-15 17:30:00,1886.612,2012-09-15 16:42:26,1858.95,89.33,1948.28,57.84,
"2012-09-15",21,2012-09-15 18:00:00,2050.882,2012-09-15 17:12:27,1998.22,86.98,2085.2,78.87,
"2012-09-15",22,2012-09-15 18:30:00,2083.54,2012-09-15 17:42:30,2032,87.25,2119.25,71.75,
"2012-09-15",23,2012-09-15 19:00:00,2014.471,2012-09-15 18:12:27,1923.92,109.24,2033.16,55.06,
"2012-09-15",24,2012-09-15 19:30:00,2047.314,2012-09-15 18:42:50,1840.56,133.18,1973.74,55.24,
"2012-09-15",25,2012-09-15 20:00:00,2045.402,2012-09-15 19:12:45,1791.38,137.05,1928.43,52.81,
"2012-09-15",26,2012-09-15 20:30:00,1952.861,2012-09-15 19:43:00,1734.34,149.13,1883.47,55.72,
"2012-09-15",27,2012-09-15 21:00:00,1845.01,2012-09-15 20:12:56,1674.7,149.48,1824.18,55.74,
"2012-09-15",28,2012-09-15 21:30:00,1813.973,2012-09-15 20:42:55,1606.8,171.6,1778.4,39.33,
"2012-09-15",29,2012-09-15 22:00:00,1758.343,2012-09-15 21:12:46,1482.82,225.2,1708.02,39.34,
"2012-09-15",30,2012-09-15 22:30:00,1704.55,2012-09-15 21:43:09,1455.49,192.4,1647.89,39.32,
"2012-09-15",31,2012-09-15 23:00:00,1659.657,2012-09-15 22:13:17,1402.64,194.92,1597.56,39.33,
"2012-09-15",32,2012-09-15 23:30:00,1592.246,2012-09-15 22:43:16,1333.27,214.46,1547.73,39.37,
"2012-09-15",33,2012-09-16 00:00:00,1528.847,2012-09-15 23:13:30,1273.87,227.69,1501.56,14.5,
"2012-09-15",34,2012-09-16 00:30:00,1492.88,2012-09-15 23:13:30,1238.62,218.48,1457.1,6.36,
"2012-09-15",35,2012-09-16 01:00:00,1466.236,2012-09-15 23:13:30,1216.33,218.69,1435.02,39.42,
"2012-09-15",36,2012-09-16 01:30:00,1440.639,2012-09-16 00:43:37,1182.64,233.54,1416.18,39.43,
"2012-09-15",37,2012-09-16 02:00:00,1425.982,2012-09-16 01:13:35,1155.42,241.87,1397.29,35.3,
"2012-09-15",38,2012-09-16 02:30:00,1415.345,2012-09-16 01:43:50,1142.46,258.26,1400.72,7.14,
"2012-09-15",39,2012-09-16 03:00:00,1415.006,2012-09-16 02:14:01,1157.91,235.57,1393.48,35.41,
"2012-09-15",40,2012-09-16 03:30:00,1377.713,2012-09-16 02:44:05,1180.22,209.75,1389.97,35.4,
"2012-09-15",41,2012-09-16 04:00:00,1397.177,2012-09-16 03:14:04,1165.56,223.42,1388.98,35.43,
"2012-09-15",42,2012-09-16 04:30:00,1400.405,2012-09-16 03:44:13,1167.14,246.49,1413.63,35.4,
"2012-09-15",43,2012-09-16 05:00:00,1415.34,2012-09-16 04:14:11,1191.03,251.82,1442.85,35.38,
"2012-09-15",44,2012-09-16 05:30:00,1416.252,2012-09-16 04:44:18,1186.29,275.55,1461.84,35.36,
"2012-09-15",45,2012-09-16 06:00:00,1451.36,2012-09-16 05:14:31,1187.66,276.23,1463.89,1.32,
"2012-09-15",46,2012-09-16 06:30:00,1490.91,2012-09-16 05:44:31,1235.65,264.93,1500.58,1.32,
"2012-09-15",47,2012-09-16 07:00:00,1541.756,2012-09-16 06:14:31,1298.36,246.22,1544.58,32.12,
"2012-09-15",48,2012-09-16 07:30:00,1587.382,2012-09-16 06:44:46,1359.99,216.69,1576.68,31.99,
"2012-09-16",1,2012-09-16 08:00:00,1629.489,2012-09-16 07:14:35,1380.85,237.45,1618.3,35.33,
"2012-09-16",2,2012-09-16 08:30:00,1652.006,2012-09-16 07:44:45,1397.35,229.79,1627.14,35.4,
"2012-09-16",3,2012-09-16 09:00:00,1661.12,2012-09-16 08:09:51,1395,233.12,1628.12,35.49,
"2012-09-16",4,2012-09-16 09:30:00,1682.536,2012-09-16 08:44:53,1388.63,253.65,1642.28,35.59,
"2012-09-16",5,2012-09-16 10:00:00,1653.056,2012-09-16 09:14:48,1398.99,249.24,1648.23,35.59,
"2012-09-16",6,2012-09-16 10:30:00,1639.78,2012-09-16 09:44:55,1436.03,217.4,1653.43,35.52,
"2012-09-16",7,2012-09-16 11:00:00,1671.966,2012-09-16 10:10:21,1441.96,189.15,1631.11,35.45,
"2012-09-16",8,2012-09-16 11:30:00,1651.53,2012-09-16 10:40:34,1481.03,166.29,1647.32,35.38,
"2012-09-16",9,2012-09-16 12:00:00,1688.606,2012-09-16 11:10:36,1519.73,123.47,1643.2,39.44,
"2012-09-16",10,2012-09-16 12:30:00,1665.326,2012-09-16 11:40:23,1545.85,90.24,1636.09,39.42,
"2012-09-16",11,2012-09-16 13:00:00,1669.416,2012-09-16 12:10:50,1544.67,84.97,1629.64,39.4,
"2012-09-16",12,2012-09-16 13:30:00,1654.773,2012-09-16 12:40:50,1572.62,74.09,1646.71,44.06,
"2012-09-16",13,2012-09-16 14:00:00,1680.231,2012-09-16 13:10:38,1574.03,79.78,1653.81,44.06,
"2012-09-16",14,2012-09-16 14:30:00,1702.058,2012-09-16 13:40:36,1615.6,64.23,1679.83,59.14,
"2012-09-16",15,2012-09-16 15:00:00,1713.094,2012-09-16 14:10:38,1655.89,61.93,1717.82,59.1,
"2012-09-16",16,2012-09-16 15:30:00,1754.956,2012-09-16 14:40:51,1682.11,66.98,1749.09,58.96,
"2012-09-16",17,2012-09-16 16:00:00,1797.425,2012-09-16 15:11:18,1732.14,71.16,1803.3,58.86,
"2012-09-16",18,2012-09-16 16:30:00,1844.914,2012-09-16 15:40:52,1780.92,68.97,1849.89,58.55,
"2012-09-16",19,2012-09-16 17:00:00,1911.013,2012-09-16 16:11:20,1816.84,62.36,1879.2,62.89,
"2012-09-16",20,2012-09-16 17:30:00,2014.13,2012-09-16 16:41:21,1907.24,61.28,1968.52,60.85,
"2012-09-16",21,2012-09-16 18:00:00,2131.236,2012-09-16 17:11:29,2042.97,74.36,2117.33,62.89,
"2012-09-16",22,2012-09-16 18:30:00,2117.924,2012-09-16 17:41:40,2029.15,129.35,2158.5,62.89,
"2012-09-16",23,2012-09-16 19:00:00,2047.195,2012-09-16 18:11:43,1920.29,157.42,2077.71,53.77,
"2012-09-16",24,2012-09-16 19:30:00,2050.355,2012-09-16 18:41:22,1858.85,171.95,2030.8,39.23,
"2012-09-16",25,2012-09-16 20:00:00,2002.343,2012-09-16 19:11:44,1809.21,178.23,1987.44,39.13,
"2012-09-16",26,2012-09-16 20:30:00,1958.641,2012-09-16 19:42:39,1729,199.04,1928.04,39.31,
"2012-09-16",27,2012-09-16 21:00:00,1889.824,2012-09-16 20:12:02,1626.88,225.89,1852.77,39.39,
"2012-09-16",28,2012-09-16 21:30:00,1824.817,2012-09-16 20:42:12,1542.25,230.26,1772.51,39.42,
"2012-09-16",29,2012-09-16 22:00:00,1734.861,2012-09-16 21:11:50,1459.77,229.13,1688.9,39.46,
"2012-09-16",30,2012-09-16 22:30:00,1658.885,2012-09-16 21:42:01,1396.48,226.99,1623.47,39.39,
"2012-09-16",31,2012-09-16 23:00:00,1618.131,2012-09-16 22:12:24,1334.4,229.25,1563.65,39.38,
"2012-09-16",32,2012-09-16 23:30:00,1569.851,2012-09-16 22:42:02,1273.7,238.08,1511.78,39.39,
"2012-09-16",33,2012-09-17 00:00:00,1532.827,2012-09-16 23:12:15,1234.37,249.91,1484.28,39.04,
"2012-09-16",34,2012-09-17 00:30:00,1506.832,2012-09-16 23:12:15,1200.82,247.94,1448.76,37.88,
"2012-09-16",35,2012-09-17 01:00:00,1492.067,2012-09-16 23:12:15,1199.15,243.44,1442.59,36.56,
"2012-09-16",36,2012-09-17 01:30:00,1459.856,2012-09-17 00:42:19,1204.92,238.66,1443.58,35.04,
"2012-09-16",37,2012-09-17 02:00:00,1446.609,2012-09-17 01:12:59,1211.39,224.52,1435.91,35.21,
"2012-09-16",38,2012-09-17 02:30:00,1433.467,2012-09-17 01:42:34,1235.63,205.64,1441.27,35.21,
"2012-09-16",39,2012-09-17 03:00:00,1463.889,2012-09-17 02:12:35,1234.64,204.99,1439.63,35.2,
"2012-09-16",40,2012-09-17 03:30:00,1459.338,2012-09-17 02:43:04,1237.94,211.92,1449.86,35.17,
"2012-09-16",41,2012-09-17 04:00:00,1491.958,2012-09-17 03:13:20,1256.65,208.89,1465.54,35.14,
"2012-09-16",42,2012-09-17 04:30:00,1544.831,2012-09-17 03:43:26,1289.64,217.85,1507.49,16.22,
"2012-09-16",43,2012-09-17 05:00:00,1629.656,2012-09-17 04:13:24,1357.43,234.94,1592.37,23.94,
"2012-09-16",44,2012-09-17 05:30:00,1720.583,2012-09-17 04:43:33,1459.67,239.38,1699.05,32.26,
"2012-09-16",45,2012-09-17 06:00:00,1863.06,2012-09-17 05:13:18,1602.29,236.76,1839.05,38.61,
"2012-09-16",46,2012-09-17 06:30:00,2013.224,2012-09-17 05:43:41,1682.24,249.18,1931.42,39.27,
"2012-09-16",47,2012-09-17 07:00:00,2100.841,2012-09-17 06:13:26,1807.17,250.21,2057.38,39.27,
"2012-09-16",48,2012-09-17 07:30:00,2070.8,2012-09-17 06:43:33,1817.21,255.2,2072.41,39.26,
"2012-09-17",1,2012-09-17 08:00:00,2085.408,2012-09-17 07:14:03,1797.66,250.23,2047.89,39.46,
"2012-09-17",2,2012-09-17 08:30:00,2086.747,2012-09-17 07:44:02,1812.5,249.92,2062.42,39.52,
"2012-09-17",3,2012-09-17 09:00:00,2093.587,2012-09-17 08:13:49,1807.14,257.96,2065.1,39.56,
"2012-09-17",4,2012-09-17 09:30:00,2055.93,2012-09-17 08:44:07,1785.74,270.29,2056.03,39.6,
"2012-09-17",5,2012-09-17 10:00:00,2097.849,2012-09-17 09:14:20,1799.33,261.36,2060.69,39.41,
"2012-09-17",6,2012-09-17 10:30:00,2089.746,2012-09-17 09:43:59,1797.67,246.6,2044.27,39.4,
"2012-09-17",7,2012-09-17 11:00:00,2101.887,2012-09-17 10:14:00,1827.43,235.52,2062.95,39.39,
"2012-09-17",8,2012-09-17 11:30:00,2090.235,2012-09-17 10:44:13,1830.45,217.67,2048.12,39.38,
"2012-09-17",9,2012-09-17 12:00:00,2067.327,2012-09-17 11:14:10,1817.7,209.96,2027.66,39.42,
"2012-09-17",10,2012-09-17 12:30:00,2091.823,2012-09-17 11:44:16,1753.97,222.61,1976.58,39.42,
"2012-09-17",11,2012-09-17 13:00:00,2097.968,2012-09-17 12:14:31,1736.05,230.22,1966.27,39.38,
"2012-09-17",12,2012-09-17 13:30:00,2079.072,2012-09-17 12:44:53,1759.44,222.54,1981.98,39.42,
"2012-09-17",13,2012-09-17 14:00:00,2059.203,2012-09-17 13:14:50,1723.5,245.07,1968.57,39.38,
"2012-09-17",14,2012-09-17 14:30:00,2043.358,2012-09-17 13:44:42,1752.7,243.44,1996.14,39.42,
"2012-09-17",15,2012-09-17 15:00:00,2066.422,2012-09-17 14:09:35,1794.1,235.37,2029.47,39.4,
"2012-09-17",16,2012-09-17 15:30:00,2039.628,2012-09-17 14:44:46,1808.45,260.99,2069.44,39.38,
"2012-09-17",17,2012-09-17 16:00:00,2055.671,2012-09-17 15:10:06,1801.97,280.45,2082.42,39.34,
"2012-09-17",18,2012-09-17 16:30:00,2148.987,2012-09-17 15:44:52,1888.79,218.27,2107.06,39.29,
"2012-09-17",19,2012-09-17 17:00:00,2216.376,2012-09-17 16:10:21,1919.09,209.81,2128.9,41.05,
"2012-09-17",20,2012-09-17 17:30:00,2285.188,2012-09-17 16:40:22,2030.84,166.71,2197.55,56,
"2012-09-17",21,2012-09-17 18:00:00,2345.808,2012-09-17 17:10:05,2126.58,145.98,2272.56,58,
"2012-09-17",22,2012-09-17 18:30:00,2325.21,2012-09-17 17:40:33,2087.99,166.36,2254.35,46.54,
"2012-09-17",23,2012-09-17 19:00:00,2220.21,2012-09-17 18:10:38,2003.03,157.33,2160.36,38.99,
"2012-09-17",24,2012-09-17 19:30:00,2189.579,2012-09-17 18:40:37,1960.02,143.23,2103.25,39.23,
"2012-09-17",25,2012-09-17 20:00:00,2100.675,2012-09-17 19:10:30,1880.95,156.74,2037.69,39.62,
"2012-09-17",26,2012-09-17 20:30:00,2030.106,2012-09-17 19:40:31,1815.45,164.28,1979.73,39.64,
"2012-09-17",27,2012-09-17 21:00:00,1904.407,2012-09-17 20:11:02,1706.63,183.15,1889.78,39.66,
"2012-09-17",28,2012-09-17 21:30:00,1810.031,2012-09-17 20:41:11,1604.89,195.75,1800.64,38.88,
"2012-09-17",29,2012-09-17 22:00:00,1713.943,2012-09-17 21:11:05,1505.34,210.98,1716.32,37.42,
"2012-09-17",30,2012-09-17 22:30:00,1654.949,2012-09-17 21:41:11,1431.58,188,1619.58,36.31,
"2012-09-17",31,2012-09-17 23:00:00,1612.483,2012-09-17 22:11:22,1325.02,216.58,1541.6,31.02,
"2012-09-17",32,2012-09-17 23:30:00,1550.344,2012-09-17 22:41:25,1252.02,240.26,1492.28,22.84,
"2012-09-17",33,2012-09-18 00:00:00,1502.846,2012-09-17 23:11:13,1347.33,106.65,1453.98,44.06,
"2012-09-17",34,2012-09-18 00:30:00,1474.263,2012-09-17 23:11:14,1314.61,109.53,1424.14,56.55,
"2012-09-17",35,2012-09-18 01:00:00,1453.277,2012-09-17 23:11:14,1248.47,159.52,1407.99,39.49,
"2012-09-17",36,2012-09-18 01:30:00,1448.342,2012-09-18 00:41:52,1224.89,179.71,1404.6,39.49,
"2012-09-17",37,2012-09-18 02:00:00,1409.9,2012-09-18 01:11:35,1206.31,169.02,1375.33,39.49,
"2012-09-17",38,2012-09-18 02:30:00,1393.939,2012-09-18 01:41:29,1183.2,178.81,1362.01,36.22,
"2012-09-17",39,2012-09-18 03:00:00,1411.226,2012-09-18 02:11:48,1149.51,190.96,1340.47,7.3,
"2012-09-17",40,2012-09-18 03:30:00,1413.836,2012-09-18 02:41:49,1167.11,190.05,1357.16,36.01,
"2012-09-17",41,2012-09-18 04:00:00,1411.75,2012-09-18 03:11:45,1161.82,205.55,1367.37,6.92,
"2012-09-17",42,2012-09-18 04:30:00,1458.653,2012-09-18 03:42:24,1242.48,178.57,1421.05,36.02,
"2012-09-17",43,2012-09-18 05:00:00,1556.292,2012-09-18 04:11:57,1337.7,180.89,1518.59,14.97,
"2012-09-17",44,2012-09-18 05:30:00,1610.518,2012-09-18 04:42:04,1484.89,158.64,1643.53,35.63,
"2012-09-17",45,2012-09-18 06:00:00,1772.338,2012-09-18 05:12:16,1609.05,185.91,1794.96,31.28,
"2012-09-17",46,2012-09-18 06:30:00,1937.155,2012-09-18 05:42:17,1733.64,198.23,1931.87,34.94,
"2012-09-17",47,2012-09-18 07:00:00,2067.314,2012-09-18 06:12:35,1902.37,136.31,2038.68,58.91,
"2012-09-17",48,2012-09-18 07:30:00,2032.284,2012-09-18 06:42:41,1960.29,110.15,2070.44,58.71,
"2012-09-18",1,2012-09-18 08:00:00,2046.803,2012-09-18 07:12:26,1895.32,182.25,2077.57,41.05,
"2012-09-18",2,2012-09-18 08:30:00,2030.401,2012-09-18 07:42:50,1864.95,228.08,2093.03,39.12,
"2012-09-18",3,2012-09-18 09:00:00,2051.473,2012-09-18 08:12:39,1846.56,230.23,2076.79,39.24,
"2012-09-18",4,2012-09-18 09:30:00,2079.857,2012-09-18 08:43:13,1837.22,243.89,2081.11,39.25,
"2012-09-18",5,2012-09-18 10:00:00,2075.866,2012-09-18 09:13:20,1831.54,231.8,2063.34,39.24,
"2012-09-18",6,2012-09-18 10:30:00,2073.518,2012-09-18 09:43:11,1788.01,251.35,2039.36,39.23,
"2012-09-18",7,2012-09-18 11:00:00,2090.906,2012-09-18 10:13:28,1808.92,253.99,2062.91,39.23,
"2012-09-18",8,2012-09-18 11:30:00,2093.806,2012-09-18 10:43:26,1824.14,242.25,2066.39,39.23,
"2012-09-18",9,2012-09-18 12:00:00,2077.156,2012-09-18 11:13:12,1815.99,237.89,2053.88,39.23,
"2012-09-18",10,2012-09-18 12:30:00,2070.926,2012-09-18 11:43:44,1782.63,245.74,2028.37,39.23,
"2012-09-18",11,2012-09-18 13:00:00,2085.174,2012-09-18 12:13:41,1788.58,247.17,2035.75,39.23,
"2012-09-18",12,2012-09-18 13:30:00,2092.381,2012-09-18 12:43:56,1817.56,236.05,2053.61,39.23,
"2012-09-18",13,2012-09-18 14:00:00,2081.694,2012-09-18 13:13:54,1833.64,228.16,2061.8,39.23,
"2012-09-18",14,2012-09-18 14:30:00,2097.554,2012-09-18 13:43:48,1857.23,225.97,2083.2,39.23,
"2012-09-18",15,2012-09-18 15:00:00,2120.625,2012-09-18 14:14:04,1843.37,226.54,2069.91,39.23,
"2012-09-18",16,2012-09-18 15:30:00,2144.848,2012-09-18 14:44:15,1891.13,220.16,2111.29,57.84,
"2012-09-18",17,2012-09-18 16:00:00,2132.719,2012-09-18 15:14:04,1889.79,225.29,2115.08,52,
"2012-09-18",18,2012-09-18 16:30:00,2155.45,2012-09-18 15:44:17,1941.54,216.66,2158.2,58,
"2012-09-18",19,2012-09-18 17:00:00,2181.725,2012-09-18 16:14:08,2005.62,204.13,2209.75,58.65,
"2012-09-18",20,2012-09-18 17:30:00,2249.914,2012-09-18 16:44:05,2070.74,174.7,2245.44,58.59,
"2012-09-18",21,2012-09-18 18:00:00,2355.066,2012-09-18 17:14:38,2183.11,162.12,2345.23,58.53,
"2012-09-18",22,2012-09-18 18:30:00,2439.709,2012-09-18 17:44:13,2195.09,133.83,2328.92,58.65,
"2012-09-18",23,2012-09-18 19:00:00,2305.383,2012-09-18 18:14:44,2145.57,109.02,2254.59,58.6,
"2012-09-18",24,2012-09-18 19:30:00,2289.103,2012-09-18 18:44:33,2070.51,127.76,2198.27,56,
"2012-09-18",25,2012-09-18 20:00:00,2201.536,2012-09-18 19:14:26,1994.77,134.1,2128.87,38.9,
"2012-09-18",26,2012-09-18 20:30:00,2136.1,2012-09-18 19:44:34,1946.66,117.94,2064.6,41.05,
"2012-09-18",27,2012-09-18 21:00:00,2045.375,2012-09-18 20:14:54,1858.49,114.68,1973.17,39.24,
"2012-09-18",28,2012-09-18 21:30:00,1914.659,2012-09-18 20:40:01,1755.54,119,1874.54,39.21,
"2012-09-18",29,2012-09-18 22:00:00,1833.454,2012-09-18 21:10:15,1618.51,121.37,1739.88,38.33,
"2012-09-18",30,2012-09-18 22:30:00,1746.612,2012-09-18 21:40:14,1562.33,135.66,1697.99,37.23,
"2012-09-18",31,2012-09-18 23:00:00,1676.802,2012-09-18 22:09:53,1517.36,126.49,1643.85,39.21,
"2012-09-18",32,2012-09-18 23:30:00,1599.55,2012-09-18 22:44:59,1475.16,115.49,1590.65,47.06,
"2012-09-18",33,2012-09-19 00:00:00,1546.048,2012-09-18 23:10:35,1450.48,99.34,1549.82,59.58,
"2012-09-18",34,2012-09-19 00:30:00,1514.846,2012-09-18 23:10:35,1451.81,79.95,1531.76,60.07,
"2012-09-18",35,2012-09-19 01:00:00,1494.329,2012-09-18 23:10:35,1458.5,53.54,1512.04,60.49,
"2012-09-18",36,2012-09-19 01:30:00,1517.653,2012-09-19 00:40:21,1451.92,49.04,1500.96,60.67,
"2012-09-18",37,2012-09-19 02:00:00,1490.215,2012-09-19 01:10:47,1422.57,53.98,1476.55,57.77,
"2012-09-18",38,2012-09-19 02:30:00,1485.061,2012-09-19 01:41:02,1462.77,39.47,1502.24,57.77,
"2012-09-18",39,2012-09-19 03:00:00,1502.981,2012-09-19 02:10:44,1475.18,31.36,1506.54,57.69,
"2012-09-18",40,2012-09-19 03:30:00,1492.703,2012-09-19 02:41:19,1493.97,21.08,1515.05,57.5,
"2012-09-18",41,2012-09-19 04:00:00,1530.143,2012-09-19 03:11:24,1524.29,18.94,1543.23,57.28,
"2012-09-18",42,2012-09-19 04:30:00,1587.412,2012-09-19 03:41:32,1557.27,23.85,1581.12,57.22,
"2012-09-18",43,2012-09-19 05:00:00,1675.39,2012-09-19 04:11:32,1641.05,22.24,1663.29,56.82,
"2012-09-18",44,2012-09-19 05:30:00,1788.486,2012-09-19 04:41:10,1737.88,21.5,1759.38,56.64,
"2012-09-18",45,2012-09-19 06:00:00,1918.954,2012-09-19 05:11:16,1848.99,18.73,1867.72,53.41,
"2012-09-18",46,2012-09-19 06:30:00,2072.103,2012-09-19 05:41:17,1974.15,15.4,1989.55,57.36,
"2012-09-18",47,2012-09-19 07:00:00,2145.89,2012-09-19 06:11:27,2093.89,16.2,2110.09,65.65,
"2012-09-18",48,2012-09-19 07:30:00,2129.927,2012-09-19 06:41:43,2122.49,18.3,2140.79,59.98,
"2012-09-19",1,2012-09-19 08:00:00,2093.211,2012-09-19 07:11:24,2100.27,18.78,2119.05,58.46,
"2012-09-19",2,2012-09-19 08:30:00,2088.419,2012-09-19 07:41:34,2067.7,18.75,2086.45,58.5,
"2012-09-19",3,2012-09-19 09:00:00,2110.453,2012-09-19 08:12:03,2061.5,17.62,2079.12,58.5,
"2012-09-19",4,2012-09-19 09:30:00,2099.837,2012-09-19 08:42:10,2050.58,19.45,2070.03,58.5,
"2012-09-19",5,2012-09-19 10:00:00,2091.23,2012-09-19 09:11:45,2025.45,20.64,2046.09,58.5,
"2012-09-19",6,2012-09-19 10:30:00,2044.537,2012-09-19 09:42:17,2009.56,27.52,2037.08,58.5,
"2012-09-19",7,2012-09-19 11:00:00,2082.507,2012-09-19 10:12:21,2006.15,28.73,2034.88,58.5,
"2012-09-19",8,2012-09-19 11:30:00,2088.339,2012-09-19 10:42:02,1979.61,45.25,2024.86,58.5,
"2012-09-19",9,2012-09-19 12:00:00,2048.87,2012-09-19 11:12:33,1969.54,62.42,2031.96,57.84,
"2012-09-19",10,2012-09-19 12:30:00,2072.942,2012-09-19 11:42:27,1986.04,61.43,2047.47,58.49,
"2012-09-19",11,2012-09-19 13:00:00,2087.674,2012-09-19 12:12:39,1950.37,84.37,2034.74,57.84,
"2012-09-19",12,2012-09-19 13:30:00,2077.796,2012-09-19 12:42:20,1942.79,85.22,2028.01,57.33,
"2012-09-19",13,2012-09-19 14:00:00,2067.089,2012-09-19 13:12:35,1936.9,87.56,2024.46,57.33,
"2012-09-19",14,2012-09-19 14:30:00,2077.043,2012-09-19 13:42:32,1952.13,86.52,2038.65,58.48,
"2012-09-19",15,2012-09-19 15:00:00,2071.697,2012-09-19 14:12:58,1981.51,87.05,2068.56,58.51,
"2012-09-19",16,2012-09-19 15:30:00,2062.119,2012-09-19 14:43:09,2006.5,84.83,2091.33,58.53,
"2012-09-19",17,2012-09-19 16:00:00,2082.27,2012-09-19 15:12:46,2038.42,65.56,2103.98,58.56,
"2012-09-19",18,2012-09-19 16:30:00,2147.557,2012-09-19 15:43:15,2081.72,57.16,2138.88,58.56,
"2012-09-19",19,2012-09-19 17:00:00,2144.299,2012-09-19 16:13:23,2148.09,57.72,2205.81,58.53,
"2012-09-19",20,2012-09-19 17:30:00,2237.907,2012-09-19 16:43:17,2218.01,43.01,2261.02,58.49,
"2012-09-19",21,2012-09-19 18:00:00,2361.665,2012-09-19 17:13:27,2281.56,50.81,2332.37,58.45,
"2012-09-19",22,2012-09-19 18:30:00,2347.832,2012-09-19 17:43:18,2292.17,48.38,2340.55,58.45,
"2012-09-19",23,2012-09-19 19:00:00,2300.597,2012-09-19 18:13:13,2183.47,78.46,2261.93,58.49,
"2012-09-19",24,2012-09-19 19:30:00,2289.991,2012-09-19 18:43:35,2117.37,94.33,2211.7,58.53,
"2012-09-19",25,2012-09-19 20:00:00,2198.865,2012-09-19 19:13:30,2045.79,103.53,2149.32,58.56,
"2012-09-19",26,2012-09-19 20:30:00,2130.455,2012-09-19 19:43:54,1958.54,116.54,2075.08,57.42,
"2012-09-19",27,2012-09-19 21:00:00,2019.376,2012-09-19 20:13:48,1874.42,116.83,1991.25,41.05,
"2012-09-19",28,2012-09-19 21:30:00,1920.775,2012-09-19 20:43:46,1813.55,75.87,1889.42,39.34,
"2012-09-19",29,2012-09-19 22:00:00,1842.906,2012-09-19 21:13:53,1732.48,48.15,1780.63,39.41,
"2012-09-19",30,2012-09-19 22:30:00,1787.972,2012-09-19 21:43:55,1656.55,44.89,1701.44,37.21,
"2012-09-19",31,2012-09-19 23:00:00,1703.864,2012-09-19 22:14:18,1540.74,94.82,1635.56,53.39,
"2012-09-19",32,2012-09-19 23:30:00,1654.036,2012-09-19 22:44:18,1469.96,101.09,1571.05,47.06,
"2012-09-19",33,2012-09-20 00:00:00,1593.366,2012-09-19 23:14:12,1418.7,117.43,1536.13,47.06,
"2012-09-19",34,2012-09-20 00:30:00,1565.329,2012-09-19 23:14:12,1417.31,112.77,1530.08,58.3,
"2012-09-19",35,2012-09-20 01:00:00,1544.374,2012-09-19 23:14:12,1403.03,111.47,1514.5,58.64,
"2012-09-19",36,2012-09-20 01:30:00,1479.822,2012-09-20 00:44:45,1396.68,109.97,1506.65,59.62,
"2012-09-19",37,2012-09-20 02:00:00,1486.045,2012-09-20 01:14:25,1378.32,118.87,1497.19,58.16,
"2012-09-19",38,2012-09-20 02:30:00,1504.016,2012-09-20 01:44:58,1374.13,128.6,1502.73,58.12,
"2012-09-19",39,2012-09-20 03:00:00,1498.224,2012-09-20 02:09:40,1353.96,151.26,1505.22,54.21,
"2012-09-19",40,2012-09-20 03:30:00,1499.879,2012-09-20 02:41:00,1354.42,147.57,1501.99,54.08,
"2012-09-19",41,2012-09-20 04:00:00,1516.443,2012-09-20 03:14:46,1392.28,137.9,1530.18,57.66,
"2012-09-19",42,2012-09-20 04:30:00,1579.431,2012-09-20 03:39:50,1448.83,133.79,1582.62,57.52,
"2012-09-19",43,2012-09-20 05:00:00,1663.058,2012-09-20 04:09:51,1515.66,152.51,1668.17,39.27,
"2012-09-19",44,2012-09-20 05:30:00,1762.515,2012-09-20 04:40:35,1605.42,158.88,1764.3,36.21,
"2012-09-19",45,2012-09-20 06:00:00,1895.886,2012-09-20 05:10:05,1722.98,159.96,1882.94,37.37,
"2012-09-19",46,2012-09-20 06:30:00,2058.151,2012-09-20 05:40:08,1892.31,126.86,2019.17,39.39,
"2012-09-19",47,2012-09-20 07:00:00,2140.366,2012-09-20 06:10:44,2042.93,96.09,2139.02,58.44,
"2012-09-19",48,2012-09-20 07:30:00,2142.633,2012-09-20 06:40:37,2055.1,93.23,2148.33,58.48,
"2012-09-20",1,2012-09-20 08:00:00,2091.563,2012-09-20 07:10:52,2015.95,122.37,2138.32,58.35,
"2012-09-20",2,2012-09-20 08:30:00,2095.843,2012-09-20 07:40:55,1979.42,135.88,2115.3,58.35,
"2012-09-20",3,2012-09-20 09:00:00,2135.123,2012-09-20 08:10:49,2003.43,124.71,2128.14,58.37,
"2012-09-20",4,2012-09-20 09:30:00,2130.147,2012-09-20 08:41:08,1946.95,135.94,2082.89,57.29,
"2012-09-20",5,2012-09-20 10:00:00,2131.067,2012-09-20 09:11:05,1885.97,151.17,2037.14,39.31,
"2012-09-20",6,2012-09-20 10:30:00,2117.556,2012-09-20 09:41:07,1878.54,145.18,2023.72,39.3,
"2012-09-20",7,2012-09-20 11:00:00,2108.235,2012-09-20 10:11:13,1851.76,164.07,2015.83,39.3,
"2012-09-20",8,2012-09-20 11:30:00,2064.087,2012-09-20 10:41:06,1834.25,164.63,1998.88,39.3,
"2012-09-20",9,2012-09-20 12:00:00,2021.617,2012-09-20 11:11:23,1793.78,197.8,1991.58,39.27,
"2012-09-20",10,2012-09-20 12:30:00,2017.099,2012-09-20 11:41:25,1792.9,206.58,1999.48,39.27,
"2012-09-20",11,2012-09-20 13:00:00,2000.581,2012-09-20 12:11:46,1775.71,230.32,2006.03,39.27,
"2012-09-20",12,2012-09-20 13:30:00,2043.244,2012-09-20 12:41:53,1793.67,233.71,2027.38,39.3,
"2012-09-20",13,2012-09-20 14:00:00,2008.966,2012-09-20 13:11:53,1792.89,236.67,2029.56,39.3,
"2012-09-20",14,2012-09-20 14:30:00,2042.945,2012-09-20 13:41:53,1812.51,230.44,2042.95,39.3,
"2012-09-20",15,2012-09-20 15:00:00,2077.63,2012-09-20 14:12:02,1856.16,206.6,2062.76,39.3,
"2012-09-20",16,2012-09-20 15:30:00,2083.706,2012-09-20 14:41:37,1886.04,211.43,2097.47,41.05,
"2012-09-20",17,2012-09-20 16:00:00,2087.953,2012-09-20 15:11:47,1915.06,200.13,2115.19,56.2,
"2012-09-20",18,2012-09-20 16:30:00,2128.184,2012-09-20 15:42:13,1921.07,219.45,2140.52,57.28,
"2012-09-20",19,2012-09-20 17:00:00,2164.562,2012-09-20 16:11:53,2022.28,200.39,2222.67,58.36,
"2012-09-20",20,2012-09-20 17:30:00,2259.413,2012-09-20 16:41:58,2128.6,131.64,2260.24,58.33,
"2012-09-20",21,2012-09-20 18:00:00,2364.073,2012-09-20 17:12:13,2247.96,131.65,2379.61,58.3,
"2012-09-20",22,2012-09-20 18:30:00,2393.138,2012-09-20 17:42:27,2199.02,156.77,2355.79,58.3,
"2012-09-20",23,2012-09-20 19:00:00,2299.307,2012-09-20 18:12:13,2170.51,144.11,2314.62,58.27,
"2012-09-20",24,2012-09-20 19:30:00,2284.415,2012-09-20 18:42:24,2133.35,126.86,2260.21,58.3,
"2012-09-20",25,2012-09-20 20:00:00,2249.748,2012-09-20 19:12:19,2076.89,120.7,2197.59,58.33,
"2012-09-20",26,2012-09-20 20:30:00,2155.808,2012-09-20 19:42:56,1952.33,146.92,2099.25,57.25,
"2012-09-20",27,2012-09-20 21:00:00,2054.197,2012-09-20 20:12:42,1859.54,146.74,2006.28,39.29,
"2012-09-20",28,2012-09-20 21:30:00,1961.703,2012-09-20 20:43:00,1752.8,154.73,1907.53,39.27,
"2012-09-20",29,2012-09-20 22:00:00,1844.351,2012-09-20 21:12:42,1634.95,157.5,1792.45,38.28,
"2012-09-20",30,2012-09-20 22:30:00,1784.698,2012-09-20 21:42:46,1549.99,164.34,1714.33,37.21,
"2012-09-20",31,2012-09-20 23:00:00,1695.72,2012-09-20 22:12:49,1489.3,143.62,1632.92,39.44,
"2012-09-20",32,2012-09-20 23:30:00,1602.428,2012-09-20 22:43:05,1392.6,170.22,1562.82,35.09,
"2012-09-20",33,2012-09-21 00:00:00,1596.469,2012-09-20 23:13:02,1364.51,165.45,1529.96,35.13,
"2012-09-20",34,2012-09-21 00:30:00,1559.412,2012-09-20 23:13:02,1343.83,146.67,1490.5,39.32,
"2012-09-20",35,2012-09-21 01:00:00,1528.739,2012-09-20 23:13:02,1366.67,121.07,1487.74,47.06,
"2012-09-20",36,2012-09-21 01:30:00,1476.919,2012-09-21 00:43:40,1355.94,124.21,1480.15,54.98,
"2012-09-20",37,2012-09-21 02:00:00,1483.169,2012-09-21 01:13:51,1366.54,102.99,1469.53,55.31,
"2012-09-20",38,2012-09-21 02:30:00,1497.493,2012-09-21 01:43:59,1351.93,110.79,1462.72,47.06,
"2012-09-20",39,2012-09-21 03:00:00,1488.295,2012-09-21 02:08:53,1341.18,118.3,1459.48,47.06,
"2012-09-20",40,2012-09-21 03:30:00,1487.706,2012-09-21 02:43:58,1333.73,128.92,1462.65,47.06,
"2012-09-20",41,2012-09-21 04:00:00,1506.173,2012-09-21 03:14:09,1347.47,154.69,1502.16,47.06,
"2012-09-20",42,2012-09-21 04:30:00,1572.62,2012-09-21 03:43:48,1348.86,198.26,1547.12,39.32,
"2012-09-20",43,2012-09-21 05:00:00,1657.035,2012-09-21 04:14:23,1414.78,206.19,1620.97,39.29,
"2012-09-20",44,2012-09-21 05:30:00,1757.219,2012-09-21 04:44:27,1524.08,194.11,1718.19,39.28,
"2012-09-20",45,2012-09-21 06:00:00,1887.172,2012-09-21 05:14:07,1655.6,213.58,1869.18,39.28,
"2012-09-20",46,2012-09-21 06:30:00,2048.785,2012-09-21 05:44:26,1801.65,206.88,2008.53,60.44,
"2012-09-20",47,2012-09-21 07:00:00,2134.354,2012-09-21 06:14:18,1948.64,167.83,2116.47,68.45,
"2012-09-20",48,2012-09-21 07:30:00,2088.508,2012-09-21 06:44:20,2021.42,152.9,2174.32,79.81,
"2012-09-21",1,2012-09-21 08:00:00,2113.377,2012-09-21 07:14:22,1928.89,192.26,2121.15,60.48,
"2012-09-21",2,2012-09-21 08:30:00,2058.873,2012-09-21 07:44:49,1909.61,230.39,2140,60.51,
"2012-09-21",3,2012-09-21 09:00:00,2124.753,2012-09-21 08:14:36,1879.38,265.86,2145.24,57.15,
"2012-09-21",4,2012-09-21 09:30:00,2091.287,2012-09-21 08:44:48,1817.12,312.93,2130.05,39.28,
"2012-09-21",5,2012-09-21 10:00:00,2115.702,2012-09-21 09:14:42,1771.17,328.69,2099.86,39.29,
"2012-09-21",6,2012-09-21 10:30:00,2116.188,2012-09-21 09:39:47,1783.18,314.53,2097.71,39.3,
"2012-09-21",7,2012-09-21 11:00:00,2260.219,2012-09-21 10:10:16,1779.22,339.31,2118.53,39.3,
"2012-09-21",8,2012-09-21 11:30:00,2112.429,2012-09-21 10:40:15,1820.98,333.45,2154.43,39.34,
"2012-09-21",9,2012-09-21 12:00:00,2104.102,2012-09-21 11:10:01,1773.9,338.23,2112.13,39.3,
"2012-09-21",10,2012-09-21 12:30:00,2113.02,2012-09-21 11:40:38,1745.27,342.81,2088.08,39.3,
"2012-09-21",11,2012-09-21 13:00:00,2132.299,2012-09-21 12:10:25,1783.57,340.79,2124.36,39.3,
"2012-09-21",12,2012-09-21 13:30:00,2113.55,2012-09-21 12:40:51,1774.45,338.02,2112.47,39.3,
"2012-09-21",13,2012-09-21 14:00:00,2097.289,2012-09-21 13:10:47,1771.37,336.61,2107.98,39.3,
"2012-09-21",14,2012-09-21 14:30:00,2134.578,2012-09-21 13:40:44,1769.27,336.25,2105.52,39.3,
"2012-09-21",15,2012-09-21 15:00:00,2131.784,2012-09-21 14:10:57,1780.82,324.65,2105.47,39.3,
"2012-09-21",16,2012-09-21 15:30:00,2166.284,2012-09-21 14:41:07,1824.29,329.63,2153.92,39.34,
"2012-09-21",17,2012-09-21 16:00:00,2171.418,2012-09-21 15:10:52,1862.86,327.4,2190.26,39.34,
"2012-09-21",18,2012-09-21 16:30:00,2197.969,2012-09-21 15:41:11,1924.42,327.56,2251.98,57.19,
"2012-09-21",19,2012-09-21 17:00:00,2239.18,2012-09-21 16:11:18,1975.25,327.57,2302.82,60.56,
"2012-09-21",20,2012-09-21 17:30:00,2325.797,2012-09-21 16:41:27,2040.44,304.49,2344.93,60.52,
"2012-09-21",21,2012-09-21 18:00:00,2435.271,2012-09-21 17:11:34,2142.06,299.17,2441.23,60.5,
"2012-09-21",22,2012-09-21 18:30:00,2443.974,2012-09-21 17:41:24,2113.54,305.43,2418.97,60.5,
"2012-09-21",23,2012-09-21 19:00:00,2374.325,2012-09-21 18:11:10,2032.22,303.79,2336.01,60.51,
"2012-09-21",24,2012-09-21 19:30:00,2307.395,2012-09-21 18:41:49,1982.09,291,2273.09,60.54,
"2012-09-21",25,2012-09-21 20:00:00,2257.56,2012-09-21 19:11:26,1921.16,279.86,2201.02,57.19,
"2012-09-21",26,2012-09-21 20:30:00,2231.602,2012-09-21 19:41:55,1848.46,294.2,2142.66,39.37,
"2012-09-21",27,2012-09-21 21:00:00,2140.459,2012-09-21 20:11:37,1762.12,317.16,2079.28,39.34,
"2012-09-21",28,2012-09-21 21:30:00,2034.597,2012-09-21 20:41:56,1662.02,303.4,1965.42,39.32,
"2012-09-21",29,2012-09-21 22:00:00,1942.505,2012-09-21 21:11:40,1565.58,302,1867.58,39.34,
"2012-09-21",30,2012-09-21 22:30:00,1843.282,2012-09-21 21:42:02,1497.54,281.3,1778.84,39.34,
"2012-09-21",31,2012-09-21 23:00:00,1777.425,2012-09-21 22:12:06,1405.11,299.23,1704.34,39.34,
"2012-09-21",32,2012-09-21 23:30:00,1702.755,2012-09-21 22:42:26,1353.39,275.78,1629.17,39.36,
"2012-09-21",33,2012-09-22 00:00:00,1608.204,2012-09-21 23:12:27,1315.77,287.9,1603.67,41.05,
"2012-09-21",34,2012-09-22 00:30:00,1560.446,2012-09-21 23:12:27,1255.03,282.87,1537.9,39.43,
"2012-09-21",35,2012-09-22 01:00:00,1524.497,2012-09-21 23:12:28,1238.66,291.44,1530.1,39.44,
"2012-09-21",36,2012-09-22 01:30:00,1503.142,2012-09-22 00:42:25,1220.83,285.16,1505.99,54.04,
"2012-09-21",37,2012-09-22 02:00:00,1474.263,2012-09-22 01:12:40,1239.09,269.52,1508.61,55.54,
"2012-09-21",38,2012-09-22 02:30:00,1486.229,2012-09-22 01:42:43,1263.03,231.42,1494.45,55.56,
"2012-09-21",39,2012-09-22 03:00:00,1476.665,2012-09-22 02:12:36,1260.38,218.12,1478.5,55.59,
"2012-09-21",40,2012-09-22 03:30:00,1481.425,2012-09-22 02:43:42,1291.87,203.59,1495.46,55.62,
"2012-09-21",41,2012-09-22 04:00:00,1490.798,2012-09-22 03:12:52,1290.3,226.52,1516.82,55.65,
"2012-09-21",42,2012-09-22 04:30:00,1524.35,2012-09-22 03:42:54,1298.24,235.42,1533.66,55.71,
"2012-09-21",43,2012-09-22 05:00:00,1561.999,2012-09-22 04:13:06,1340.17,223.65,1563.82,41.05,
"2012-09-21",44,2012-09-22 05:30:00,1598.591,2012-09-22 04:43:27,1363.82,223.61,1587.43,39.69,
"2012-09-21",45,2012-09-22 06:00:00,1658.797,2012-09-22 05:13:29,1424.8,186.37,1611.17,31.85,
"2012-09-21",46,2012-09-22 06:30:00,1723.32,2012-09-22 05:43:26,1494.65,179.28,1673.93,52.98,
"2012-09-21",47,2012-09-22 07:00:00,1794.123,2012-09-22 06:13:39,1620.58,148.43,1769.01,52.94,
"2012-09-21",48,2012-09-22 07:30:00,1823.341,2012-09-22 06:43:17,1644.34,204.25,1848.59,55.43,
"2012-09-22",1,2012-09-22 08:00:00,1900.312,2012-09-22 07:13:47,1717.13,199.52,1916.65,55.43,
"2012-09-22",2,2012-09-22 08:30:00,1872.232,2012-09-22 07:43:53,1711.79,218.91,1930.7,55.43,
"2012-09-22",3,2012-09-22 09:00:00,1899.235,2012-09-22 08:13:41,1711.53,206.45,1917.98,55.43,
"2012-09-22",4,2012-09-22 09:30:00,1885.476,2012-09-22 08:43:38,1671.54,236.46,1908,55.43,
"2012-09-22",5,2012-09-22 10:00:00,1847.69,2012-09-22 09:14:09,1642.83,242.31,1885.14,52.79,
"2012-09-22",6,2012-09-22 10:30:00,1869.025,2012-09-22 09:44:14,1593.24,254.34,1847.58,39.38,
"2012-09-22",7,2012-09-22 11:00:00,1842.771,2012-09-22 10:14:22,1583.7,250.91,1834.61,39.38,
"2012-09-22",8,2012-09-22 11:30:00,1845.315,2012-09-22 10:44:14,1587.59,230.06,1817.65,39.38,
"2012-09-22",9,2012-09-22 12:00:00,1781.39,2012-09-22 11:14:33,1590.43,219.41,1809.84,39.38,
"2012-09-22",10,2012-09-22 12:30:00,1767.898,2012-09-22 11:44:11,1582.31,209.12,1791.43,39.37,
"2012-09-22",11,2012-09-22 13:00:00,1769.074,2012-09-22 12:14:42,1552.66,198.88,1751.54,39.36,
"2012-09-22",12,2012-09-22 13:30:00,1787.878,2012-09-22 12:44:44,1554.13,193.68,1747.81,39.35,
"2012-09-22",13,2012-09-22 14:00:00,1758.192,2012-09-22 13:14:36,1564.56,166.86,1731.42,39.34,
"2012-09-22",14,2012-09-22 14:30:00,1742.47,2012-09-22 13:44:37,1608.49,166.6,1775.09,39.34,
"2012-09-22",15,2012-09-22 15:00:00,1752.148,2012-09-22 14:14:46,1672.75,142.93,1815.68,52.76,
"2012-09-22",16,2012-09-22 15:30:00,1789.498,2012-09-22 14:44:59,1727.77,128.46,1856.23,55.4,
"2012-09-22",17,2012-09-22 16:00:00,1888.213,2012-09-22 15:14:59,1773.86,132.74,1906.6,55.36,
"2012-09-22",18,2012-09-22 16:30:00,1959.711,2012-09-22 15:44:47,1779.58,166.33,1945.91,55.29,
"2012-09-22",19,2012-09-22 17:00:00,2034.385,2012-09-22 16:09:51,1890.16,156.79,2046.95,62.52,
"2012-09-22",20,2012-09-22 17:30:00,2140.74,2012-09-22 16:40:03,2018.17,123.6,2141.77,66.62,
"2012-09-22",21,2012-09-22 18:00:00,2203.635,2012-09-22 17:10:33,2182.14,113.26,2295.4,70.8,
"2012-09-22",22,2012-09-22 18:30:00,2210.851,2012-09-22 17:40:26,2179.4,111.18,2290.58,73.48,
"2012-09-22",23,2012-09-22 19:00:00,2172.486,2012-09-22 18:10:29,2113.46,121.19,2234.65,75.52,
"2012-09-22",24,2012-09-22 19:30:00,2170.803,2012-09-22 18:40:44,2082.98,110.97,2193.95,69.61,
"2012-09-22",25,2012-09-22 20:00:00,2142.491,2012-09-22 19:10:39,2042.89,120.42,2163.31,64.76,
"2012-09-22",26,2012-09-22 20:30:00,2116.89,2012-09-22 19:40:42,1979.47,140.54,2120.01,60.7,
"2012-09-22",27,2012-09-22 21:00:00,2058.438,2012-09-22 20:10:30,1893.07,157.15,2050.22,61.6,
"2012-09-22",28,2012-09-22 21:30:00,1994.916,2012-09-22 20:41:02,1827.59,162.73,1990.32,63.96,
"2012-09-22",29,2012-09-22 22:00:00,1912.579,2012-09-22 21:11:09,1719.15,172.33,1891.48,39.12,
"2012-09-22",30,2012-09-22 22:30:00,1854.438,2012-09-22 21:40:48,1641.28,191.27,1832.55,39.03,
"2012-09-22",31,2012-09-22 23:00:00,1798.812,2012-09-22 22:11:09,1552.6,187.43,1740.03,30.98,
"2012-09-22",32,2012-09-22 23:30:00,1725.626,2012-09-22 22:41:15,1484.82,183.11,1667.93,47.06,
"2012-09-22",33,2012-09-23 00:00:00,1699.89,2012-09-22 23:11:15,1442.45,171.27,1613.72,55.35,
"2012-09-22",34,2012-09-23 00:30:00,1656.282,2012-09-22 23:11:15,1386.23,168.12,1554.35,39.34,
"2012-09-22",35,2012-09-23 01:00:00,1624.391,2012-09-22 23:11:15,1374.49,166.14,1540.63,47.06,
"2012-09-22",36,2012-09-23 01:30:00,1567.115,2012-09-23 00:41:42,1366.48,168.67,1535.15,55.47,
"2012-09-22",37,2012-09-23 02:00:00,1493.854,2012-09-23 01:11:19,1307.99,194.93,1502.92,39.4,
"2012-09-22",38,2012-09-23 02:30:00,1454.821,2012-09-23 01:41:26,1281.5,201.58,1483.08,39.41,
"2012-09-22",39,2012-09-23 03:00:00,1503.386,2012-09-23 02:12:01,1283.14,206.33,1489.47,39.41,
"2012-09-22",40,2012-09-23 03:30:00,1497.591,2012-09-23 02:44:05,1270.69,210.76,1481.45,39.42,
"2012-09-22",41,2012-09-23 04:00:00,1485.427,2012-09-23 03:12:07,1263.99,235.39,1499.38,39.43,
"2012-09-22",42,2012-09-23 04:30:00,1495.896,2012-09-23 03:42:17,1240.53,258.36,1498.89,35.53,
"2012-09-22",43,2012-09-23 05:00:00,1520.594,2012-09-23 04:12:15,1252.5,267.81,1520.31,35.54,
"2012-09-22",44,2012-09-23 05:30:00,1546.918,2012-09-23 04:42:13,1233.88,269.87,1503.75,5.9,
"2012-09-22",45,2012-09-23 06:00:00,1555.859,2012-09-23 05:12:02,1294.41,260.85,1555.26,2.82,
"2012-09-22",46,2012-09-23 06:30:00,1619.505,2012-09-23 05:42:29,1375.18,217.95,1593.13,35.38,
"2012-09-22",47,2012-09-23 07:00:00,1671.285,2012-09-23 06:12:24,1448,165.54,1613.54,31.5,
"2012-09-22",48,2012-09-23 07:30:00,1722.877,2012-09-23 06:42:27,1545.57,130.31,1675.88,39.38,
"2012-09-23",1,2012-09-23 08:00:00,1752.77,2012-09-23 07:12:52,1582.63,132.56,1715.19,38.07,
"2012-09-23",2,2012-09-23 08:30:00,1707.222,2012-09-23 07:42:53,1606.76,118.88,1725.64,38.07,
"2012-09-23",3,2012-09-23 09:00:00,1726.008,2012-09-23 08:12:48,1641.39,97.58,1738.97,39.38,
"2012-09-23",4,2012-09-23 09:30:00,1722.281,2012-09-23 08:42:36,1640.38,86.41,1726.79,39.38,
"2012-09-23",5,2012-09-23 10:00:00,1699.384,2012-09-23 09:13:03,1626.11,63.5,1689.61,39.38,
"2012-09-23",6,2012-09-23 10:30:00,1684.089,2012-09-23 09:43:12,1649.14,50.43,1699.57,39.38,
"2012-09-23",7,2012-09-23 11:00:00,1683.171,2012-09-23 10:12:54,1626.54,35.38,1661.92,38.07,
"2012-09-23",8,2012-09-23 11:30:00,1682.774,2012-09-23 10:43:08,1613.37,37,1650.37,38.07,
"2012-09-23",9,2012-09-23 12:00:00,1664.573,2012-09-23 11:13:14,1623.54,30.09,1653.63,38.07,
"2012-09-23",10,2012-09-23 12:30:00,1642.107,2012-09-23 11:43:10,1598.88,30.47,1629.35,39.38,
"2012-09-23",11,2012-09-23 13:00:00,1605.244,2012-09-23 12:13:18,1600.72,29.54,1630.26,39.38,
"2012-09-23",12,2012-09-23 13:30:00,1599.229,2012-09-23 12:43:40,1585.79,43.92,1629.71,38.07,
"2012-09-23",13,2012-09-23 14:00:00,1617.493,2012-09-23 13:13:48,1565.87,55.48,1621.35,35.21,
"2012-09-23",14,2012-09-23 14:30:00,1637.985,2012-09-23 13:43:54,1595.07,62.43,1657.5,39.38,
"2012-09-23",15,2012-09-23 15:00:00,1682.952,2012-09-23 14:13:53,1620.04,62.64,1682.68,39.38,
"2012-09-23",16,2012-09-23 15:30:00,1701.503,2012-09-23 14:44:08,1670.08,57.82,1727.9,39.38,
"2012-09-23",17,2012-09-23 16:00:00,1763.507,2012-09-23 15:13:57,1716.88,59.4,1776.28,44.06,
"2012-09-23",18,2012-09-23 16:30:00,1826.291,2012-09-23 15:44:03,1786.66,62.36,1849.02,58.69,
"2012-09-23",19,2012-09-23 17:00:00,1957.903,2012-09-23 16:14:16,1858.18,60.41,1918.59,58.87,
"2012-09-23",20,2012-09-23 17:30:00,2063.245,2012-09-23 16:44:17,1983.47,70.75,2054.22,62.09,
"2012-09-23",21,2012-09-23 18:00:00,2213.501,2012-09-23 17:14:24,2152.94,97.03,2249.97,65.77,
"2012-09-23",22,2012-09-23 18:30:00,2182.792,2012-09-23 17:44:24,2183.97,114.75,2298.72,68.69,
"2012-09-23",23,2012-09-23 19:00:00,2152.053,2012-09-23 18:14:23,2132.87,133.09,2265.96,69.78,
"2012-09-23",24,2012-09-23 19:30:00,2237.674,2012-09-23 18:44:23,2114.42,117.37,2231.79,66.07,
"2012-09-23",25,2012-09-23 20:00:00,2187.272,2012-09-23 19:14:42,2037.99,118.69,2156.68,62.73,
"2012-09-23",26,2012-09-23 20:30:00,2112.206,2012-09-23 19:44:59,1954.59,138.87,2093.46,59.01,
"2012-09-23",27,2012-09-23 21:00:00,2013.458,2012-09-23 20:14:55,1849.18,147.11,1996.29,58.08,
"2012-09-23",28,2012-09-23 21:30:00,1944.921,2012-09-23 20:39:37,1716.18,152.34,1868.52,39.12,
"2012-09-23",29,2012-09-23 22:00:00,1825.14,2012-09-23 21:14:44,1614.25,143.48,1757.73,39.07,
"2012-09-23",30,2012-09-23 22:30:00,1732.743,2012-09-23 21:40:01,1476.02,159.18,1635.2,39.01,
"2012-09-23",31,2012-09-23 23:00:00,1669.256,2012-09-23 22:14:50,1398.67,158.94,1557.61,39.07,
"2012-09-23",32,2012-09-23 23:30:00,1554.296,2012-09-23 22:40:12,1332.44,183.34,1515.78,39.24,
"2012-09-23",33,2012-09-24 00:00:00,1526.959,2012-09-23 23:10:17,1287.61,196.2,1483.81,39.26,
"2012-09-23",34,2012-09-24 00:30:00,1491.742,2012-09-23 23:10:17,1262.95,189.47,1452.42,39.28,
"2012-09-23",35,2012-09-24 01:00:00,1469.438,2012-09-23 23:10:17,1257.97,161.49,1419.46,39.31,
"2012-09-23",36,2012-09-24 01:30:00,1427.298,2012-09-24 00:40:38,1251.73,164.73,1416.46,39.32,
"2012-09-23",37,2012-09-24 02:00:00,1408.395,2012-09-24 01:10:57,1230.94,176.69,1407.63,39.34,
"2012-09-23",38,2012-09-24 02:30:00,1412.023,2012-09-24 01:41:01,1219.1,182.46,1401.56,39.32,
"2012-09-23",39,2012-09-24 03:00:00,1395.139,2012-09-24 02:10:41,1235.88,179.77,1415.65,39.31,
"2012-09-23",40,2012-09-24 03:30:00,1420.404,2012-09-24 02:42:34,1257.41,176.93,1434.34,39.29,
"2012-09-23",41,2012-09-24 04:00:00,1444.546,2012-09-24 03:11:17,1255.63,182.48,1438.11,39.27,
"2012-09-23",42,2012-09-24 04:30:00,1514.852,2012-09-24 03:40:56,1313.05,184.33,1497.38,39.24,
"2012-09-23",43,2012-09-24 05:00:00,1601.341,2012-09-24 04:11:34,1389.58,195.91,1585.49,14.7,
"2012-09-23",44,2012-09-24 05:30:00,1719.821,2012-09-24 04:41:05,1509.66,215.2,1724.86,22.79,
"2012-09-23",45,2012-09-24 06:00:00,1859.861,2012-09-24 05:11:30,1668.45,221.66,1890.11,31.09,
"2012-09-23",46,2012-09-24 06:30:00,2044.856,2012-09-24 05:41:07,1827.19,219.23,2046.42,38.93,
"2012-09-23",47,2012-09-24 07:00:00,2152.309,2012-09-24 06:11:13,1959.49,191.71,2151.2,70.7,
"2012-09-23",48,2012-09-24 07:30:00,2150.027,2012-09-24 06:41:18,1958.6,179.92,2138.52,57.76,
"2012-09-24",1,2012-09-24 08:00:00,2136.764,2012-09-24 07:11:56,1963.44,162.58,2126.02,39.34,
"2012-09-24",2,2012-09-24 08:30:00,2104.054,2012-09-24 07:42:00,1896.77,176.12,2072.89,38.92,
"2012-09-24",3,2012-09-24 09:00:00,2110.015,2012-09-24 08:12:09,1867.81,154.5,2022.31,39.03,
"2012-09-24",4,2012-09-24 09:30:00,2062.151,2012-09-24 08:42:09,1831.43,164.01,1995.44,39.13,
"2012-09-24",5,2012-09-24 10:00:00,2048.626,2012-09-24 09:12:15,1842.35,139.98,1982.33,39.22,
"2012-09-24",6,2012-09-24 10:30:00,2022.349,2012-09-24 09:42:23,1863.02,111.08,1974.1,41.05,
"2012-09-24",7,2012-09-24 11:00:00,2000.786,2012-09-24 10:12:04,1838.29,105.79,1944.08,39.23,
"2012-09-24",8,2012-09-24 11:30:00,1977.864,2012-09-24 10:42:13,1829.66,121.11,1950.77,39.23,
"2012-09-24",9,2012-09-24 12:00:00,1961.157,2012-09-24 11:12:30,1801.54,134.18,1935.72,39.2,
"2012-09-24",10,2012-09-24 12:30:00,1942.348,2012-09-24 11:42:38,1768.89,167.71,1936.6,39.2,
"2012-09-24",11,2012-09-24 13:00:00,1939.364,2012-09-24 12:12:43,1791.02,144.59,1935.61,39.2,
"2012-09-24",12,2012-09-24 13:30:00,1950.63,2012-09-24 12:42:42,1790.41,149.87,1940.28,39.2,
"2012-09-24",13,2012-09-24 14:00:00,1987.706,2012-09-24 13:12:52,1797.04,152.77,1949.81,39.23,
"2012-09-24",14,2012-09-24 14:30:00,1979.091,2012-09-24 13:42:30,1782.85,181.34,1964.19,39.2,
"2012-09-24",15,2012-09-24 15:00:00,1975.205,2012-09-24 14:12:34,1813.7,163.41,1977.11,39.23,
"2012-09-24",16,2012-09-24 15:30:00,2010.807,2012-09-24 14:42:39,1886.97,160.08,2047.05,39.22,
"2012-09-24",17,2012-09-24 16:00:00,2061.413,2012-09-24 15:13:04,1940.39,171.98,2112.37,41.05,
"2012-09-24",18,2012-09-24 16:30:00,2108.351,2012-09-24 15:42:59,1981.5,155.18,2136.68,55.97,
"2012-09-24",19,2012-09-24 17:00:00,2243.913,2012-09-24 16:12:57,2066.67,137.52,2204.19,57.33,
"2012-09-24",20,2012-09-24 17:30:00,2319.332,2012-09-24 16:43:19,2062.06,187.14,2249.2,59.12,
"2012-09-24",21,2012-09-24 18:00:00,2446.499,2012-09-24 17:13:27,2223.97,167.73,2391.7,62.25,
"2012-09-24",22,2012-09-24 18:30:00,2434.226,2012-09-24 17:43:12,2244.92,158.33,2403.25,62.33,
"2012-09-24",23,2012-09-24 19:00:00,2306.125,2012-09-24 18:13:35,2106.82,196.45,2303.27,57.43,
"2012-09-24",24,2012-09-24 19:30:00,2318.272,2012-09-24 18:43:31,2042.22,204.05,2246.27,57.52,
"2012-09-24",25,2012-09-24 20:00:00,2231.018,2012-09-24 19:13:40,1986.71,193.73,2180.44,57.6,
"2012-09-24",26,2012-09-24 20:30:00,2171.01,2012-09-24 19:43:48,1881.74,210.17,2091.91,39.27,
"2012-09-24",27,2012-09-24 21:00:00,2036.259,2012-09-24 20:13:50,1779.32,200.38,1979.7,39.27,
"2012-09-24",28,2012-09-24 21:30:00,1953.881,2012-09-24 20:43:44,1673.28,200.5,1873.78,39.28,
"2012-09-24",29,2012-09-24 22:00:00,1812.319,2012-09-24 21:13:53,1576.29,184.12,1760.41,39.32,
"2012-09-24",30,2012-09-24 22:30:00,1702.001,2012-09-24 21:44:11,1489.51,171.72,1661.23,39.28,
"2012-09-24",31,2012-09-24 23:00:00,1648.178,2012-09-24 22:14:02,1415.73,162.65,1578.38,39.27,
"2012-09-24",32,2012-09-24 23:30:00,1586.756,2012-09-24 22:43:57,1334.87,187.06,1521.93,22.8,
"2012-09-24",33,2012-09-25 00:00:00,1532.727,2012-09-24 23:14:02,1280.6,195.24,1475.84,14.57,
"2012-09-24",34,2012-09-25 00:30:00,1502.568,2012-09-24 23:14:02,1248.23,192.06,1440.29,6.47,
"2012-09-24",35,2012-09-25 01:00:00,1474.824,2012-09-24 23:14:02,1233.35,188.39,1421.74,6.66,
"2012-09-24",36,2012-09-25 01:30:00,1444.572,2012-09-25 00:44:40,1225.04,183.11,1408.15,36.77,
"2012-09-24",37,2012-09-25 02:00:00,1412.032,2012-09-25 01:14:32,1184,209.43,1393.43,31.01,
"2012-09-24",38,2012-09-25 02:30:00,1403.676,2012-09-25 01:39:47,1200.73,201.15,1401.88,23.41,
"2012-09-24",39,2012-09-25 03:00:00,1424.468,2012-09-25 02:09:52,1227.37,195.7,1423.07,31.11,
"2012-09-24",40,2012-09-25 03:30:00,1420.147,2012-09-25 02:40:12,1213.56,206.5,1420.06,39.42,
"2012-09-24",41,2012-09-25 04:00:00,1445.972,2012-09-25 03:14:44,1243.5,195.35,1438.85,39.41,
"2012-09-24",42,2012-09-25 04:30:00,1526.275,2012-09-25 03:44:47,1296.33,207.48,1503.81,39.37,
"2012-09-24",43,2012-09-25 05:00:00,1593.634,2012-09-25 04:10:26,1376.62,211.17,1587.79,47.06,
"2012-09-24",44,2012-09-25 05:30:00,1732.203,2012-09-25 04:40:17,1458.85,237.93,1696.78,31.22,
"2012-09-24",45,2012-09-25 06:00:00,1846.197,2012-09-25 05:10:30,1592.01,241.81,1833.82,31.11,
"2012-09-24",46,2012-09-25 06:30:00,2022.798,2012-09-25 05:40:42,1751.98,232.67,1984.65,30.69,
"2012-09-24",47,2012-09-25 07:00:00,2103.344,2012-09-25 06:10:45,1857.35,234.63,2091.98,58.9,
"2012-09-24",48,2012-09-25 07:30:00,2106.074,2012-09-25 06:40:27,1879.88,218.75,2098.63,56.16,
"2012-09-25",1,2012-09-25 08:00:00,2050.674,2012-09-25 07:10:53,1857.87,215.63,2073.5,39.27,
"2012-09-25",2,2012-09-25 08:30:00,2048.228,2012-09-25 07:41:00,1806.99,251.86,2058.85,39.23,
"2012-09-25",3,2012-09-25 09:00:00,2081.91,2012-09-25 08:10:32,1780.08,263.02,2043.1,39.2,
"2012-09-25",4,2012-09-25 09:30:00,2089.05,2012-09-25 08:41:01,1754.77,288.68,2043.45,39.2,
"2012-09-25",5,2012-09-25 10:00:00,2049.361,2012-09-25 09:11:01,1744.61,287.18,2031.79,39.2,
"2012-09-25",6,2012-09-25 10:30:00,2025.79,2012-09-25 09:41:18,1738.54,272.2,2010.74,39.2,
"2012-09-25",7,2012-09-25 11:00:00,2073.988,2012-09-25 10:10:54,1767.46,283.75,2051.21,39.23,
"2012-09-25",8,2012-09-25 11:30:00,2059.334,2012-09-25 10:41:08,1719.18,296.51,2015.69,39.2,
"2012-09-25",9,2012-09-25 12:00:00,2019.1,2012-09-25 11:11:33,1694.62,294.32,1988.94,39.2,
"2012-09-25",10,2012-09-25 12:30:00,2019.53,2012-09-25 11:41:34,1695.75,294.08,1989.83,39.2,
"2012-09-25",11,2012-09-25 13:00:00,2030.692,2012-09-25 12:11:30,1690.8,311.42,2002.22,39.2,
"2012-09-25",12,2012-09-25 13:30:00,2031.773,2012-09-25 12:41:20,1732.78,287.41,2020.19,39.2,
"2012-09-25",13,2012-09-25 14:00:00,2013.989,2012-09-25 13:11:47,1718.71,304.32,2023.03,39.2,
"2012-09-25",14,2012-09-25 14:30:00,2045.667,2012-09-25 13:41:53,1720.22,305.3,2025.52,39.2,
"2012-09-25",15,2012-09-25 15:00:00,2080.633,2012-09-25 14:06:30,1759.26,289.79,2049.05,39.23,
"2012-09-25",16,2012-09-25 15:30:00,2076.837,2012-09-25 14:41:40,1786.83,314.38,2101.21,39.23,
"2012-09-25",17,2012-09-25 16:00:00,2101.002,2012-09-25 15:12:11,1829.42,284.09,2113.51,39.23,
"2012-09-25",18,2012-09-25 16:30:00,2139.153,2012-09-25 15:42:18,1866.57,273.89,2140.46,39.23,
"2012-09-25",19,2012-09-25 17:00:00,2147.199,2012-09-25 16:12:20,1960.79,258.83,2219.62,58.74,
"2012-09-25",20,2012-09-25 17:30:00,2255.359,2012-09-25 16:42:13,2059.21,232.4,2291.61,58.74,
"2012-09-25",21,2012-09-25 18:00:00,2364.417,2012-09-25 17:12:29,2170.46,225.51,2395.97,58.74,
"2012-09-25",22,2012-09-25 18:30:00,2463.436,2012-09-25 17:42:24,2175.65,246.29,2421.94,65.65,
"2012-09-25",23,2012-09-25 19:00:00,2359.925,2012-09-25 18:12:13,2117.98,237.14,2355.12,58.74,
"2012-09-25",24,2012-09-25 19:30:00,2341.936,2012-09-25 18:42:38,2055.31,235.69,2291,58.74,
"2012-09-25",25,2012-09-25 20:00:00,2280.212,2012-09-25 19:12:45,1963.08,237.87,2200.95,58.74,
"2012-09-25",26,2012-09-25 20:30:00,2184.153,2012-09-25 19:42:53,1899.52,240.01,2139.53,57.99,
"2012-09-25",27,2012-09-25 21:00:00,2075.604,2012-09-25 20:13:01,1812.45,214.68,2027.13,39.64,
"2012-09-25",28,2012-09-25 21:30:00,1988.003,2012-09-25 20:42:51,1715.34,202.91,1918.25,39.67,
"2012-09-25",29,2012-09-25 22:00:00,1874.477,2012-09-25 21:13:05,1572.03,225.87,1797.9,39.68,
"2012-09-25",30,2012-09-25 22:30:00,1765.625,2012-09-25 21:42:57,1477.9,206.44,1684.34,39.71,
"2012-09-25",31,2012-09-25 23:00:00,1696.555,2012-09-25 22:13:01,1390.4,208.34,1598.74,39.32,
"2012-09-25",32,2012-09-25 23:30:00,1636.962,2012-09-25 22:43:25,1341.24,195.53,1536.77,39.34,
"2012-09-25",33,2012-09-26 00:00:00,1528.832,2012-09-25 23:13:12,1291.75,191.78,1483.53,39.37,
"2012-09-25",34,2012-09-26 00:30:00,1494.553,2012-09-25 23:13:12,1239.71,217.57,1457.28,31.09,
"2012-09-25",35,2012-09-26 01:00:00,1462.863,2012-09-25 23:13:12,1276.89,192.83,1469.72,44.06,
"2012-09-25",36,2012-09-26 01:30:00,1414.313,2012-09-26 00:43:12,1234.45,213.83,1448.28,39.45,
"2012-09-25",37,2012-09-26 02:00:00,1426.636,2012-09-26 01:13:38,1226.09,203.05,1429.14,39.46,
"2012-09-25",38,2012-09-26 02:30:00,1441.074,2012-09-26 01:43:53,1227.73,211.77,1439.5,39.46,
"2012-09-25",39,2012-09-26 03:00:00,1438.08,2012-09-26 02:13:50,1211.36,217.51,1428.87,39.46,
"2012-09-25",40,2012-09-26 03:30:00,1413.797,2012-09-26 02:44:07,1248.52,204.39,1452.91,44.06,
"2012-09-25",41,2012-09-26 04:00:00,1456.889,2012-09-26 03:14:14,1235.56,234.49,1470.05,39.45,
"2012-09-25",42,2012-09-26 04:30:00,1491.417,2012-09-26 03:44:24,1274.45,226.27,1500.72,53.11,
"2012-09-25",43,2012-09-26 05:00:00,1608.606,2012-09-26 04:14:19,1361.11,206.79,1567.9,39.4,
"2012-09-25",44,2012-09-26 05:30:00,1763.128,2012-09-26 04:44:00,1421.83,207.21,1629.04,35.18,
"2012-09-25",45,2012-09-26 06:00:00,1806.63,2012-09-26 05:14:08,1618.25,200.19,1818.44,39.69,
"2012-09-25",46,2012-09-26 06:30:00,1997.468,2012-09-26 05:44:15,1787.14,202.84,1989.98,62.78,
"2012-09-25",47,2012-09-26 07:00:00,2030.734,2012-09-26 06:14:18,1913.33,220.03,2133.36,62.71,
"2012-09-25",48,2012-09-26 07:30:00,2005.006,2012-09-26 06:44:42,1868.71,248.62,2117.33,62.69,
"2012-09-26",1,2012-09-26 08:00:00,2030.631,2012-09-26 07:14:52,1906.68,214.51,2121.19,62.66,
"2012-09-26",2,2012-09-26 08:30:00,2043.738,2012-09-26 07:44:57,1834.93,252.32,2087.25,62.64,
"2012-09-26",3,2012-09-26 09:00:00,2115.564,2012-09-26 08:14:55,1788.96,250.24,2039.2,62.64,
"2012-09-26",4,2012-09-26 09:30:00,2047.732,2012-09-26 08:40:04,1770.04,273.75,2043.79,62.64,
"2012-09-26",5,2012-09-26 10:00:00,2026.835,2012-09-26 09:09:47,1743.38,287.4,2030.78,60.56,
"2012-09-26",6,2012-09-26 10:30:00,1946.373,2012-09-26 09:40:18,1711.69,288.26,1999.95,39.23,
"2012-09-26",7,2012-09-26 11:00:00,2000.423,2012-09-26 10:10:26,1681.66,301.63,1983.29,39.23,
"2012-09-26",8,2012-09-26 11:30:00,1992.979,2012-09-26 10:10:26,1713.14,298.6,2011.74,39.23,
"2012-09-26",9,2012-09-26 12:00:00,1986.615,2012-09-26 11:10:32,1728.8,297.93,2026.73,56.92,
"2012-09-26",10,2012-09-26 12:30:00,1939.68,2012-09-26 11:40:44,1703.54,295.61,1999.15,39.23,
"2012-09-26",11,2012-09-26 13:00:00,1964.416,2012-09-26 12:10:44,1673.24,314.39,1987.63,39.23,
"2012-09-26",12,2012-09-26 13:30:00,2031.712,2012-09-26 12:40:24,1702.76,291.95,1994.71,39.23,
"2012-09-26",13,2012-09-26 14:00:00,1964.965,2012-09-26 13:10:41,1691.36,303.63,1994.99,39.23,
"2012-09-26",14,2012-09-26 14:30:00,1979.625,2012-09-26 13:40:39,1682.46,296.32,1978.78,39.23,
"2012-09-26",15,2012-09-26 15:00:00,1964.633,2012-09-26 14:11:07,1786,267.6,2053.6,62.64,
"2012-09-26",16,2012-09-26 15:30:00,2000.741,2012-09-26 14:40:48,1786.42,298.57,2084.99,62.64,
"2012-09-26",17,2012-09-26 16:00:00,2062.689,2012-09-26 15:11:12,1862.82,268.64,2131.46,62.64,
"2012-09-26",18,2012-09-26 16:30:00,2122.161,2012-09-26 15:41:16,1901.58,246.13,2147.71,62.64,
"2012-09-26",19,2012-09-26 17:00:00,2216.861,2012-09-26 16:11:18,2012.52,249.7,2262.22,64.14,
"2012-09-26",20,2012-09-26 17:30:00,2283.804,2012-09-26 16:40:58,2112.65,204.98,2317.63,70.7,
"2012-09-26",21,2012-09-26 18:00:00,2416.643,2012-09-26 17:11:07,2228.84,231.92,2460.76,78.79,
"2012-09-26",22,2012-09-26 18:30:00,2393.789,2012-09-26 17:41:07,2225.24,248.17,2473.41,233.18,
"2012-09-26",23,2012-09-26 19:00:00,2376.764,2012-09-26 18:11:36,2137.14,246.36,2383.5,70.7,
"2012-09-26",24,2012-09-26 19:30:00,2361.727,2012-09-26 18:41:21,2084.74,236.71,2321.45,64.14,
"2012-09-26",25,2012-09-26 20:00:00,2226.478,2012-09-26 19:11:52,2002.34,250.88,2253.22,62.64,
"2012-09-26",26,2012-09-26 20:30:00,2163.134,2012-09-26 19:41:42,1920.4,257.99,2178.39,62.64,
"2012-09-26",27,2012-09-26 21:00:00,2066.546,2012-09-26 20:11:52,1799.86,262.37,2062.23,62.72,
"2012-09-26",28,2012-09-26 21:30:00,1946.224,2012-09-26 20:42:05,1700.35,253.13,1953.48,60.75,
"2012-09-26",29,2012-09-26 22:00:00,1800.741,2012-09-26 21:12:08,1583.32,252.82,1836.14,63.38,
"2012-09-26",30,2012-09-26 22:30:00,1714.008,2012-09-26 21:42:12,1465.74,242.29,1708.03,39.42,
"2012-09-26",31,2012-09-26 23:00:00,1624.254,2012-09-26 22:12:19,1382.93,245.93,1628.86,60.35,
"2012-09-26",32,2012-09-26 23:30:00,1546.749,2012-09-26 22:41:56,1292.94,270.65,1563.59,59.3,
"2012-09-26",33,2012-09-27 00:00:00,1467.986,2012-09-26 23:12:09,1260.11,254.25,1514.36,61.03,
"2012-09-26",34,2012-09-27 00:30:00,1431.66,2012-09-26 23:12:09,1204.68,271.15,1475.83,58.46,
"2012-09-26",35,2012-09-27 01:00:00,1403.042,2012-09-26 23:12:09,1185.18,287.99,1473.17,58.78,
"2012-09-26",36,2012-09-27 01:30:00,1429.91,2012-09-27 00:42:43,1157.11,288.77,1445.88,58.99,
"2012-09-26",37,2012-09-27 02:00:00,1387.558,2012-09-27 01:12:50,1162.26,287.38,1449.64,60.44,
"2012-09-26",38,2012-09-27 02:30:00,1406.273,2012-09-27 01:42:29,1157.44,282.75,1440.19,60.58,
"2012-09-26",39,2012-09-27 03:00:00,1408.548,2012-09-27 01:42:29,1182.38,272.91,1455.29,60.51,
"2012-09-26",40,2012-09-27 03:30:00,1416.006,2012-09-27 01:42:29,1168.78,291.37,1460.15,60.22,
"2012-09-26",41,2012-09-27 04:00:00,1437.534,2012-09-27 01:42:29,1177.86,303.54,1481.4,59.81,
"2012-09-26",42,2012-09-27 04:30:00,1492.76,2012-09-27 01:42:29,1251.21,286.25,1537.46,59.47,
"2012-09-26",43,2012-09-27 05:00:00,1591.353,2012-09-27 01:42:29,1368.41,269.23,1637.64,58.89,
"2012-09-26",44,2012-09-27 05:30:00,1738.806,2012-09-27 01:42:29,1475.58,253.09,1728.67,58.43,
"2012-09-26",45,2012-09-27 06:00:00,1897.352,2012-09-27 01:42:29,1645.66,252.11,1897.77,58.45,
"2012-09-26",46,2012-09-27 06:30:00,2074.006,2012-09-27 05:43:32,1866.64,186.88,2053.52,58.79,
"2012-09-26",47,2012-09-27 07:00:00,2198.535,2012-09-27 05:43:32,1913.07,254.06,2167.13,58.73,
"2012-09-26",48,2012-09-27 07:30:00,2208.375,2012-09-27 06:43:23,1920.75,305.13,2225.88,58.7,
"2012-09-27",1,2012-09-27 08:00:00,2239.546,2012-09-27 07:13:42,1948.86,282.67,2231.53,58.7,
"2012-09-27",2,2012-09-27 08:30:00,2120.249,2012-09-27 07:44:01,1912.28,306.12,2218.4,58.7,
"2012-09-27",3,2012-09-27 09:00:00,2154.998,2012-09-27 08:13:52,1942.34,298.41,2240.75,58.71,
"2012-09-27",4,2012-09-27 09:30:00,2140.96,2012-09-27 08:44:13,1930.14,282.81,2212.95,58.72,
"2012-09-27",5,2012-09-27 10:00:00,2254.848,2012-09-27 09:14:14,1908.56,310.26,2218.82,58.72,
"2012-09-27",6,2012-09-27 10:30:00,2136.133,2012-09-27 09:43:48,1795.88,328.19,2124.07,58.46,
"2012-09-27",7,2012-09-27 11:00:00,2187.188,2012-09-27 10:14:15,1791.83,335.4,2127.23,58.46,
"2012-09-27",8,2012-09-27 11:30:00,2218.09,2012-09-27 10:44:20,1825.67,328.31,2153.98,58.46,
"2012-09-27",9,2012-09-27 12:00:00,2164.529,2012-09-27 11:14:36,1834.05,325.27,2159.32,58.73,
"2012-09-27",10,2012-09-27 12:30:00,2074.295,2012-09-27 11:44:42,1804.8,318.61,2123.41,58.48,
"2012-09-27",11,2012-09-27 13:00:00,2061.607,2012-09-27 12:14:41,1745.66,322.69,2068.35,39.28,
"2012-09-27",12,2012-09-27 13:30:00,2065.019,2012-09-27 12:44:53,1789.11,326.32,2115.43,54.3,
"2012-09-27",13,2012-09-27 14:00:00,2056.01,2012-09-27 12:44:53,1842.56,311.07,2153.63,58.77,
"2012-09-27",14,2012-09-27 14:30:00,2051.12,2012-09-27 12:44:53,1830.03,315.44,2145.47,58.78,
"2012-09-27",15,2012-09-27 15:00:00,2123.313,2012-09-27 14:14:41,1831.55,326.38,2157.93,58.79,
"2012-09-27",16,2012-09-27 15:30:00,2189.425,2012-09-27 14:40:09,1905.26,287.34,2192.6,58.78,
"2012-09-27",17,2012-09-27 16:00:00,2200.776,2012-09-27 15:14:52,1946.34,286.69,2233.03,58.77,
"2012-09-27",18,2012-09-27 16:30:00,2238.698,2012-09-27 15:44:59,2027.61,274.14,2301.75,58.74,
"2012-09-27",19,2012-09-27 17:00:00,2349.668,2012-09-27 16:10:24,2111.43,287.42,2398.85,58.71,
"2012-09-27",20,2012-09-27 17:30:00,2467.113,2012-09-27 16:40:28,2269.6,254.34,2523.94,94.27,
"2012-09-27",21,2012-09-27 18:00:00,2595.107,2012-09-27 17:10:15,2455.68,208.14,2663.82,258.85,
"2012-09-27",22,2012-09-27 18:30:00,2632.346,2012-09-27 17:40:09,2545,178.66,2723.66,323,
"2012-09-27",23,2012-09-27 19:00:00,2642.381,2012-09-27 18:10:36,2486.9,181.13,2668.03,260.1,
"2012-09-27",24,2012-09-27 19:30:00,2555.096,2012-09-27 18:40:35,2423.38,198.28,2621.66,261.68,
"2012-09-27",25,2012-09-27 20:00:00,2512.824,2012-09-27 19:10:33,2379.96,178.46,2558.42,238.53,
"2012-09-27",26,2012-09-27 20:30:00,2449.685,2012-09-27 19:40:36,2294.12,171.68,2465.8,81.22,
"2012-09-27",27,2012-09-27 21:00:00,2328.566,2012-09-27 20:10:39,2178.7,159.41,2338.11,206.68,
"2012-09-27",28,2012-09-27 21:30:00,2171.401,2012-09-27 20:40:34,2060.86,119.24,2180.1,64.29,
"2012-09-27",29,2012-09-27 22:00:00,2038.647,2012-09-27 21:10:51,1931.24,85.98,2017.22,58.9,
"2012-09-27",30,2012-09-27 22:30:00,1915.849,2012-09-27 21:41:03,1805.51,83.78,1889.29,59.04,
"2012-09-27",31,2012-09-27 23:00:00,1767.537,2012-09-27 22:10:49,1696.54,71.72,1768.26,59.12,
"2012-09-27",32,2012-09-27 23:30:00,1704.486,2012-09-27 22:41:19,1569.6,87.3,1656.9,59.39,
"2012-09-27",33,2012-09-28 00:00:00,1677.266,2012-09-27 23:11:28,1540.08,84.98,1625.06,59.73,
"2012-09-27",34,2012-09-28 00:30:00,1632.651,2012-09-27 23:11:28,1524.51,65.08,1589.59,60.1,
"2012-09-27",35,2012-09-28 01:00:00,1594.056,2012-09-27 23:11:28,1532.94,51.58,1584.52,60.5,
"2012-09-27",36,2012-09-28 01:30:00,1484.027,2012-09-28 00:41:41,1504.75,58.11,1562.86,60.66,
"2012-09-27",37,2012-09-28 02:00:00,1494.214,2012-09-28 01:11:49,1505.45,45.07,1550.52,59.25,
"2012-09-27",38,2012-09-28 02:30:00,1539.957,2012-09-28 01:41:25,1516.2,49.99,1566.19,59.21,
"2012-09-27",39,2012-09-28 03:00:00,1521.892,2012-09-28 02:11:33,1505.25,63.81,1569.06,59.07,
"2012-09-27",40,2012-09-28 03:30:00,1528.832,2012-09-28 02:41:49,1520.32,59.68,1580,58.83,
"2012-09-27",41,2012-09-28 04:00:00,1546.164,2012-09-28 03:12:10,1549.73,56.86,1606.59,58.62,
"2012-09-27",42,2012-09-28 04:30:00,1643.972,2012-09-28 03:42:00,1582.39,58.81,1641.2,58.48,
"2012-09-27",43,2012-09-28 05:00:00,1754.667,2012-09-28 04:12:30,1653.19,77.84,1731.03,58.33,
"2012-09-27",44,2012-09-28 05:30:00,1878.217,2012-09-28 04:42:18,1759.87,85.06,1844.93,58.17,
"2012-09-27",45,2012-09-28 06:00:00,2061.932,2012-09-28 05:12:35,1949.45,73.84,2023.29,57.99,
"2012-09-27",46,2012-09-28 06:30:00,2215.157,2012-09-28 05:42:37,2126.31,67.23,2193.54,57.81,
"2012-09-27",47,2012-09-28 07:00:00,2330.61,2012-09-28 06:12:42,2241.54,50.28,2291.82,203.38,
"2012-09-27",48,2012-09-28 07:30:00,2349.139,2012-09-28 06:42:30,2280.92,43.02,2323.94,203.39,
"2012-09-28",1,2012-09-28 08:00:00,2322.639,2012-09-28 07:12:29,2219.07,42.23,2261.3,65.15,
"2012-09-28",2,2012-09-28 08:30:00,2296.21,2012-09-28 07:42:47,2175.61,49.34,2224.95,63.81,
"2012-09-28",3,2012-09-28 09:00:00,2195.772,2012-09-28 08:12:56,2134.44,66,2200.44,57.77,
"2012-09-28",4,2012-09-28 09:30:00,2197.181,2012-09-28 08:42:51,2073.15,72.82,2145.97,57.64,
"2012-09-28",5,2012-09-28 10:00:00,2128.114,2012-09-28 09:12:55,2047.09,63.77,2110.86,57.66,
"2012-09-28",6,2012-09-28 10:30:00,2153.974,2012-09-28 09:43:10,2057.69,59.34,2117.03,57.67,
"2012-09-28",7,2012-09-28 11:00:00,2004.033,2012-09-28 10:13:12,2052.57,56.07,2108.64,57.66,
"2012-09-28",8,2012-09-28 11:30:00,2117.672,2012-09-28 10:43:15,2040.13,43.75,2083.88,57.65,
"2012-09-28",9,2012-09-28 12:00:00,2115.361,2012-09-28 11:13:05,2036.83,39.78,2076.61,57.62,
"2012-09-28",10,2012-09-28 12:30:00,2078.377,2012-09-28 11:43:34,2015.32,37.33,2052.65,57.62,
"2012-09-28",11,2012-09-28 13:00:00,2039.93,2012-09-28 12:13:45,2015.65,39.06,2054.71,57.62,
"2012-09-28",12,2012-09-28 13:30:00,2046.712,2012-09-28 12:43:46,2021.69,42.35,2064.04,57.64,
"2012-09-28",13,2012-09-28 14:00:00,2064.387,2012-09-28 13:13:44,1980.99,42.23,2023.22,57.65,
"2012-09-28",14,2012-09-28 14:30:00,2059.351,2012-09-28 13:43:28,1984.56,42.44,2027,57.65,
"2012-09-28",15,2012-09-28 15:00:00,2056.973,2012-09-28 14:14:03,1995.04,36.94,2031.98,57.65,
"2012-09-28",16,2012-09-28 15:30:00,2072.076,2012-09-28 14:43:47,1985.6,48.83,2034.43,57.65,
"2012-09-28",17,2012-09-28 16:00:00,2121.79,2012-09-28 15:14:16,2016.19,57.62,2073.81,57.64,
"2012-09-28",18,2012-09-28 16:30:00,2142.47,2012-09-28 15:44:06,2033.36,78.91,2112.27,57.64,
"2012-09-28",19,2012-09-28 17:00:00,2175.938,2012-09-28 16:13:54,2117.65,82.59,2200.24,61.17,
"2012-09-28",20,2012-09-28 17:30:00,2325.215,2012-09-28 16:44:27,2205.3,72.88,2278.18,65.65,
"2012-09-28",21,2012-09-28 18:00:00,2396.396,2012-09-28 17:14:16,2353.43,70.13,2423.56,90.13,
"2012-09-28",22,2012-09-28 18:30:00,2391.525,2012-09-28 17:44:06,2418.16,71.97,2490.13,109.74,
"2012-09-28",23,2012-09-28 19:00:00,2350.085,2012-09-28 18:14:28,2370.58,79.88,2450.46,101.45,
"2012-09-28",24,2012-09-28 19:30:00,2369.627,2012-09-28 18:44:17,2335.24,97.67,2432.91,102.3,
"2012-09-28",25,2012-09-28 20:00:00,2323.491,2012-09-28 19:14:21,2299.34,112.84,2412.18,89.13,
"2012-09-28",26,2012-09-28 20:30:00,2260.45,2012-09-28 19:44:41,2216.86,137.24,2354.1,77.28,
"2012-09-28",27,2012-09-28 21:00:00,2213.367,2012-09-28 20:14:41,2107.72,151.61,2259.33,78.34,
"2012-09-28",28,2012-09-28 21:30:00,2160.45,2012-09-28 20:44:50,1997.85,153.56,2151.41,72.77,
"2012-09-28",29,2012-09-28 22:00:00,2013.295,2012-09-28 21:14:53,1905.87,152.02,2057.89,64.55,
"2012-09-28",30,2012-09-28 22:30:00,1892.155,2012-09-28 21:39:55,1777.82,166.24,1944.06,56.54,
"2012-09-28",31,2012-09-28 23:00:00,1773.928,2012-09-28 22:14:55,1678.84,164.5,1843.34,57.66,
"2012-09-28",32,2012-09-28 23:30:00,1727.626,2012-09-28 22:40:08,1598.05,165.64,1763.69,38.64,
"2012-09-28",33,2012-09-29 00:00:00,1680.256,2012-09-28 23:10:24,1548.44,161.01,1709.45,57.68,
"2012-09-28",34,2012-09-29 00:30:00,1633.228,2012-09-28 23:10:24,1487.49,162.92,1650.41,57.7,
"2012-09-28",35,2012-09-29 01:00:00,1597.193,2012-09-28 23:10:24,1467.54,157.72,1625.26,57.75,
"2012-09-28",36,2012-09-29 01:30:00,1592.427,2012-09-29 00:40:25,1453.81,156.04,1609.85,57.78,
"2012-09-28",37,2012-09-29 02:00:00,1590.295,2012-09-29 01:10:25,1424.08,173.83,1597.91,57.87,
"2012-09-28",38,2012-09-29 02:30:00,1579.532,2012-09-29 01:40:21,1426.94,157.05,1583.99,57.9,
"2012-09-28",39,2012-09-29 03:00:00,1591.606,2012-09-29 02:12:51,1422.03,145.15,1567.18,57.92,
"2012-09-28",40,2012-09-29 03:30:00,1576.367,2012-09-29 02:41:01,1414.35,150.94,1565.29,57.93,
"2012-09-28",41,2012-09-29 04:00:00,1593.633,2012-09-29 03:11:19,1421.32,174.84,1596.16,57.94,
"2012-09-28",42,2012-09-29 04:30:00,1595.093,2012-09-29 03:41:21,1455.4,164.23,1619.63,57.94,
"2012-09-28",43,2012-09-29 05:00:00,1675.757,2012-09-29 04:10:57,1463.51,171.87,1635.38,39.27,
"2012-09-28",44,2012-09-29 05:30:00,1692.579,2012-09-29 04:41:13,1481,167.42,1648.42,30.83,
"2012-09-28",45,2012-09-29 06:00:00,1739.363,2012-09-29 05:11:15,1558.83,160.08,1718.91,39.35,
"2012-09-28",46,2012-09-29 06:30:00,1802.51,2012-09-29 05:41:43,1657.23,136.13,1793.36,58.74,
"2012-09-28",47,2012-09-29 07:00:00,1857.587,2012-09-29 06:11:29,1751.9,112.61,1864.51,61.11,
"2012-09-28",48,2012-09-29 07:30:00,1941.771,2012-09-29 06:41:50,1813.29,113.09,1926.38,65.59,
"2012-09-29",1,2012-09-29 08:00:00,1998.972,2012-09-29 07:11:23,1888.62,103.57,1992.19,57.72,
"2012-09-29",2,2012-09-29 08:30:00,2022.997,2012-09-29 07:41:50,1907.28,82.76,1990.04,57.42,
"2012-09-29",3,2012-09-29 09:00:00,1998.125,2012-09-29 08:12:06,1910.01,54.17,1964.18,57.59,
"2012-09-29",4,2012-09-29 09:30:00,1948.975,2012-09-29 08:42:27,1868.21,45.46,1913.67,57.69,
"2012-09-29",5,2012-09-29 10:00:00,1893.605,2012-09-29 09:12:01,1821.25,35.9,1857.15,57.78,
"2012-09-29",6,2012-09-29 10:30:00,1889.652,2012-09-29 09:41:52,1799.49,28.95,1828.44,57.86,
"2012-09-29",7,2012-09-29 11:00:00,1860.421,2012-09-29 10:12:05,1775.31,29.68,1804.99,57.79,
"2012-09-29",8,2012-09-29 11:30:00,1845.634,2012-09-29 10:42:19,1742.31,28.11,1770.42,57.81,
"2012-09-29",9,2012-09-29 12:00:00,1811.08,2012-09-29 11:12:35,1729.07,26.62,1755.69,57.83,
"2012-09-29",10,2012-09-29 12:30:00,1713.9,2012-09-29 11:42:27,1652.8,50.54,1703.34,39.39,
"2012-09-29",11,2012-09-29 13:00:00,1708.223,2012-09-29 12:12:34,1617.28,58.16,1675.44,39.4,
"2012-09-29",12,2012-09-29 13:30:00,1713.956,2012-09-29 12:42:36,1658.78,60.2,1718.98,39.41,
"2012-09-29",13,2012-09-29 14:00:00,1650.429,2012-09-29 13:12:48,1619.98,74.52,1694.5,39.41,
"2012-09-29",14,2012-09-29 14:30:00,1705.736,2012-09-29 13:42:35,1633.86,89.86,1723.72,39.4,
"2012-09-29",15,2012-09-29 15:00:00,1689.101,2012-09-29 14:12:57,1638.76,82.11,1720.87,39.38,
"2012-09-29",16,2012-09-29 15:30:00,1787.357,2012-09-29 14:43:06,1688.29,81.85,1770.14,39.34,
"2012-09-29",17,2012-09-29 16:00:00,1816.471,2012-09-29 15:13:12,1716.3,82.56,1798.86,39.3,
"2012-09-29",18,2012-09-29 16:30:00,1872.277,2012-09-29 15:42:59,1784.77,76.45,1861.22,39.25,
"2012-09-29",19,2012-09-29 17:00:00,1956.792,2012-09-29 16:13:07,1868.76,73.12,1941.88,56.65,
"2012-09-29",20,2012-09-29 17:30:00,2056.596,2012-09-29 16:43:21,1967.83,88.93,2056.76,57.37,
"2012-09-29",21,2012-09-29 18:00:00,2158.353,2012-09-29 17:13:22,2121.8,79,2200.8,58.12,
"2012-09-29",22,2012-09-29 18:30:00,2135.577,2012-09-29 17:43:21,2210.57,81.4,2291.97,60.94,
"2012-09-29",23,2012-09-29 19:00:00,2144.511,2012-09-29 18:13:32,2173.79,91.94,2265.73,58.12,
"2012-09-29",24,2012-09-29 19:30:00,2154.435,2012-09-29 18:43:26,2131.18,104.72,2235.9,58.12,
"2012-09-29",25,2012-09-29 20:00:00,2131.101,2012-09-29 19:13:40,2057.73,129.87,2187.6,57.32,
"2012-09-29",26,2012-09-29 20:30:00,2113.916,2012-09-29 19:43:40,1999.62,157.01,2156.63,57.46,
"2012-09-29",27,2012-09-29 21:00:00,2058.605,2012-09-29 20:13:56,1922.91,154.03,2076.94,57.53,
"2012-09-29",28,2012-09-29 21:30:00,1981.304,2012-09-29 20:43:54,1816.31,165.23,1981.54,57.5,
"2012-09-29",29,2012-09-29 22:00:00,1915.772,2012-09-29 21:14:00,1692.47,221.72,1914.19,39.08,
"2012-09-29",30,2012-09-29 22:30:00,1827.375,2012-09-29 21:44:08,1596.46,222.31,1818.77,39.09,
"2012-09-29",31,2012-09-29 23:00:00,1908.172,2012-09-29 22:14:07,1481.6,262.19,1743.79,39.11,
"2012-09-29",32,2012-09-29 23:30:00,1692.949,2012-09-29 22:44:10,1407.8,274.36,1682.16,37.94,
"2012-09-29",33,2012-09-30 00:00:00,1602.392,2012-09-29 23:14:19,1364.21,274.3,1638.51,35.51,
"2012-09-29",34,2012-09-30 00:30:00,1565.366,2012-09-29 23:14:19,1333.92,263.86,1597.78,33.24,
"2012-09-29",35,2012-09-30 01:00:00,1536.749,2012-09-29 23:14:19,1364.4,199.9,1564.3,35.39,
"2012-09-29",36,2012-09-30 01:30:00,1513.716,2012-09-30 00:44:41,1382.23,170.67,1552.9,38.93,
"2012-09-29",37,2012-09-30 02:00:00,1531.276,2012-09-30 01:14:46,1362.9,174.01,1536.91,39.09,
"2012-09-29",38,2012-09-30 02:30:00,1530.852,2012-09-30 01:44:26,1357.68,171.29,1528.97,39.2,
"2012-09-29",39,2012-09-30 03:00:00,1512.706,2012-09-30 02:14:57,1356.64,170.91,1527.55,39.4,
"2012-09-29",40,2012-09-30 03:30:00,1510.358,2012-09-30 02:39:35,1373.04,147.12,1520.16,56.84,
"2012-09-29",41,2012-09-30 04:00:00,1507.703,2012-09-30 03:10:20,1364.22,164.36,1528.58,53.23,
"2012-09-29",42,2012-09-30 04:30:00,1514.658,2012-09-30 03:39:58,1349.16,193.64,1542.8,39.29,
"2012-09-29",43,2012-09-30 05:00:00,1534.595,2012-09-30 04:10:31,1357.57,206.99,1564.56,39.31,
"2012-09-29",44,2012-09-30 05:30:00,1539.135,2012-09-30 04:44:59,1329.86,230.74,1560.6,39.34,
"2012-09-29",45,2012-09-30 06:00:00,1576.363,2012-09-30 05:10:33,1344.59,253.22,1597.81,39.31,
"2012-09-29",46,2012-09-30 06:30:00,1605.068,2012-09-30 05:40:15,1368.93,256.51,1625.44,39.42,
"2012-09-29",47,2012-09-30 07:00:00,1647.862,2012-09-30 06:10:45,1456.33,208.06,1664.39,39.39,
"2012-09-29",48,2012-09-30 07:30:00,1733.922,2012-09-30 06:40:40,1484.39,194.94,1679.33,39.34,
"2012-09-30",1,2012-09-30 08:00:00,1728.981,2012-09-30 07:10:55,1555.81,174.46,1730.27,39.31,
"2012-09-30",2,2012-09-30 08:30:00,1757.936,2012-09-30 07:40:29,1562.32,156.91,1719.23,39.23,
"2012-09-30",3,2012-09-30 09:00:00,1751.955,2012-09-30 08:10:37,1566.17,135.84,1702.01,39.25,
"2012-09-30",4,2012-09-30 09:30:00,1739.121,2012-09-30 08:40:59,1568.41,128.66,1697.07,39.27,
"2012-09-30",5,2012-09-30 10:00:00,1723.771,2012-09-30 09:11:14,1582.63,109.69,1692.32,39.31,
"2012-09-30",6,2012-09-30 10:30:00,1704.875,2012-09-30 09:40:59,1611.1,76.15,1687.25,53.3,
"2012-09-30",7,2012-09-30 11:00:00,1696.278,2012-09-30 10:11:11,1580.05,66.01,1646.06,53.37,
"2012-09-30",8,2012-09-30 11:30:00,1645.296,2012-09-30 10:41:35,1583.63,67.85,1651.48,56.99,
"2012-09-30",9,2012-09-30 12:00:00,1662.294,2012-09-30 11:11:14,1590.87,65.14,1656.01,57,
"2012-09-30",10,2012-09-30 12:30:00,1626.868,2012-09-30 11:41:26,1594.62,57.46,1652.08,57,
"2012-09-30",11,2012-09-30 13:00:00,1617.258,2012-09-30 12:11:16,1602.68,46.66,1649.34,57.99,
"2012-09-30",12,2012-09-30 13:30:00,1636.002,2012-09-30 12:41:23,1607.07,48.37,1655.44,57.99,
"2012-09-30",13,2012-09-30 14:00:00,1650.385,2012-09-30 13:11:59,1631.23,49.64,1680.87,57.99,
"2012-09-30",14,2012-09-30 14:30:00,1683.206,2012-09-30 13:41:58,1640.64,55.52,1696.16,57.97,
"2012-09-30",15,2012-09-30 15:00:00,1702.858,2012-09-30 14:11:44,1654.16,56.11,1710.27,57.94,
"2012-09-30",16,2012-09-30 15:30:00,1742.592,2012-09-30 14:42:02,1697.69,54.24,1751.93,57.88,
"2012-09-30",17,2012-09-30 16:00:00,1787.15,2012-09-30 15:11:46,1766.53,42.59,1809.12,57.83,
"2012-09-30",18,2012-09-30 16:30:00,1832.072,2012-09-30 15:41:53,1791.63,47.45,1839.08,57.8,
"2012-09-30",19,2012-09-30 17:00:00,1886.716,2012-09-30 16:12:24,1809.04,54.3,1863.34,57.69,
"2012-09-30",20,2012-09-30 17:30:00,2004.053,2012-09-30 16:42:08,1876.6,60.9,1937.5,57.56,
"2012-09-30",21,2012-09-30 18:00:00,2159.918,2012-09-30 17:12:04,1953.09,79,2032.09,57.44,
"2012-09-30",22,2012-09-30 18:30:00,2153.604,2012-09-30 17:42:14,2032.18,92.12,2124.3,57.31,
"2012-09-30",23,2012-09-30 19:00:00,2047.857,2012-09-30 18:12:17,1955.1,128.14,2083.24,57.21,
"2012-09-30",24,2012-09-30 19:30:00,1992.65,2012-09-30 18:42:20,1896.33,155.08,2051.41,55.75,
"2012-09-30",25,2012-09-30 20:00:00,1982.41,2012-09-30 19:12:44,1835.98,153.82,1989.8,39.23,
"2012-09-30",26,2012-09-30 20:30:00,1941.179,2012-09-30 19:42:56,1792.48,142.07,1934.55,39.24,
"2012-09-30",27,2012-09-30 21:00:00,1862.416,2012-09-30 20:12:35,1709.31,183.77,1893.08,39.04,
"2012-09-30",28,2012-09-30 21:30:00,1781.968,2012-09-30 20:43:05,1615.39,221.14,1836.53,38.89,
"2012-09-30",29,2012-09-30 22:00:00,1701.929,2012-09-30 21:12:55,1526,237.03,1763.03,38.75,
"2012-09-30",30,2012-09-30 22:30:00,1640.153,2012-09-30 21:43:13,1447.89,250.96,1698.85,21.67,
"2012-09-30",31,2012-09-30 23:00:00,1621.292,2012-09-30 22:13:02,1367.37,268.62,1635.99,38.86,
"2012-09-30",32,2012-09-30 23:30:00,1525.28,2012-09-30 22:43:24,1299.13,278.01,1577.14,39.07,
"2012-09-30",33,2012-10-01 00:00:00,1522.972,2012-09-30 23:13:27,1254.92,281.72,1536.64,39.22,
"2012-09-30",34,2012-10-01 00:30:00,1487.961,2012-09-30 23:13:27,1212.57,277.54,1490.11,39.25,
"2012-09-30",35,2012-10-01 01:00:00,1471.999,2012-09-30 23:13:27,1206.74,278.67,1485.41,39.27,
"2012-09-30",36,2012-10-01 01:30:00,1485.435,2012-10-01 00:43:44,1181.04,274.47,1455.51,39.3,
"2012-09-30",37,2012-10-01 02:00:00,1469.651,2012-10-01 01:13:35,1188.81,283.2,1472.01,39.82,
"2012-09-30",38,2012-10-01 02:30:00,1469.801,2012-10-01 01:43:36,1177.67,283.94,1461.61,39.84,
"2012-09-30",39,2012-10-01 03:00:00,1469.058,2012-10-01 02:08:34,1164.23,278.82,1443.05,39.85,
"2012-09-30",40,2012-10-01 03:30:00,1438.438,2012-10-01 02:44:24,1162.44,277.35,1439.79,39.87,
"2012-09-30",41,2012-10-01 04:00:00,1455.163,2012-10-01 03:14:19,1179.63,276.54,1456.17,39.87,
"2012-09-30",42,2012-10-01 04:30:00,1437.358,2012-10-01 03:44:31,1196.31,277.82,1474.13,39.88,
"2012-09-30",43,2012-10-01 05:00:00,1441.704,2012-10-01 04:14:17,1212.22,279.16,1491.38,39.87,
"2012-09-30",44,2012-10-01 05:30:00,1488.998,2012-10-01 04:44:23,1210.5,277.88,1488.38,39.85,
"2012-09-30",45,2012-10-01 06:00:00,1553.495,2012-10-01 05:14:37,1261.8,275.52,1537.32,5.39,
"2012-09-30",46,2012-10-01 06:30:00,1587.792,2012-10-01 05:44:41,1290.57,275.32,1565.89,23.67,
"2012-09-30",47,2012-10-01 07:00:00,1691.096,2012-10-01 06:14:31,1322.35,277,1599.35,39.72,
"2012-09-30",48,2012-10-01 07:30:00,1759.978,2012-10-01 06:44:49,1376.5,283.97,1660.47,23.38,
"2012-10-01",1,2012-10-01 08:00:00,1781.733,2012-10-01 07:14:50,1397.72,284.22,1681.94,23.64,
"2012-10-01",2,2012-10-01 08:30:00,1780.159,2012-10-01 07:44:50,1415.21,288.61,1703.82,39.64,
"2012-10-01",3,2012-10-01 09:00:00,1786.499,2012-10-01 08:14:38,1430.61,289.83,1720.44,39.64,
"2012-10-01",4,2012-10-01 09:30:00,1741.673,2012-10-01 08:44:56,1426.2,288.34,1714.54,39.64,
"2012-10-01",5,2012-10-01 10:00:00,1715.018,2012-10-01 09:14:47,1436.58,291.43,1728.01,39.64,
"2012-10-01",6,2012-10-01 10:30:00,1724.342,2012-10-01 09:40:04,1441.73,285.21,1726.94,39.64,
"2012-10-01",7,2012-10-01 11:00:00,1742.691,2012-10-01 10:10:11,1451.65,278.71,1730.36,39.64,
"2012-10-01",8,2012-10-01 11:30:00,1809.917,2012-10-01 10:40:12,1462.23,273.34,1735.57,39.64,
"2012-10-01",9,2012-10-01 12:00:00,1814.53,2012-10-01 11:10:29,1529.59,234.04,1763.63,39.64,
"2012-10-01",10,2012-10-01 12:30:00,1792.203,2012-10-01 11:40:30,1548.96,191.68,1740.64,39.64,
"2012-10-01",11,2012-10-01 13:00:00,1746.973,2012-10-01 12:10:17,1626.94,127.43,1754.37,39.65,
"2012-10-01",12,2012-10-01 13:30:00,1772.613,2012-10-01 12:40:25,1642.1,122.25,1764.35,39.65,
"2012-10-01",13,2012-10-01 14:00:00,1768.323,2012-10-01 13:10:46,1656.07,114.1,1770.17,39.65,
"2012-10-01",14,2012-10-01 14:30:00,1800.62,2012-10-01 13:40:49,1694.1,119.25,1813.35,39.68,
"2012-10-01",15,2012-10-01 15:00:00,1852.912,2012-10-01 14:10:55,1758.81,78.11,1836.92,39.68,
"2012-10-01",16,2012-10-01 15:30:00,1864.312,2012-10-01 14:40:57,1801.92,62.96,1864.88,56.65,
"2012-10-01",17,2012-10-01 16:00:00,1904.198,2012-10-01 15:10:55,1858.21,44.98,1903.19,57.18,
"2012-10-01",18,2012-10-01 16:30:00,1899.888,2012-10-01 15:41:18,1909.02,44.33,1953.35,57.15,
"2012-10-01",19,2012-10-01 17:00:00,1943.574,2012-10-01 16:11:10,1976.53,38.87,2015.4,57.07,
"2012-10-01",20,2012-10-01 17:30:00,1957.955,2012-10-01 16:41:31,2000.8,40.99,2041.79,56.98,
"2012-10-01",21,2012-10-01 18:00:00,2008.779,2012-10-01 17:11:30,2047.7,80.43,2128.13,57.33,
"2012-10-01",22,2012-10-01 18:30:00,2165.898,2012-10-01 17:41:31,2113.53,109.54,2223.07,59.97,
"2012-10-01",23,2012-10-01 19:00:00,2159.625,2012-10-01 18:11:43,2008.64,157.1,2165.74,59.96,
"2012-10-01",24,2012-10-01 19:30:00,2133.543,2012-10-01 18:41:32,1929.19,152.73,2081.92,56.65,
"2012-10-01",25,2012-10-01 20:00:00,2024.072,2012-10-01 19:11:40,1846.16,176.93,2023.09,39.61,
"2012-10-01",26,2012-10-01 20:30:00,1981.185,2012-10-01 19:41:46,1768.93,177.98,1946.91,39.23,
"2012-10-01",27,2012-10-01 21:00:00,1859.622,2012-10-01 20:11:51,1721.64,183.42,1905.06,39.33,
"2012-10-01",28,2012-10-01 21:30:00,1830.326,2012-10-01 20:42:08,1651.16,185.04,1836.2,39.45,
"2012-10-01",29,2012-10-01 22:00:00,1708.147,2012-10-01 21:11:47,1548.27,182.27,1730.54,39.55,
"2012-10-01",30,2012-10-01 22:30:00,1635.852,2012-10-01 21:41:47,1492.13,177.56,1669.69,39.56,
"2012-10-01",31,2012-10-01 23:00:00,1599.006,2012-10-01 22:12:24,1409.53,174.32,1583.85,39.52,
"2012-10-01",32,2012-10-01 23:30:00,1537.009,2012-10-01 22:42:12,1370.41,181.17,1551.58,39.61,
"2012-10-01",33,2012-10-02 00:00:00,1524.939,2012-10-01 23:12:19,1336.88,171.14,1508.02,39.62,
"2012-10-01",34,2012-10-02 00:30:00,1500.584,2012-10-01 23:12:19,1323.85,171.39,1495.24,39.62,
"2012-10-01",35,2012-10-02 01:00:00,1478.071,2012-10-01 23:12:19,1304.2,171.79,1475.99,39.67,
"2012-10-01",36,2012-10-02 01:30:00,1449.63,2012-10-02 00:42:44,1283.17,171.87,1455.04,39.68,
"2012-10-01",37,2012-10-02 02:00:00,1448.893,2012-10-02 01:12:42,1290.08,171.37,1461.45,39.77,
"2012-10-01",38,2012-10-02 02:30:00,1460.782,2012-10-02 01:42:52,1282.61,170.97,1453.58,39.78,
"2012-10-01",39,2012-10-02 03:00:00,1508.053,2012-10-02 02:12:45,1267.15,171.2,1438.35,39.78,
"2012-10-01",40,2012-10-02 03:30:00,1457.586,2012-10-02 02:42:47,1299.2,172.5,1471.7,39.77,
"2012-10-01",41,2012-10-02 04:00:00,1551.34,2012-10-02 03:13:00,1306.94,177.67,1484.61,39.76,
"2012-10-01",42,2012-10-02 04:30:00,1478.841,2012-10-02 03:42:53,1368.36,173.53,1541.89,39.73,
"2012-10-01",43,2012-10-02 05:00:00,1595.632,2012-10-02 04:13:20,1431.99,190.36,1622.35,39.7,
"2012-10-01",44,2012-10-02 05:30:00,1646.17,2012-10-02 04:42:59,1494.14,190.93,1685.07,39.69,
"2012-10-01",45,2012-10-02 06:00:00,1837.653,2012-10-02 05:13:06,1616.21,202.88,1819.09,39.65,
"2012-10-01",46,2012-10-02 06:30:00,1961.918,2012-10-02 05:43:13,1710.47,191.52,1901.99,39.7,
"2012-10-01",47,2012-10-02 07:00:00,2057.498,2012-10-02 06:13:18,1832.07,185.98,2018.05,43.43,
"2012-10-01",48,2012-10-02 07:30:00,2072.892,2012-10-02 06:43:51,1922.67,173.01,2095.68,58.12,
"2012-10-02",1,2012-10-02 08:00:00,2101.877,2012-10-02 07:13:47,1947.59,187.72,2135.31,45.63,
"2012-10-02",2,2012-10-02 08:30:00,2058.382,2012-10-02 07:43:53,1974.3,192.99,2167.29,45.72,
"2012-10-02",3,2012-10-02 09:00:00,2085.217,2012-10-02 08:14:08,1963.91,195.83,2159.74,45.75,
"2012-10-02",4,2012-10-02 09:30:00,2114.964,2012-10-02 08:44:06,1966.37,198.29,2164.66,45.84,
"2012-10-02",5,2012-10-02 10:00:00,2159.969,2012-10-02 09:14:16,1975.08,200.99,2176.07,45.78,
"2012-10-02",6,2012-10-02 10:30:00,2089.792,2012-10-02 09:43:52,1960.7,213.6,2174.3,45.86,
"2012-10-02",7,2012-10-02 11:00:00,2134.544,2012-10-02 10:14:07,1995.54,223.74,2219.28,46.13,
"2012-10-02",8,2012-10-02 11:30:00,2160.088,2012-10-02 10:44:22,1963.92,235.59,2199.51,46.36,
"2012-10-02",9,2012-10-02 12:00:00,2178.889,2012-10-02 11:14:29,1956.65,235.41,2192.06,46.39,
"2012-10-02",10,2012-10-02 12:30:00,2144.163,2012-10-02 11:44:19,1940.19,256.64,2196.83,46.28,
"2012-10-02",11,2012-10-02 13:00:00,2155.408,2012-10-02 12:14:48,1967.86,254.8,2222.66,46.07,
"2012-10-02",12,2012-10-02 13:30:00,2189.023,2012-10-02 12:44:48,1954.96,256.99,2211.95,45.84,
"2012-10-02",13,2012-10-02 14:00:00,2202.278,2012-10-02 13:14:25,1956.4,258.2,2214.6,45.62,
"2012-10-02",14,2012-10-02 14:30:00,2202.153,2012-10-02 13:44:43,1997.55,259.64,2257.19,45.51,
"2012-10-02",15,2012-10-02 15:00:00,2190.701,2012-10-02 14:10:05,2004.59,269.06,2273.65,45.51,
"2012-10-02",16,2012-10-02 15:30:00,2211.167,2012-10-02 14:39:38,1982.75,278.02,2260.77,45.51,
"2012-10-02",17,2012-10-02 16:00:00,2248.376,2012-10-02 15:09:56,1975.86,277.26,2253.12,45.51,
"2012-10-02",18,2012-10-02 16:30:00,2237.977,2012-10-02 15:40:19,1965,283.69,2248.69,45.51,
"2012-10-02",19,2012-10-02 17:00:00,2202.787,2012-10-02 16:10:17,2000.34,265.27,2265.61,45.51,
"2012-10-02",20,2012-10-02 17:30:00,2240.312,2012-10-02 16:40:21,2051,264.06,2315.06,45.51,
"2012-10-02",21,2012-10-02 18:00:00,2313.743,2012-10-02 17:10:26,2088.3,261.19,2349.49,56.65,
"2012-10-02",22,2012-10-02 18:30:00,2393.824,2012-10-02 17:40:34,2166.03,204.94,2370.97,65.65,
"2012-10-02",23,2012-10-02 19:00:00,2342.395,2012-10-02 18:10:14,2072.26,219.2,2291.46,45.76,
"2012-10-02",24,2012-10-02 19:30:00,2292.786,2012-10-02 18:40:40,1969.24,257.33,2226.57,46.1,
"2012-10-02",25,2012-10-02 20:00:00,2165.064,2012-10-02 19:10:23,1903.17,264.19,2167.36,46.11,
"2012-10-02",26,2012-10-02 20:30:00,2104.189,2012-10-02 19:40:57,1826.69,278.07,2104.76,39.61,
"2012-10-02",27,2012-10-02 21:00:00,2011.485,2012-10-02 20:10:38,1765.79,273.95,2039.74,39.73,
"2012-10-02",28,2012-10-02 21:30:00,1936.471,2012-10-02 20:40:39,1649.19,263.6,1912.79,39.74,
"2012-10-02",29,2012-10-02 22:00:00,1832.09,2012-10-02 21:11:03,1564.22,267.45,1831.67,37.95,
"2012-10-02",30,2012-10-02 22:30:00,1776.567,2012-10-02 21:41:14,1495.39,244.31,1739.7,35.72,
"2012-10-02",31,2012-10-02 23:00:00,1653.677,2012-10-02 22:11:15,1429.33,230.16,1659.49,39.69,
"2012-10-02",32,2012-10-02 23:30:00,1617.205,2012-10-02 22:41:14,1372.15,238.62,1610.77,39.73,
"2012-10-02",33,2012-10-03 00:00:00,1570.648,2012-10-02 23:10:59,1329.14,244.02,1573.16,31.15,
"2012-10-02",34,2012-10-03 00:30:00,1543.256,2012-10-02 23:11:00,1293.49,246.45,1539.94,31.17,
"2012-10-02",35,2012-10-03 01:00:00,1518.565,2012-10-02 23:11:00,1297.8,260.12,1557.92,39.8,
"2012-10-02",36,2012-10-03 01:30:00,1478.799,2012-10-03 00:41:16,1279.83,253.36,1533.19,39.82,
"2012-10-02",37,2012-10-03 02:00:00,1495.277,2012-10-03 01:11:19,1257.46,252.09,1509.55,31.12,
"2012-10-02",38,2012-10-03 02:30:00,1514.304,2012-10-03 01:41:48,1274.24,244.32,1518.56,31.12,
"2012-10-02",39,2012-10-03 03:00:00,1488.581,2012-10-03 02:11:33,1282.65,245.59,1528.24,31.12,
"2012-10-02",40,2012-10-03 03:30:00,1501.408,2012-10-03 02:37:10,1298.04,239.62,1537.66,31.11,
"2012-10-02",41,2012-10-03 04:00:00,1515.341,2012-10-03 03:11:57,1292.38,234.22,1526.6,31.1,
"2012-10-02",42,2012-10-03 04:30:00,1570.213,2012-10-03 03:42:15,1353.28,221.06,1574.34,31.08,
"2012-10-02",43,2012-10-03 05:00:00,1598.273,2012-10-03 04:12:15,1401.45,220.41,1621.86,33.27,
"2012-10-02",44,2012-10-03 05:30:00,1653.497,2012-10-03 04:42:20,1470.61,213.82,1684.43,35.42,
"2012-10-02",45,2012-10-03 06:00:00,1861.001,2012-10-03 05:12:32,1598.99,210.96,1809.95,37.57,
"2012-10-02",46,2012-10-03 06:30:00,1969.215,2012-10-03 05:42:25,1702.61,204.47,1907.08,39.66,
"2012-10-02",47,2012-10-03 07:00:00,2083.059,2012-10-03 06:12:49,1802.54,202.37,2004.91,41.48,
"2012-10-02",48,2012-10-03 07:30:00,2072.768,2012-10-03 06:42:29,1828.06,215.94,2044,42.87,
"2012-10-03",1,2012-10-03 08:00:00,2093.761,2012-10-03 07:12:33,1868.32,214.79,2083.11,39.69,
"2012-10-03",2,2012-10-03 08:30:00,2016.204,2012-10-03 07:42:34,1886.77,217.8,2104.57,45.31,
"2012-10-03",3,2012-10-03 09:00:00,2032.457,2012-10-03 08:13:06,1878.63,207.61,2086.24,45.31,
"2012-10-03",4,2012-10-03 09:30:00,2046.968,2012-10-03 08:43:02,1889.92,210.45,2100.37,45.31,
"2012-10-03",5,2012-10-03 10:00:00,2016.758,2012-10-03 09:13:13,1848.27,207.08,2055.35,39.51,
"2012-10-03",6,2012-10-03 10:30:00,2095.587,2012-10-03 09:43:23,1861.96,191.31,2053.27,39.51,
"2012-10-03",7,2012-10-03 11:00:00,2079.374,2012-10-03 10:13:13,1866.02,178.94,2044.96,39.51,
"2012-10-03",8,2012-10-03 11:30:00,2008.831,2012-10-03 10:43:07,1881.9,164.51,2046.41,45.31,
"2012-10-03",9,2012-10-03 12:00:00,2025.749,2012-10-03 11:13:03,1855.46,169.98,2025.44,39.51,
"2012-10-03",10,2012-10-03 12:30:00,2042.654,2012-10-03 11:43:29,1876.79,157.22,2034.01,39.51,
"2012-10-03",11,2012-10-03 13:00:00,2054.233,2012-10-03 12:13:42,1885.65,142.59,2028.24,45.31,
"2012-10-03",12,2012-10-03 13:30:00,1999.075,2012-10-03 12:43:40,1910.42,121.33,2031.75,45.31,
"2012-10-03",13,2012-10-03 14:00:00,2044.042,2012-10-03 13:13:44,1895.77,136.16,2031.93,45.31,
"2012-10-03",14,2012-10-03 14:30:00,2022.411,2012-10-03 13:43:46,1929.41,129.09,2058.5,45.31,
"2012-10-03",15,2012-10-03 15:00:00,2089.618,2012-10-03 14:14:03,1919.07,150.88,2069.95,45.31,
"2012-10-03",16,2012-10-03 15:30:00,2089.434,2012-10-03 14:43:39,1942.74,149.21,2091.95,45.26,
"2012-10-03",17,2012-10-03 16:00:00,2118.262,2012-10-03 15:14:03,1970.66,146.61,2117.27,45.18,
"2012-10-03",18,2012-10-03 16:30:00,2135.961,2012-10-03 15:43:58,2002.15,144.5,2146.65,44.95,
"2012-10-03",19,2012-10-03 17:00:00,2176.822,2012-10-03 16:13:53,2073.8,111.49,2185.29,56.65,
"2012-10-03",20,2012-10-03 17:30:00,2232.985,2012-10-03 16:44:22,2138.85,118.39,2257.24,57.12,
"2012-10-03",21,2012-10-03 18:00:00,2302.465,2012-10-03 17:14:02,2225.19,106.39,2331.58,65.65,
"2012-10-03",22,2012-10-03 18:30:00,2369.808,2012-10-03 17:44:37,2274.43,118.25,2392.68,70.07,
"2012-10-03",23,2012-10-03 19:00:00,2304.979,2012-10-03 18:14:27,2198.53,116.08,2314.61,58.12,
"2012-10-03",24,2012-10-03 19:30:00,2256.991,2012-10-03 18:44:34,2126.51,110.99,2237.5,56.65,
"2012-10-03",25,2012-10-03 20:00:00,2155.196,2012-10-03 19:14:44,2051.84,114.24,2166.08,45.18,
"2012-10-03",26,2012-10-03 20:30:00,2116.379,2012-10-03 19:44:44,1977.08,121.82,2098.9,45.58,
"2012-10-03",27,2012-10-03 21:00:00,2011.452,2012-10-03 20:14:31,1906.32,120.98,2027.3,44.28,
"2012-10-03",28,2012-10-03 21:30:00,1918.174,2012-10-03 20:44:54,1812.3,124.37,1936.67,42.46,
"2012-10-03",29,2012-10-03 22:00:00,1857.93,2012-10-03 21:14:59,1720.27,126.65,1846.92,41.61,
"2012-10-03",30,2012-10-03 22:30:00,1766.733,2012-10-03 21:44:50,1629.94,114.11,1744.05,39.69,
"2012-10-03",31,2012-10-03 23:00:00,1674.015,2012-10-03 22:14:48,1614.83,91.53,1706.36,56.18,
"2012-10-03",32,2012-10-03 23:30:00,1634.857,2012-10-03 22:40:04,1575.37,76.21,1651.58,56.27,
"2012-10-03",33,2012-10-04 00:00:00,1574.843,2012-10-03 23:10:29,1557.81,47.93,1605.74,57.07,
"2012-10-03",34,2012-10-04 00:30:00,1544.342,2012-10-03 23:10:29,1523.62,52.83,1576.45,57.1,
"2012-10-03",35,2012-10-04 01:00:00,1519.3,2012-10-03 23:10:29,1509.95,49.01,1558.96,57.14,
"2012-10-03",36,2012-10-04 01:30:00,1527.537,2012-10-04 00:40:33,1513.39,46.68,1560.07,57.17,
"2012-10-03",37,2012-10-04 02:00:00,1511.889,2012-10-04 01:10:45,1486.59,48.11,1534.7,57.26,
"2012-10-03",38,2012-10-04 02:30:00,1475.06,2012-10-04 01:40:52,1473.26,40.9,1514.16,57.28,
"2012-10-03",39,2012-10-04 03:00:00,1528.941,2012-10-04 02:10:55,1485.36,36.5,1521.86,57.28,
"2012-10-03",40,2012-10-04 03:30:00,1523.681,2012-10-04 02:41:09,1486.42,45.04,1531.46,57.25,
"2012-10-03",41,2012-10-04 04:00:00,1548.036,2012-10-04 03:10:57,1505.42,41.5,1546.92,57.23,
"2012-10-03",42,2012-10-04 04:30:00,1589.886,2012-10-04 03:41:13,1571.7,37.05,1608.75,57.19,
"2012-10-03",43,2012-10-04 05:00:00,1656.402,2012-10-04 04:10:54,1633.6,29.91,1663.51,56.01,
"2012-10-03",44,2012-10-04 05:30:00,1723.701,2012-10-04 04:41:27,1701.44,33.68,1735.12,42.22,
"2012-10-03",45,2012-10-04 06:00:00,1908.956,2012-10-04 05:11:21,1835.83,34.26,1870.09,55.81,
"2012-10-03",46,2012-10-04 06:30:00,2028.81,2012-10-04 05:41:41,1946.95,25.55,1972.5,56.83,
"2012-10-03",47,2012-10-04 07:00:00,2120.505,2012-10-04 06:11:35,2062.77,19.98,2082.75,64.75,
"2012-10-03",48,2012-10-04 07:30:00,2126.697,2012-10-04 06:41:48,2084.79,21.61,2106.4,65.25,
"2012-10-04",1,2012-10-04 08:00:00,2136.867,2012-10-04 07:11:49,2131.34,17.57,2148.91,65.65,
"2012-10-04",2,2012-10-04 08:30:00,2116.641,2012-10-04 07:41:28,2122.58,17.68,2140.26,67.01,
"2012-10-04",3,2012-10-04 09:00:00,2103.976,2012-10-04 08:11:43,2090.2,19.66,2109.86,65.65,
"2012-10-04",4,2012-10-04 09:30:00,2094.937,2012-10-04 08:41:44,2080.04,21.54,2101.58,65.02,
"2012-10-04",5,2012-10-04 10:00:00,2139.372,2012-10-04 09:12:14,2073.81,18.89,2092.7,62.37,
"2012-10-04",6,2012-10-04 10:30:00,2056.276,2012-10-04 09:42:16,2078.44,28.95,2107.39,59.63,
"2012-10-04",7,2012-10-04 11:00:00,2078.434,2012-10-04 10:11:50,2096.58,23.48,2120.06,64.57,
"2012-10-04",8,2012-10-04 11:30:00,2037.386,2012-10-04 10:42:15,2113.97,26.05,2140.02,64.58,
"2012-10-04",9,2012-10-04 12:00:00,2129.93,2012-10-04 11:12:30,2034.72,33.29,2068.01,55.18,
"2012-10-04",10,2012-10-04 12:30:00,2144.906,2012-10-04 11:42:18,2023,34.25,2057.25,54.51,
"2012-10-04",11,2012-10-04 13:00:00,2097.18,2012-10-04 12:12:35,2016.16,49.6,2065.76,54.51,
"2012-10-04",12,2012-10-04 13:30:00,2046.531,2012-10-04 12:42:45,1982.05,55.01,2037.06,43.71,
"2012-10-04",13,2012-10-04 14:00:00,2052.743,2012-10-04 13:12:51,1953.62,63.88,2017.5,43.71,
"2012-10-04",14,2012-10-04 14:30:00,2083.26,2012-10-04 13:42:26,1930.83,79.28,2010.11,43.71,
"2012-10-04",15,2012-10-04 15:00:00,2059.044,2012-10-04 14:12:55,1960.25,77.57,2037.82,43.71,
"2012-10-04",16,2012-10-04 15:30:00,2035.453,2012-10-04 14:43:06,1961.72,83.29,2045.01,43.66,
"2012-10-04",17,2012-10-04 16:00:00,2067.39,2012-10-04 15:12:42,1995,92.27,2087.27,43.62,
"2012-10-04",18,2012-10-04 16:30:00,2045.544,2012-10-04 15:43:14,1985.6,102.35,2087.95,43.47,
"2012-10-04",19,2012-10-04 17:00:00,2137.755,2012-10-04 16:13:09,2059.41,114.57,2173.98,58.12,
"2012-10-04",20,2012-10-04 17:30:00,2248.527,2012-10-04 16:43:00,2135.13,114.79,2249.92,58.12,
"2012-10-04",21,2012-10-04 18:00:00,2221.519,2012-10-04 17:13:26,2213.28,123.93,2337.21,70.37,
"2012-10-04",22,2012-10-04 18:30:00,2345.838,2012-10-04 17:43:09,2290.78,149.2,2439.98,70.03,
"2012-10-04",23,2012-10-04 19:00:00,2333.618,2012-10-04 18:13:40,2240.58,147.79,2388.37,70.04,
"2012-10-04",24,2012-10-04 19:30:00,2307.755,2012-10-04 18:43:34,2170.03,173.62,2343.65,59.92,
"2012-10-04",25,2012-10-04 20:00:00,2230.928,2012-10-04 19:13:37,2112.85,172.85,2285.7,56.65,
"2012-10-04",26,2012-10-04 20:30:00,2175.865,2012-10-04 19:43:50,2020.98,190.29,2211.27,62.44,
"2012-10-04",27,2012-10-04 21:00:00,2125.459,2012-10-04 20:13:29,1902.16,201.78,2103.94,54.18,
"2012-10-04",28,2012-10-04 21:30:00,2040.634,2012-10-04 20:43:48,1834.2,186.49,2020.69,60.52,
"2012-10-04",29,2012-10-04 22:00:00,1912.058,2012-10-04 21:13:39,1728.04,198.1,1926.14,56.97,
"2012-10-04",30,2012-10-04 22:30:00,1780.417,2012-10-04 21:43:42,1646.27,186.12,1832.39,55.99,
"2012-10-04",31,2012-10-04 23:00:00,1652.678,2012-10-04 22:14:02,1550.65,183.77,1734.42,53.08,
"2012-10-04",32,2012-10-04 23:30:00,1641.434,2012-10-04 22:44:02,1451.37,210.95,1662.32,39.76,
"2012-10-04",33,2012-10-05 00:00:00,1613.93,2012-10-04 23:13:55,1432.87,191.47,1624.34,52.38,
"2012-10-04",34,2012-10-05 00:30:00,1581.418,2012-10-04 23:13:55,1397.65,189.53,1587.18,52.44,
"2012-10-04",35,2012-10-05 01:00:00,1557.404,2012-10-04 23:13:55,1341.24,213.85,1555.09,39.88,
"2012-10-04",36,2012-10-05 01:30:00,1562.864,2012-10-05 00:44:43,1334.71,220.18,1554.89,39.9,
"2012-10-04",37,2012-10-05 02:00:00,1526.543,2012-10-05 01:14:37,1344.4,195.34,1539.74,53.82,
"2012-10-04",38,2012-10-05 02:30:00,1560.488,2012-10-05 01:44:29,1343.31,190.94,1534.25,53.82,
"2012-10-04",39,2012-10-05 03:00:00,1530.358,2012-10-05 02:14:36,1366.37,173.39,1539.76,57.83,
"2012-10-04",40,2012-10-05 03:30:00,1521.649,2012-10-05 02:44:37,1382.28,166.16,1548.44,57.8,
"2012-10-04",41,2012-10-05 04:00:00,1535.799,2012-10-05 03:09:41,1410.77,159.9,1570.67,57.79,
"2012-10-04",42,2012-10-05 04:30:00,1575.174,2012-10-05 03:44:51,1429.33,181.37,1610.7,57.83,
"2012-10-04",43,2012-10-05 05:00:00,1662.319,2012-10-05 04:14:49,1502.48,198.21,1700.69,57.74,
"2012-10-04",44,2012-10-05 05:30:00,1727.795,2012-10-05 04:39:53,1571.57,200.23,1771.8,57.65,
"2012-10-04",45,2012-10-05 06:00:00,1874.961,2012-10-05 05:10:00,1701.45,203.31,1904.76,57.53,
"2012-10-04",46,2012-10-05 06:30:00,2001.236,2012-10-05 05:40:37,1823.89,170.07,1993.96,70.44,
"2012-10-04",47,2012-10-05 07:00:00,2121.019,2012-10-05 06:10:08,1913.28,157.78,2071.06,69.81,
"2012-10-04",48,2012-10-05 07:30:00,2203.314,2012-10-05 06:40:45,1959.46,163.24,2122.7,70.55,
"2012-10-05",1,2012-10-05 08:00:00,2191.206,2012-10-05 07:10:44,1990.52,146.42,2136.94,59.55,
"2012-10-05",2,2012-10-05 08:30:00,2158.846,2012-10-05 07:40:58,1983.28,133.69,2116.97,59.13,
"2012-10-05",3,2012-10-05 09:00:00,2130.972,2012-10-05 08:10:30,1960.92,124.21,2085.13,44.05,
"2012-10-05",4,2012-10-05 09:30:00,2101.201,2012-10-05 08:41:06,1958.75,103.53,2062.28,44.05,
"2012-10-05",5,2012-10-05 10:00:00,2083.422,2012-10-05 09:10:49,1968.85,81.87,2050.72,44.13,
"2012-10-05",6,2012-10-05 10:30:00,2052.246,2012-10-05 09:40:47,1968.36,63.34,2031.7,44.3,
"2012-10-05",7,2012-10-05 11:00:00,2065.024,2012-10-05 10:11:19,1935.49,65.42,2000.91,44.34,
"2012-10-05",8,2012-10-05 11:30:00,2033.342,2012-10-05 10:41:26,1946.83,61.71,2008.54,48.24,
"2012-10-05",9,2012-10-05 12:00:00,2012.179,2012-10-05 11:10:58,1942.44,55.1,1997.54,48.39,
"2012-10-05",10,2012-10-05 12:30:00,1988.997,2012-10-05 11:41:14,1936.99,54.22,1991.21,44.19,
"2012-10-05",11,2012-10-05 13:00:00,2008.684,2012-10-05 12:11:24,1935.32,51.65,1986.97,44.22,
"2012-10-05",12,2012-10-05 13:30:00,1973.858,2012-10-05 12:41:48,1916.38,68.16,1984.54,44.33,
"2012-10-05",13,2012-10-05 14:00:00,1946.634,2012-10-05 13:11:26,1902.48,84.77,1987.25,44.46,
"2012-10-05",14,2012-10-05 14:30:00,1965.161,2012-10-05 13:41:47,1917.7,79.59,1997.29,44.62,
"2012-10-05",15,2012-10-05 15:00:00,1893.195,2012-10-05 14:11:46,1927.12,81.68,2008.8,44.77,
"2012-10-05",16,2012-10-05 15:30:00,1965.208,2012-10-05 14:41:59,1956.33,85.04,2041.37,60.09,
"2012-10-05",17,2012-10-05 16:00:00,2006.898,2012-10-05 15:11:39,1968.41,86.47,2054.88,60,
"2012-10-05",18,2012-10-05 16:30:00,2022.382,2012-10-05 15:42:06,1962.33,100.6,2062.93,43.99,
"2012-10-05",19,2012-10-05 17:00:00,2110.141,2012-10-05 16:11:49,1961.37,127.75,2089.12,43.66,
"2012-10-05",20,2012-10-05 17:30:00,2118.965,2012-10-05 16:42:14,1994.19,120.57,2114.76,47.07,
"2012-10-05",21,2012-10-05 18:00:00,2129.806,2012-10-05 17:12:31,2043.18,143.73,2186.91,56.65,
"2012-10-05",22,2012-10-05 18:30:00,2172.573,2012-10-05 17:42:28,2089.93,180.53,2270.46,58.61,
"2012-10-05",23,2012-10-05 19:00:00,2189.746,2012-10-05 18:12:41,2027.13,212.21,2239.34,56.65,
"2012-10-05",24,2012-10-05 19:30:00,2163.168,2012-10-05 18:42:23,1930.26,231.36,2161.62,43.76,
"2012-10-05",25,2012-10-05 20:00:00,2085.181,2012-10-05 19:12:41,1850.61,254.09,2104.7,39.72,
"2012-10-05",26,2012-10-05 20:30:00,1955.878,2012-10-05 19:42:21,1792.65,265.07,2057.72,39.28,
"2012-10-05",27,2012-10-05 21:00:00,1883.161,2012-10-05 20:12:57,1715.9,263.29,1979.19,39.78,
"2012-10-05",28,2012-10-05 21:30:00,1875.871,2012-10-05 20:42:41,1640.43,261.77,1902.2,39.61,
"2012-10-05",29,2012-10-05 22:00:00,1822.758,2012-10-05 21:13:03,1605.78,255.96,1861.74,39.67,
"2012-10-05",30,2012-10-05 22:30:00,1753.354,2012-10-05 21:43:07,1519.4,255.1,1774.5,35.61,
"2012-10-05",31,2012-10-05 23:00:00,1695.023,2012-10-05 22:12:45,1450.02,254.94,1704.96,37.95,
"2012-10-05",32,2012-10-05 23:30:00,1583.257,2012-10-05 22:43:16,1404.2,269.74,1673.94,35.8,
"2012-10-05",33,2012-10-06 00:00:00,1560.392,2012-10-05 23:13:24,1355.63,271.57,1627.2,33.63,
"2012-10-05",34,2012-10-06 00:30:00,1529.918,2012-10-05 23:13:24,1324.27,268.25,1592.52,31.11,
"2012-10-05",35,2012-10-06 01:00:00,1499.588,2012-10-05 23:13:24,1279.01,270.86,1549.87,31.13,
"2012-10-05",36,2012-10-06 01:30:00,1506.334,2012-10-06 00:43:13,1253.35,271.64,1524.99,31.15,
"2012-10-05",37,2012-10-06 02:00:00,1475.395,2012-10-06 01:13:50,1263.51,251.67,1515.18,31.16,
"2012-10-05",38,2012-10-06 02:30:00,1458.005,2012-10-06 01:43:35,1228.22,265.41,1493.63,31.16,
"2012-10-05",39,2012-10-06 03:00:00,1454.098,2012-10-06 02:13:50,1231.28,256.89,1488.17,31.16,
"2012-10-05",40,2012-10-06 03:30:00,1439.562,2012-10-06 02:44:05,1250.28,247.02,1497.3,31.16,
"2012-10-05",41,2012-10-06 04:00:00,1438.678,2012-10-06 03:13:54,1233.6,246.68,1480.28,31.17,
"2012-10-05",42,2012-10-06 04:30:00,1448.607,2012-10-06 03:43:57,1286.37,246.16,1532.53,31.19,
"2012-10-05",43,2012-10-06 05:00:00,1480.464,2012-10-06 04:14:12,1319.57,244.46,1564.03,31.19,
"2012-10-05",44,2012-10-06 05:30:00,1473.862,2012-10-06 04:44:05,1314.09,244.43,1558.52,31.19,
"2012-10-05",45,2012-10-06 06:00:00,1549.764,2012-10-06 05:13:59,1341.62,246.79,1588.41,31.19,
"2012-10-05",46,2012-10-06 06:30:00,1632.741,2012-10-06 05:44:07,1386.34,246.92,1633.26,31.16,
"2012-10-05",47,2012-10-06 07:00:00,1728.798,2012-10-06 06:14:21,1452.29,237.29,1689.58,31.16,
"2012-10-05",48,2012-10-06 07:30:00,1772.667,2012-10-06 06:44:33,1546.02,223.17,1769.19,31.16,
"2012-10-06",1,2012-10-06 08:00:00,1836.632,2012-10-06 07:14:41,1591,208.71,1799.71,39.65,
"2012-10-06",2,2012-10-06 08:30:00,1846.463,2012-10-06 07:44:57,1616.97,206.95,1823.92,39.64,
"2012-10-06",3,2012-10-06 09:00:00,1824.049,2012-10-06 08:14:54,1587.45,214.63,1802.08,39.64,
"2012-10-06",4,2012-10-06 09:30:00,1778.974,2012-10-06 08:39:33,1570.29,217.95,1788.24,39.64,
"2012-10-06",5,2012-10-06 10:00:00,1795.644,2012-10-06 09:09:41,1537.3,220.83,1758.13,39.64,
"2012-10-06",6,2012-10-06 10:30:00,1736.15,2012-10-06 09:39:42,1505.88,219.09,1724.97,39.64,
"2012-10-06",7,2012-10-06 11:00:00,1708.734,2012-10-06 10:09:48,1504.75,220.48,1725.23,39.65,
"2012-10-06",8,2012-10-06 11:30:00,1683.602,2012-10-06 10:44:58,1531.19,203.72,1734.91,39.66,
"2012-10-06",9,2012-10-06 12:00:00,1682.623,2012-10-06 11:14:59,1529.77,190.49,1720.26,39.66,
"2012-10-06",10,2012-10-06 12:30:00,1683.687,2012-10-06 11:40:11,1554.13,182.01,1736.14,39.66,
"2012-10-06",11,2012-10-06 13:00:00,1616.553,2012-10-06 12:10:42,1581.6,149.12,1730.72,39.65,
"2012-10-06",12,2012-10-06 13:30:00,1670.461,2012-10-06 12:40:44,1605.04,111.59,1716.63,39.65,
"2012-10-06",13,2012-10-06 14:00:00,1711.09,2012-10-06 13:10:31,1624.56,98.14,1722.7,39.65,
"2012-10-06",14,2012-10-06 14:30:00,1717.538,2012-10-06 13:40:30,1612.9,122.74,1735.64,39.65,
"2012-10-06",15,2012-10-06 15:00:00,1655.469,2012-10-06 14:10:47,1644.58,116.21,1760.79,39.65,
"2012-10-06",16,2012-10-06 15:30:00,1749.8,2012-10-06 14:40:48,1684.22,109.88,1794.1,39.61,
"2012-10-06",17,2012-10-06 16:00:00,1762.357,2012-10-06 15:10:50,1705.25,121.41,1826.66,54.45,
"2012-10-06",18,2012-10-06 16:30:00,1816.549,2012-10-06 15:41:10,1736.44,117.6,1854.04,54.22,
"2012-10-06",19,2012-10-06 17:00:00,1878.613,2012-10-06 16:10:59,1825.08,93.53,1918.61,58.11,
"2012-10-06",20,2012-10-06 17:30:00,1921.692,2012-10-06 16:41:05,1882.89,86.35,1969.24,61.73,
"2012-10-06",21,2012-10-06 18:00:00,1995.541,2012-10-06 17:11:22,1969.52,78.57,2048.09,65.46,
"2012-10-06",22,2012-10-06 18:30:00,2052.939,2012-10-06 17:41:15,1938.82,162.64,2101.46,67.53,
"2012-10-06",23,2012-10-06 19:00:00,2129.497,2012-10-06 18:11:10,1844.92,203.66,2048.58,56.65,
"2012-10-06",24,2012-10-06 19:30:00,2033.293,2012-10-06 18:41:35,1810.79,199.29,2010.08,39.09,
"2012-10-06",25,2012-10-06 20:00:00,1910.428,2012-10-06 19:11:51,1777.67,199.31,1976.98,39.22,
"2012-10-06",26,2012-10-06 20:30:00,1890.736,2012-10-06 19:41:37,1734.74,195.42,1930.16,51.75,
"2012-10-06",27,2012-10-06 21:00:00,1812.99,2012-10-06 20:11:57,1669.36,200.08,1869.44,39.47,
"2012-10-06",28,2012-10-06 21:30:00,1802.219,2012-10-06 20:42:46,1749.6,78.07,1827.67,60.55,
"2012-10-06",29,2012-10-06 22:00:00,1761.563,2012-10-06 21:11:55,1667.24,92.89,1760.13,39.58,
"2012-10-06",30,2012-10-06 22:30:00,1667.254,2012-10-06 21:41:52,1627.27,93.97,1721.24,39.4,
"2012-10-06",31,2012-10-06 23:00:00,1599.987,2012-10-06 22:12:02,1540.07,115.32,1655.39,39.54,
"2012-10-06",32,2012-10-06 23:30:00,1616.11,2012-10-06 22:42:25,1450.69,148.85,1599.54,38.89,
"2012-10-06",33,2012-10-07 00:00:00,1528.623,2012-10-06 23:12:17,1437.58,135.05,1572.63,38.99,
"2012-10-06",34,2012-10-07 00:30:00,1493.62,2012-10-06 23:12:17,1373.04,165.13,1538.17,39.2,
"2012-10-06",35,2012-10-07 01:00:00,1463.511,2012-10-06 23:12:17,1376.05,141.44,1517.49,39.4,
"2012-10-06",36,2012-10-07 01:30:00,1477.055,2012-10-07 00:42:32,1383.48,102.85,1486.33,54.43,
"2012-10-06",37,2012-10-07 02:00:00,1452.959,2012-10-07 01:12:40,1373.91,111.4,1485.31,57.65,
"2012-10-06",38,2012-10-07 02:30:00,1441.411,2012-10-07 01:42:56,1371.2,98.72,1469.92,57.76,
"2012-10-06",39,2012-10-07 03:00:00,1444.736,2012-10-07 02:12:27,1372.1,105.47,1477.57,57.88,
"2012-10-06",40,2012-10-07 03:30:00,1439.1,2012-10-07 02:42:57,1372.97,97.86,1470.83,57.98,
"2012-10-06",41,2012-10-07 04:00:00,1455.066,2012-10-07 03:13:01,1423.61,57.12,1480.73,62.65,
"2012-10-06",42,2012-10-07 04:30:00,1456.081,2012-10-07 03:42:57,1454.18,48.65,1502.83,64.52,
"2012-10-06",43,2012-10-07 05:00:00,1456.22,2012-10-07 04:13:15,1461.48,49.12,1510.6,59.62,
"2012-10-06",44,2012-10-07 05:30:00,1468.428,2012-10-07 04:43:03,1375.59,84.44,1460.03,59.32,
"2012-10-06",45,2012-10-07 06:00:00,1504.744,2012-10-07 05:13:10,1433.38,56.34,1489.72,59.71,
"2012-10-06",46,2012-10-07 06:30:00,1541.953,2012-10-07 05:43:24,1451.28,49.71,1500.99,59.47,
"2012-10-06",47,2012-10-07 07:00:00,1579.179,2012-10-07 06:13:25,1458.01,88.9,1546.91,59.42,
"2012-10-06",48,2012-10-07 07:30:00,1621.35,2012-10-07 06:43:41,1528.84,83.5,1612.34,54.59,
"2012-10-07",1,2012-10-07 08:00:00,1627.094,2012-10-07 07:13:44,1574.99,88.72,1663.71,58.74,
"2012-10-07",2,2012-10-07 08:30:00,1631.688,2012-10-07 07:43:43,1593.87,94.24,1688.11,58.62,
"2012-10-07",3,2012-10-07 09:00:00,1665.843,2012-10-07 08:14:05,1594.12,97.19,1691.31,58.36,
"2012-10-07",4,2012-10-07 09:30:00,1650.887,2012-10-07 08:44:04,1598.96,119.95,1718.91,58.3,
"2012-10-07",5,2012-10-07 10:00:00,1658.983,2012-10-07 09:14:11,1600.96,109.1,1710.06,58.47,
"2012-10-07",6,2012-10-07 10:30:00,1708.896,2012-10-07 09:44:09,1594.87,115.68,1710.55,58.61,
"2012-10-07",7,2012-10-07 11:00:00,1729.701,2012-10-07 10:14:09,1577.23,133.35,1710.58,58.73,
"2012-10-07",8,2012-10-07 11:30:00,1708.599,2012-10-07 10:44:28,1628.49,126.42,1754.91,58.71,
"2012-10-07",9,2012-10-07 12:00:00,1703.324,2012-10-07 11:14:23,1596.22,129.42,1725.64,58.55,
"2012-10-07",10,2012-10-07 12:30:00,1684.059,2012-10-07 11:44:06,1561.09,140.91,1702,58.47,
"2012-10-07",11,2012-10-07 13:00:00,1666.544,2012-10-07 12:14:13,1589.54,101.22,1690.76,58.53,
"2012-10-07",12,2012-10-07 13:30:00,1689.45,2012-10-07 12:44:18,1555.98,116.49,1672.47,58.63,
"2012-10-07",13,2012-10-07 14:00:00,1637.564,2012-10-07 13:14:41,1544.84,135.51,1680.35,58.77,
"2012-10-07",14,2012-10-07 14:30:00,1647.091,2012-10-07 13:44:51,1541.16,135.67,1676.83,58.86,
"2012-10-07",15,2012-10-07 15:00:00,1675.212,2012-10-07 14:09:57,1585.83,130.7,1716.53,58.79,
"2012-10-07",16,2012-10-07 15:30:00,1689.426,2012-10-07 14:39:53,1635.88,111.44,1747.32,58.55,
"2012-10-07",17,2012-10-07 16:00:00,1740.14,2012-10-07 15:09:55,1640.84,132.52,1773.36,58.19,
"2012-10-07",18,2012-10-07 16:30:00,1753.875,2012-10-07 15:40:14,1734.11,101.29,1835.4,60.33,
"2012-10-07",19,2012-10-07 17:00:00,1892.831,2012-10-07 16:14:59,1731.11,169.51,1900.62,57.58,
"2012-10-07",20,2012-10-07 17:30:00,1934.468,2012-10-07 16:40:15,1844.2,140.55,1984.75,60.08,
"2012-10-07",21,2012-10-07 18:00:00,2021.943,2012-10-07 17:10:17,1959.17,105.31,2064.48,59.4,
"2012-10-07",22,2012-10-07 18:30:00,2073.761,2012-10-07 17:40:23,2005.71,140.79,2146.5,59.53,
"2012-10-07",23,2012-10-07 19:00:00,2094.784,2012-10-07 18:10:08,1966.33,142.34,2108.67,59.52,
"2012-10-07",24,2012-10-07 19:30:00,2072.635,2012-10-07 18:40:37,1927.3,143.29,2070.59,59.55,
"2012-10-07",25,2012-10-07 20:00:00,2008.111,2012-10-07 19:10:38,1870.22,150.99,2021.21,57.46,
"2012-10-07",26,2012-10-07 20:30:00,1924.915,2012-10-07 19:40:34,1769.83,158.07,1927.9,57.72,
"2012-10-07",27,2012-10-07 21:00:00,1855.524,2012-10-07 20:10:30,1681.81,176.49,1858.3,58.03,
"2012-10-07",28,2012-10-07 21:30:00,1791.602,2012-10-07 20:40:36,1644.39,146.47,1790.86,58.09,
"2012-10-07",29,2012-10-07 22:00:00,1712.3,2012-10-07 21:11:00,1520.33,173.27,1693.6,58.29,
"2012-10-07",30,2012-10-07 22:30:00,1624.206,2012-10-07 21:40:45,1426.89,206.11,1633,58.45,
"2012-10-07",31,2012-10-07 23:00:00,1565.622,2012-10-07 22:10:59,1400.59,181.65,1582.24,58.73,
"2012-10-07",32,2012-10-07 23:30:00,1532.797,2012-10-07 22:41:12,1380.25,162.93,1543.18,59.45,
"2012-10-07",33,2012-10-08 00:00:00,1469.888,2012-10-07 23:11:26,1335.08,168.6,1503.68,58.54,
"2012-10-07",34,2012-10-08 00:30:00,1444.748,2012-10-07 23:11:26,1294.56,182.37,1476.93,39.9,
"2012-10-07",35,2012-10-08 01:00:00,1429.93,2012-10-07 23:11:26,1276.41,182.09,1458.5,39.93,
"2012-10-07",36,2012-10-08 01:30:00,1439.897,2012-10-08 00:41:14,1258.84,192.07,1450.91,39.94,
"2012-10-07",37,2012-10-08 02:00:00,1438.944,2012-10-08 01:11:52,1241.27,198.54,1439.81,32.24,
"2012-10-07",38,2012-10-08 02:30:00,1446.179,2012-10-08 01:41:45,1262.98,180.26,1443.24,32.16,
"2012-10-07",39,2012-10-08 03:00:00,1457.052,2012-10-08 02:11:40,1264.72,184.44,1449.16,31.93,
"2012-10-07",40,2012-10-08 03:30:00,1431.378,2012-10-08 02:41:48,1275.83,181.58,1457.41,31.71,
"2012-10-07",41,2012-10-08 04:00:00,1462.034,2012-10-08 03:12:26,1296.08,174.92,1471,39.85,
"2012-10-07",42,2012-10-08 04:30:00,1519.473,2012-10-08 03:41:52,1359.73,179.76,1539.49,39.83,
"2012-10-07",43,2012-10-08 05:00:00,1560.475,2012-10-08 04:12:13,1449.4,164.69,1614.09,33.6,
"2012-10-07",44,2012-10-08 05:30:00,1665.322,2012-10-08 04:42:30,1522.54,156.5,1679.04,35.83,
"2012-10-07",45,2012-10-08 06:00:00,1811.486,2012-10-08 05:12:09,1675.2,141.43,1816.63,40.01,
"2012-10-07",46,2012-10-08 06:30:00,1935.475,2012-10-08 05:42:23,1780.19,138.29,1918.48,39.98,
"2012-10-07",47,2012-10-08 07:00:00,2055.349,2012-10-08 06:12:17,1870.35,144.32,2014.67,39.81,
"2012-10-07",48,2012-10-08 07:30:00,2017.255,2012-10-08 06:42:15,1947.08,121.96,2069.04,39.67,
"2012-10-08",1,2012-10-08 08:00:00,2059.918,2012-10-08 07:12:44,1959.96,141.7,2101.66,39.66,
"2012-10-08",2,2012-10-08 08:30:00,2094.573,2012-10-08 07:42:46,1981.9,132.39,2114.29,39.66,
"2012-10-08",3,2012-10-08 09:00:00,2146.124,2012-10-08 08:12:44,1983.91,118.1,2102.01,39.66,
"2012-10-08",4,2012-10-08 09:30:00,2101.947,2012-10-08 08:42:35,1971.92,109.58,2081.5,39.67,
"2012-10-08",5,2012-10-08 10:00:00,2100.49,2012-10-08 09:12:46,1960.49,105.3,2065.79,39.68,
"2012-10-08",6,2012-10-08 10:30:00,2062.495,2012-10-08 09:42:45,1927.92,100.57,2028.49,39.68,
"2012-10-08",7,2012-10-08 11:00:00,2084.166,2012-10-08 10:12:53,1928.02,91.99,2020.01,39.68,
"2012-10-08",8,2012-10-08 11:30:00,2077.994,2012-10-08 10:43:05,1951.72,93.99,2045.71,39.68,
"2012-10-08",9,2012-10-08 12:00:00,2046.958,2012-10-08 11:13:19,1924.14,86.28,2010.42,39.68,
"2012-10-08",10,2012-10-08 12:30:00,2047.517,2012-10-08 11:43:20,1944.47,94.59,2039.06,53.37,
"2012-10-08",11,2012-10-08 13:00:00,2080.997,2012-10-08 12:13:34,1948.07,101.56,2049.63,57.22,
"2012-10-08",12,2012-10-08 13:30:00,2044.468,2012-10-08 12:43:14,1941.76,94.99,2036.75,53.37,
"2012-10-08",13,2012-10-08 14:00:00,2063.766,2012-10-08 13:13:49,1937.22,108.29,2045.51,39.68,
"2012-10-08",14,2012-10-08 14:30:00,2076.883,2012-10-08 13:43:31,1951.56,120.43,2071.99,53.37,
"2012-10-08",15,2012-10-08 15:00:00,2063.556,2012-10-08 14:13:29,1943.35,132.4,2075.75,53.37,
"2012-10-08",16,2012-10-08 15:30:00,2073.504,2012-10-08 14:44:03,1986.39,126.65,2113.04,57.21,
"2012-10-08",17,2012-10-08 16:00:00,2080.388,2012-10-08 15:13:55,1980.24,128.26,2108.5,57.2,
"2012-10-08",18,2012-10-08 16:30:00,2107.265,2012-10-08 15:44:10,2026.73,135.87,2162.6,57.14,
"2012-10-08",19,2012-10-08 17:00:00,2114.107,2012-10-08 16:14:11,2047.61,123.18,2170.79,58.66,
"2012-10-08",20,2012-10-08 17:30:00,2149.395,2012-10-08 16:44:13,2103.32,124.52,2227.84,63.27,
"2012-10-08",21,2012-10-08 18:00:00,2206.228,2012-10-08 17:14:21,2185.07,119.54,2304.61,67.88,
"2012-10-08",22,2012-10-08 18:30:00,2280.634,2012-10-08 17:44:28,2242.89,126.31,2369.2,67.88,
"2012-10-08",23,2012-10-08 19:00:00,2267.339,2012-10-08 18:14:37,2144.29,161.8,2306.09,58.59,
"2012-10-08",24,2012-10-08 19:30:00,2278.708,2012-10-08 18:44:44,2081.96,169.6,2251.56,47.17,
"2012-10-08",25,2012-10-08 20:00:00,2127.355,2012-10-08 19:14:41,1990.39,182.17,2172.56,39.63,
"2012-10-08",26,2012-10-08 20:30:00,2088.31,2012-10-08 19:44:50,1898.79,212.17,2110.96,39.56,
"2012-10-08",27,2012-10-08 21:00:00,1995.045,2012-10-08 20:14:46,1777.2,238.78,2015.98,37.67,
"2012-10-08",28,2012-10-08 21:30:00,1944.758,2012-10-08 20:44:52,1683.09,236.93,1920.02,35.52,
"2012-10-08",29,2012-10-08 22:00:00,1854.88,2012-10-08 21:14:44,1585.56,233.03,1818.59,33.38,
"2012-10-08",30,2012-10-08 22:30:00,1758.71,2012-10-08 21:44:43,1499.64,223.03,1722.67,31.2,
"2012-10-08",31,2012-10-08 23:00:00,1639.698,2012-10-08 22:14:44,1444.18,216.5,1660.68,31.22,
"2012-10-08",32,2012-10-08 23:30:00,1612.794,2012-10-08 22:40:18,1416.88,195.77,1612.65,39.75,
"2012-10-08",33,2012-10-09 00:00:00,1581.76,2012-10-08 23:10:23,1384.02,194.03,1578.05,39.78,
"2012-10-08",34,2012-10-09 00:30:00,1556.798,2012-10-08 23:10:23,1325.51,220.47,1545.98,31.33,
"2012-10-08",35,2012-10-09 01:00:00,1534.767,2012-10-08 23:10:23,1322.57,210.41,1532.98,39.83,
"2012-10-08",36,2012-10-09 01:30:00,1482.263,2012-10-09 00:40:10,1316.53,209.84,1526.37,39.85,
"2012-10-08",37,2012-10-09 02:00:00,1484.903,2012-10-09 01:10:18,1311.73,205.13,1516.86,39.86,
"2012-10-08",38,2012-10-09 02:30:00,1482.555,2012-10-09 01:40:59,1309.31,211.21,1520.52,31.36,
"2012-10-08",39,2012-10-09 03:00:00,1488.264,2012-10-09 02:10:27,1314.46,201.62,1516.08,39.85,
"2012-10-08",40,2012-10-09 03:30:00,1495.753,2012-10-09 02:40:32,1328.77,188.07,1516.84,39.85,
"2012-10-08",41,2012-10-09 04:00:00,1622.067,2012-10-09 03:10:48,1320.7,196.76,1517.46,39.84,
"2012-10-08",42,2012-10-09 04:30:00,1559.388,2012-10-09 03:40:56,1375.58,192.8,1568.38,39.82,
"2012-10-08",43,2012-10-09 05:00:00,1634.851,2012-10-09 04:10:58,1429.99,187.12,1617.11,58.7,
"2012-10-08",44,2012-10-09 05:30:00,1691.601,2012-10-09 04:41:22,1489.28,184.93,1674.21,35.66,
"2012-10-08",45,2012-10-09 06:00:00,1848.023,2012-10-09 05:11:08,1630.74,175.08,1805.82,37.78,
"2012-10-08",46,2012-10-09 06:30:00,1953.411,2012-10-09 05:41:13,1702.59,184.22,1886.81,39.76,
"2012-10-08",47,2012-10-09 07:00:00,2046.662,2012-10-09 06:11:40,1780.57,192.34,1972.91,39.61,
"2012-10-08",48,2012-10-09 07:30:00,2067.415,2012-10-09 06:41:33,1841.33,169.9,2011.23,39.52,
"2012-10-09",1,2012-10-09 08:00:00,2061.061,2012-10-09 07:11:18,1843.79,178.19,2021.98,39.44,
"2012-10-09",2,2012-10-09 08:30:00,2043.997,2012-10-09 07:41:22,1856.29,173.24,2029.53,39.4,
"2012-10-09",3,2012-10-09 09:00:00,2032.502,2012-10-09 08:11:26,1842.34,172.44,2014.78,39.42,
"2012-10-09",4,2012-10-09 09:30:00,2016.892,2012-10-09 08:41:47,1833.44,168.61,2002.05,39.47,
"2012-10-09",5,2012-10-09 10:00:00,2017.549,2012-10-09 09:11:57,1855.31,140.83,1996.14,39.54,
"2012-10-09",6,2012-10-09 10:30:00,1987.124,2012-10-09 09:41:45,1853.06,126.58,1979.64,39.59,
"2012-10-09",7,2012-10-09 11:00:00,2008.343,2012-10-09 10:11:48,1884.2,109.7,1993.9,39.61,
"2012-10-09",8,2012-10-09 11:30:00,1994.223,2012-10-09 10:41:56,1897.57,108.77,2006.34,39.63,
"2012-10-09",9,2012-10-09 12:00:00,2000.204,2012-10-09 11:12:18,1881.04,99.52,1980.56,39.61,
"2012-10-09",10,2012-10-09 12:30:00,1892.275,2012-10-09 11:42:04,1877.95,112,1989.95,39.61,
"2012-10-09",11,2012-10-09 13:00:00,1994.13,2012-10-09 12:12:27,1898.03,109.65,2007.68,39.59,
"2012-10-09",12,2012-10-09 13:30:00,1993.88,2012-10-09 12:42:14,1891.35,112.35,2003.7,39.59,
"2012-10-09",13,2012-10-09 14:00:00,2043.165,2012-10-09 13:12:17,1945.89,99.89,2045.78,39.61,
"2012-10-09",14,2012-10-09 14:30:00,2044.05,2012-10-09 13:42:26,1937.53,114.7,2052.23,39.67,
"2012-10-09",15,2012-10-09 15:00:00,2046.782,2012-10-09 14:12:49,1952.1,125.65,2077.75,39.67,
"2012-10-09",16,2012-10-09 15:30:00,2077.083,2012-10-09 14:42:50,1917.86,150.28,2068.14,39.66,
"2012-10-09",17,2012-10-09 16:00:00,2076.512,2012-10-09 15:13:01,1913.31,160.33,2073.64,39.65,
"2012-10-09",18,2012-10-09 16:30:00,2060.125,2012-10-09 15:43:06,1936.86,181.59,2118.45,39.62,
"2012-10-09",19,2012-10-09 17:00:00,2077.884,2012-10-09 16:13:11,1935.54,202.46,2138,39.12,
"2012-10-09",20,2012-10-09 17:30:00,2100.703,2012-10-09 16:42:50,1952.89,221.79,2174.68,38.96,
"2012-10-09",21,2012-10-09 18:00:00,2202.325,2012-10-09 17:13:26,1976.32,225.7,2202.02,38.85,
"2012-10-09",22,2012-10-09 18:30:00,2277.468,2012-10-09 17:43:22,1991.43,235.75,2227.18,38.85,
"2012-10-09",23,2012-10-09 19:00:00,2220.95,2012-10-09 18:13:16,1929.56,246.41,2175.97,38.85,
"2012-10-09",24,2012-10-09 19:30:00,2162.839,2012-10-09 18:43:09,1888.15,245.28,2133.43,38.96,
"2012-10-09",25,2012-10-09 20:00:00,2038.124,2012-10-09 19:13:17,1804.87,245.58,2050.45,39.18,
"2012-10-09",26,2012-10-09 20:30:00,2009.472,2012-10-09 19:43:49,1748.52,244.47,1992.99,39.37,
"2012-10-09",27,2012-10-09 21:00:00,1875.055,2012-10-09 20:13:45,1658.18,245.72,1903.9,38.67,
"2012-10-09",28,2012-10-09 21:30:00,1823.667,2012-10-09 20:43:54,1546.32,244.98,1791.3,38.96,
"2012-10-09",29,2012-10-09 22:00:00,1762.977,2012-10-09 21:13:35,1447.86,245.11,1692.97,33.36,
"2012-10-09",30,2012-10-09 22:30:00,1648.524,2012-10-09 21:43:39,1368.61,248.74,1617.35,15.82,
"2012-10-09",31,2012-10-09 23:00:00,1552.607,2012-10-09 22:14:11,1308.29,246.39,1554.68,-6.33,
"2012-10-09",32,2012-10-09 23:30:00,1478.153,2012-10-09 22:43:49,1258.96,245.66,1504.62,-33.6,
"2012-10-09",33,2012-10-10 00:00:00,1429.924,2012-10-09 23:13:53,1218.52,246.94,1465.46,-13.65,
"2012-10-09",34,2012-10-10 00:30:00,1404.01,2012-10-09 23:13:53,1193.26,242.03,1435.29,-36.56,
"2012-10-09",35,2012-10-10 01:00:00,1383.293,2012-10-09 23:13:53,1203.79,248.78,1452.57,-32.93,
"2012-10-09",36,2012-10-10 01:30:00,1362.83,2012-10-10 00:44:33,1165.02,247.45,1412.47,-40.88,
"2012-10-09",37,2012-10-10 02:00:00,1386.366,2012-10-10 01:14:24,1181.85,244.92,1426.77,-36.75,
"2012-10-09",38,2012-10-10 02:30:00,1413.341,2012-10-10 01:44:54,1207.93,243.09,1451.02,-14.61,
"2012-10-09",39,2012-10-10 03:00:00,1376.918,2012-10-10 02:09:46,1238.77,242.97,1481.74,31.8,
"2012-10-09",40,2012-10-10 03:30:00,1385.981,2012-10-10 02:44:36,1244.08,244.27,1488.35,31.64,
"2012-10-09",41,2012-10-10 04:00:00,1440.038,2012-10-10 03:14:34,1270.92,239.98,1510.9,31.48,
"2012-10-09",42,2012-10-10 04:30:00,1505.649,2012-10-10 03:44:43,1324.94,240.62,1565.56,31.32,
"2012-10-09",43,2012-10-10 05:00:00,1576.204,2012-10-10 04:14:58,1372.7,247.06,1619.76,39.87,
"2012-10-09",44,2012-10-10 05:30:00,1627.456,2012-10-10 04:44:59,1439.44,247.19,1686.63,35.64,
"2012-10-09",45,2012-10-10 06:00:00,1820.905,2012-10-10 05:09:59,1580.05,243.78,1823.83,37.76,
"2012-10-09",46,2012-10-10 06:30:00,1945.67,2012-10-10 05:40:27,1665.63,246.38,1912.01,39.74,
"2012-10-09",47,2012-10-10 07:00:00,2059.333,2012-10-10 06:10:38,1785.89,246.48,2032.37,39.73,
"2012-10-09",48,2012-10-10 07:30:00,2058.429,2012-10-10 06:40:30,1814.21,252.32,2066.53,39.68,
"2012-10-10",1,2012-10-10 08:00:00,2076.109,2012-10-10 07:10:42,1829.43,249.69,2079.12,39.64,
"2012-10-10",2,2012-10-10 08:30:00,2035.036,2012-10-10 07:40:44,1819.74,256.32,2076.06,39.61,
"2012-10-10",3,2012-10-10 09:00:00,2040.973,2012-10-10 08:10:55,1823.07,246.34,2069.41,39.63,
"2012-10-10",4,2012-10-10 09:30:00,2078.221,2012-10-10 08:40:58,1804.03,239.93,2043.96,39.63,
"2012-10-10",5,2012-10-10 10:00:00,2025.248,2012-10-10 09:10:59,1764.94,254.05,2018.99,39.63,
"2012-10-10",6,2012-10-10 10:30:00,2033.333,2012-10-10 09:40:53,1745.23,253.8,1999.03,39.63,
"2012-10-10",7,2012-10-10 11:00:00,2010.744,2012-10-10 10:10:57,1744.83,254,1998.83,39.64,
"2012-10-10",8,2012-10-10 11:30:00,2002.062,2012-10-10 10:40:59,1756.7,253.4,2010.1,39.63,
"2012-10-10",9,2012-10-10 12:00:00,2011.406,2012-10-10 11:11:01,1755.87,255,2010.87,39.62,
"2012-10-10",10,2012-10-10 12:30:00,1966.516,2012-10-10 11:41:03,1752.48,251.55,2004.03,39.62,
"2012-10-10",11,2012-10-10 13:00:00,2013.172,2012-10-10 12:11:32,1800,253.47,2053.47,39.6,
"2012-10-10",12,2012-10-10 13:30:00,1989.165,2012-10-10 12:41:17,1812.16,251.33,2063.49,39.58,
"2012-10-10",13,2012-10-10 14:00:00,1989.862,2012-10-10 13:11:46,1832.88,251.81,2084.69,39.56,
"2012-10-10",14,2012-10-10 14:30:00,2007.416,2012-10-10 13:41:21,1875.03,242.86,2117.89,39.53,
"2012-10-10",15,2012-10-10 15:00:00,2049.874,2012-10-10 14:11:40,1881.42,247.59,2129.01,39.53,
"2012-10-10",16,2012-10-10 15:30:00,2095.119,2012-10-10 14:41:46,1879.99,245.04,2125.03,39.53,
"2012-10-10",17,2012-10-10 16:00:00,2115.181,2012-10-10 15:11:35,1890.55,245.3,2135.85,39.53,
"2012-10-10",18,2012-10-10 16:30:00,2126.188,2012-10-10 15:41:40,1938.27,243.38,2181.65,39.53,
"2012-10-10",19,2012-10-10 17:00:00,2188.852,2012-10-10 16:12:04,1980.77,241.43,2222.2,39.53,
"2012-10-10",20,2012-10-10 17:30:00,2159.66,2012-10-10 16:42:09,2018.08,233.54,2251.62,39.57,
"2012-10-10",21,2012-10-10 18:00:00,2218.476,2012-10-10 17:11:54,2047.99,227.61,2275.6,39.57,
"2012-10-10",22,2012-10-10 18:30:00,2312.589,2012-10-10 17:42:07,2152.76,210.67,2363.43,51.13,
"2012-10-10",23,2012-10-10 19:00:00,2257.251,2012-10-10 18:12:05,2056.02,219.67,2275.69,47.39,
"2012-10-10",24,2012-10-10 19:30:00,2260.897,2012-10-10 18:42:30,1975.99,244.43,2220.42,39.5,
"2012-10-10",25,2012-10-10 20:00:00,2122.022,2012-10-10 19:12:20,1908.9,246.19,2155.09,39.53,
"2012-10-10",26,2012-10-10 20:30:00,2063.471,2012-10-10 19:42:45,1838.06,245.81,2083.87,39.65,
"2012-10-10",27,2012-10-10 21:00:00,1975.972,2012-10-10 20:12:45,1753.74,244.33,1998.07,39.79,
"2012-10-10",28,2012-10-10 21:30:00,1883.241,2012-10-10 20:42:57,1668.83,247.96,1916.79,39.82,
"2012-10-10",29,2012-10-10 22:00:00,1764.809,2012-10-10 21:12:57,1585,245.89,1830.89,39.93,
"2012-10-10",30,2012-10-10 22:30:00,1708.935,2012-10-10 21:42:56,1492.71,250.57,1743.28,35.88,
"2012-10-10",31,2012-10-10 23:00:00,1615.092,2012-10-10 22:13:08,1433.19,245.99,1679.18,39.61,
"2012-10-10",32,2012-10-10 23:30:00,1569.37,2012-10-10 22:42:49,1376.59,246.19,1622.78,33.68,
"2012-10-10",33,2012-10-11 00:00:00,1533.698,2012-10-10 23:12:59,1336.56,241.31,1577.87,39.6,
"2012-10-10",34,2012-10-11 00:30:00,1501.14,2012-10-10 23:12:59,1293.67,247.85,1541.52,31.18,
"2012-10-10",35,2012-10-11 01:00:00,1477.805,2012-10-10 23:12:59,1274.58,245.61,1520.19,39.72,
"2012-10-10",36,2012-10-11 01:30:00,1453.873,2012-10-11 00:43:35,1264.7,241.79,1506.49,39.74,
"2012-10-10",37,2012-10-11 02:00:00,1446.538,2012-10-11 01:13:19,1258.99,247.94,1506.93,39.77,
"2012-10-10",38,2012-10-11 02:30:00,1414.378,2012-10-11 01:43:27,1249.7,245.37,1495.07,39.77,
"2012-10-10",39,2012-10-11 03:00:00,1432.328,2012-10-11 02:13:59,1244.86,245.52,1490.38,39.77,
"2012-10-10",40,2012-10-11 03:30:00,1457.863,2012-10-11 02:43:57,1247.02,246.2,1493.22,31.2,
"2012-10-10",41,2012-10-11 04:00:00,1471.872,2012-10-11 03:14:04,1292.45,246.37,1538.82,39.72,
"2012-10-10",42,2012-10-11 04:30:00,1504.814,2012-10-11 03:44:25,1322.37,244.5,1566.87,31.16,
"2012-10-10",43,2012-10-11 05:00:00,1538.745,2012-10-11 04:13:56,1376.31,246.68,1622.99,31.16,
"2012-10-10",44,2012-10-11 05:30:00,1663.541,2012-10-11 04:44:12,1442.48,244.01,1686.49,33.57,
"2012-10-10",45,2012-10-11 06:00:00,1784.677,2012-10-11 05:14:08,1584.16,246.14,1830.3,35.72,
"2012-10-10",46,2012-10-11 06:30:00,1933.022,2012-10-11 05:43:59,1649.6,245.24,1894.84,37.84,
"2012-10-10",47,2012-10-11 07:00:00,2044.103,2012-10-11 06:14:21,1757.27,248.92,2006.19,41.69,
"2012-10-10",48,2012-10-11 07:30:00,2099.72,2012-10-11 06:44:28,1784.79,245.12,2029.91,42.58,
"2012-10-11",1,2012-10-11 08:00:00,2121.688,2012-10-11 07:14:34,1829.78,241.42,2071.2,39.74,
"2012-10-11",2,2012-10-11 08:30:00,2051.098,2012-10-11 07:44:43,1813.48,249.31,2062.79,39.65,
"2012-10-11",3,2012-10-11 09:00:00,2090.403,2012-10-11 08:14:54,1803.25,244.86,2048.11,39.5,
"2012-10-11",4,2012-10-11 09:30:00,2097.456,2012-10-11 08:44:48,1813.5,250.09,2063.59,39.64,
"2012-10-11",5,2012-10-11 10:00:00,2086.875,2012-10-11 09:14:46,1808.24,248.63,2056.87,39.48,
"2012-10-11",6,2012-10-11 10:30:00,2070.099,2012-10-11 09:40:12,1869.8,205.25,2075.05,43.34,
"2012-10-11",7,2012-10-11 11:00:00,2096.002,2012-10-11 10:10:01,1890.25,206.33,2096.58,43.34,
"2012-10-11",8,2012-10-11 11:30:00,2102.234,2012-10-11 10:40:03,1885.79,205.23,2091.02,43.34,
"2012-10-11",9,2012-10-11 12:00:00,2114.358,2012-10-11 11:10:22,1913.12,204.73,2117.85,43.34,
"2012-10-11",10,2012-10-11 12:30:00,2193.489,2012-10-11 11:39:58,1942.54,201.19,2143.73,43.34,
"2012-10-11",11,2012-10-11 13:00:00,2152.542,2012-10-11 12:10:23,1982.4,208,2190.4,43.31,
"2012-10-11",12,2012-10-11 13:30:00,2182.143,2012-10-11 12:40:17,2015.34,205.73,2221.07,43.29,
"2012-10-11",13,2012-10-11 14:00:00,2199.88,2012-10-11 13:10:16,2028.18,190.11,2218.29,43.21,
"2012-10-11",14,2012-10-11 14:30:00,2196.605,2012-10-11 13:40:47,2045.38,152.83,2198.21,43.12,
"2012-10-11",15,2012-10-11 15:00:00,2225.436,2012-10-11 14:10:33,2106.16,165.62,2271.78,43.08,
"2012-10-11",16,2012-10-11 15:30:00,2269.809,2012-10-11 14:40:31,2067.07,187.64,2254.71,43,
"2012-10-11",17,2012-10-11 16:00:00,2222.358,2012-10-11 15:10:54,2145.07,162.13,2307.2,53.83,
"2012-10-11",18,2012-10-11 16:30:00,2203.45,2012-10-11 15:40:56,2177.46,139.24,2316.7,63.72,
"2012-10-11",19,2012-10-11 17:00:00,2189.245,2012-10-11 16:10:54,2177.14,127.95,2305.09,63.72,
"2012-10-11",20,2012-10-11 17:30:00,2278.971,2012-10-11 16:41:05,2181.05,139.3,2320.35,63.72,
"2012-10-11",21,2012-10-11 18:00:00,2283.555,2012-10-11 17:11:09,2222.37,132.33,2354.7,65.14,
"2012-10-11",22,2012-10-11 18:30:00,2367.842,2012-10-11 17:41:08,2276.67,120.68,2397.35,76.21,
"2012-10-11",23,2012-10-11 19:00:00,2321.517,2012-10-11 18:11:19,2175.17,174.27,2349.44,63.72,
"2012-10-11",24,2012-10-11 19:30:00,2291.568,2012-10-11 18:41:15,2114.66,187.73,2302.39,43.11,
"2012-10-11",25,2012-10-11 20:00:00,2187.957,2012-10-11 19:11:44,2070.16,161.88,2232.04,43.24,
"2012-10-11",26,2012-10-11 20:30:00,2093.057,2012-10-11 19:41:31,2022.48,124.87,2147.35,43.46,
"2012-10-11",27,2012-10-11 21:00:00,2014.71,2012-10-11 20:11:24,1914.9,128.85,2043.75,42.61,
"2012-10-11",28,2012-10-11 21:30:00,1941.766,2012-10-11 20:41:47,1802.22,143.89,1946.11,41.7,
"2012-10-11",29,2012-10-11 22:00:00,1812.39,2012-10-11 21:11:38,1726.3,135.45,1861.75,60.58,
"2012-10-11",30,2012-10-11 22:30:00,1719.364,2012-10-11 21:42:02,1656.18,105.69,1761.87,56.31,
"2012-10-11",31,2012-10-11 23:00:00,1673.542,2012-10-11 22:12:12,1510.21,183.06,1693.27,39.69,
"2012-10-11",32,2012-10-11 23:30:00,1597.922,2012-10-11 22:42:02,1476.94,169.6,1646.54,39.71,
"2012-10-11",33,2012-10-12 00:00:00,1522.006,2012-10-11 23:12:01,1465.89,139.3,1605.19,39.74,
"2012-10-11",34,2012-10-12 00:30:00,1489.745,2012-10-11 23:12:01,1433.23,161.61,1594.84,39.77,
"2012-10-11",35,2012-10-12 01:00:00,1469.523,2012-10-11 23:12:01,1381.68,188.42,1570.1,39.8,
"2012-10-11",36,2012-10-12 01:30:00,1507.888,2012-10-12 00:42:37,1368.94,179.3,1548.24,39.81,
"2012-10-11",37,2012-10-12 02:00:00,1504.333,2012-10-12 01:12:10,1358.31,184.88,1543.19,39.81,
"2012-10-11",38,2012-10-12 02:30:00,1488.287,2012-10-12 01:42:43,1357.21,187.45,1544.66,39.8,
"2012-10-11",39,2012-10-12 03:00:00,1488.06,2012-10-12 01:42:44,1340.79,195.18,1535.97,39.78,
"2012-10-11",40,2012-10-12 03:30:00,1494.552,2012-10-12 01:42:44,1338.52,195.24,1533.76,39.76,
"2012-10-11",41,2012-10-12 04:00:00,1509.479,2012-10-12 01:42:44,1352.39,198.66,1551.05,39.75,
"2012-10-11",42,2012-10-12 04:30:00,1540.98,2012-10-12 01:42:44,1404.32,192.45,1596.77,39.72,
"2012-10-11",43,2012-10-12 05:00:00,1590.826,2012-10-12 01:42:44,1462.69,196.61,1659.3,39.69,
"2012-10-11",44,2012-10-12 05:30:00,1683.6,2012-10-12 01:42:44,1516.2,204.19,1720.39,39.67,
"2012-10-11",45,2012-10-12 06:00:00,1814.257,2012-10-12 05:13:10,1646.76,206.08,1852.84,56.49,
"2012-10-11",46,2012-10-12 06:30:00,1930.893,2012-10-12 05:43:11,1740.61,199.61,1940.22,59.19,
"2012-10-11",47,2012-10-12 07:00:00,2050.943,2012-10-12 06:13:13,1855.24,208.4,2063.64,61.87,
"2012-10-11",48,2012-10-12 07:30:00,2061.103,2012-10-12 06:43:20,1912.49,217.4,2129.89,59.09,
"2012-10-12",1,2012-10-12 08:00:00,2104.337,2012-10-12 07:13:15,1959.22,227.97,2187.19,45.84,
"2012-10-12",2,2012-10-12 08:30:00,2083.239,2012-10-12 07:43:54,1972.58,242.38,2214.96,45.61,
"2012-10-12",3,2012-10-12 09:00:00,2162.545,2012-10-12 08:13:55,1973.63,245.46,2219.09,45.6,
"2012-10-12",4,2012-10-12 09:30:00,2139.731,2012-10-12 08:44:01,1937.11,247.99,2185.1,45.6,
"2012-10-12",5,2012-10-12 10:00:00,2141.749,2012-10-12 09:13:33,1953.83,243.35,2197.18,45.59,
"2012-10-12",6,2012-10-12 10:30:00,2188.523,2012-10-12 09:43:51,1918.53,252.09,2170.62,39.64,
"2012-10-12",7,2012-10-12 11:00:00,2176.927,2012-10-12 10:13:50,1944.32,247.7,2192.02,45.59,
"2012-10-12",8,2012-10-12 11:30:00,2186.981,2012-10-12 10:44:13,1927.72,249.06,2176.78,45.58,
"2012-10-12",9,2012-10-12 12:00:00,2127.616,2012-10-12 11:14:27,1895.37,261.7,2157.07,39.63,
"2012-10-12",10,2012-10-12 12:30:00,2159.563,2012-10-12 11:44:26,1898.74,263.03,2161.77,39.62,
"2012-10-12",11,2012-10-12 13:00:00,2133.936,2012-10-12 12:14:11,1883.83,267.1,2150.93,39.59,
"2012-10-12",12,2012-10-12 13:30:00,2116.133,2012-10-12 12:44:18,1885.82,264.16,2149.98,39.58,
"2012-10-12",13,2012-10-12 14:00:00,2088.504,2012-10-12 13:14:37,1904.63,259.5,2164.13,39.58,
"2012-10-12",14,2012-10-12 14:30:00,2147.224,2012-10-12 13:44:43,1929.2,249.25,2178.45,45.35,
"2012-10-12",15,2012-10-12 15:00:00,2113.337,2012-10-12 14:14:26,1943.41,246.23,2189.64,45.4,
"2012-10-12",16,2012-10-12 15:30:00,2144.984,2012-10-12 14:39:43,1988.28,238.05,2226.33,45.4,
"2012-10-12",17,2012-10-12 16:00:00,2144.995,2012-10-12 15:14:55,1981.7,236.39,2218.09,45.38,
"2012-10-12",18,2012-10-12 16:30:00,2188.462,2012-10-12 15:39:39,1984.08,237.71,2221.79,45.36,
"2012-10-12",19,2012-10-12 17:00:00,2211.474,2012-10-12 16:10:09,2031.75,234.68,2266.43,45.36,
"2012-10-12",20,2012-10-12 17:30:00,2204.206,2012-10-12 16:40:02,2034.57,230.13,2264.7,45.36,
"2012-10-12",21,2012-10-12 18:00:00,2195.47,2012-10-12 17:10:25,2093.47,194.32,2287.79,56.38,
"2012-10-12",22,2012-10-12 18:30:00,2250.851,2012-10-12 17:40:27,2100.26,170.72,2270.98,56.38,
"2012-10-12",23,2012-10-12 19:00:00,2241.431,2012-10-12 18:10:14,2072.81,169.66,2242.47,45.56,
"2012-10-12",24,2012-10-12 19:30:00,2179.684,2012-10-12 18:40:24,2002.88,178.12,2181,45.61,
"2012-10-12",25,2012-10-12 20:00:00,2015.321,2012-10-12 19:10:22,1958.44,160.68,2119.12,45.56,
"2012-10-12",26,2012-10-12 20:30:00,1975.218,2012-10-12 19:40:23,1906.71,153.85,2060.56,46.66,
"2012-10-12",27,2012-10-12 21:00:00,1920.796,2012-10-12 20:10:24,1846,144.15,1990.15,46.73,
"2012-10-12",28,2012-10-12 21:30:00,1950.832,2012-10-12 20:40:42,1785.7,127.71,1913.41,46.97,
"2012-10-12",29,2012-10-12 22:00:00,1827.981,2012-10-12 21:10:58,1705.97,145.77,1851.74,45.29,
"2012-10-12",30,2012-10-12 22:30:00,1751.175,2012-10-12 21:41:03,1622.88,151.66,1774.54,39.72,
"2012-10-12",31,2012-10-12 23:00:00,1656.921,2012-10-12 22:10:43,1566.93,135.89,1702.82,39.77,
"2012-10-12",32,2012-10-12 23:30:00,1609.609,2012-10-12 22:40:49,1531.3,134.76,1666.06,39.69,
"2012-10-12",33,2012-10-13 00:00:00,1565.059,2012-10-12 23:10:51,1502.64,115.29,1617.93,37.6,
"2012-10-12",34,2012-10-13 00:30:00,1534.66,2012-10-12 23:10:51,1475.05,113.67,1588.72,35.44,
"2012-10-12",35,2012-10-13 01:00:00,1507.305,2012-10-12 23:10:51,1474.11,92.9,1567.01,39.77,
"2012-10-12",36,2012-10-13 01:30:00,1494.966,2012-10-13 00:41:36,1478.54,76.32,1554.86,56.68,
"2012-10-12",37,2012-10-13 02:00:00,1482.054,2012-10-13 01:11:30,1473.74,64.08,1537.82,56.72,
"2012-10-12",38,2012-10-13 02:30:00,1472.023,2012-10-13 01:41:36,1470.06,63.69,1533.75,56.74,
"2012-10-12",39,2012-10-13 03:00:00,1513.422,2012-10-13 02:11:45,1457.15,65.97,1523.12,56.75,
"2012-10-12",40,2012-10-13 03:30:00,1469.589,2012-10-13 02:41:51,1463.3,63.2,1526.5,56.77,
"2012-10-12",41,2012-10-13 04:00:00,1471.309,2012-10-13 03:12:06,1456.65,70.07,1526.72,56.75,
"2012-10-12",42,2012-10-13 04:30:00,1501.359,2012-10-13 03:37:04,1487.31,61.85,1549.16,56.74,
"2012-10-12",43,2012-10-13 05:00:00,1494.948,2012-10-13 04:11:55,1529.21,47.27,1576.48,56.71,
"2012-10-12",44,2012-10-13 05:30:00,1525.548,2012-10-13 04:42:06,1515.82,52.94,1568.76,56.67,
"2012-10-12",45,2012-10-13 06:00:00,1589.393,2012-10-13 05:12:13,1544.69,67.31,1612,56.61,
"2012-10-12",46,2012-10-13 06:30:00,1656.445,2012-10-13 05:42:31,1596.5,64.57,1661.07,56.54,
"2012-10-12",47,2012-10-13 07:00:00,1735.068,2012-10-13 06:12:26,1637.57,98.06,1735.63,56.51,
"2012-10-12",48,2012-10-13 07:30:00,1789.573,2012-10-13 06:42:13,1691.94,127.25,1819.19,56.47,
"2012-10-13",1,2012-10-13 08:00:00,1835.07,2012-10-13 07:12:15,1722.41,131.02,1853.43,56.43,
"2012-10-13",2,2012-10-13 08:30:00,1858.308,2012-10-13 07:42:43,1776.26,115.6,1891.86,56.42,
"2012-10-13",3,2012-10-13 09:00:00,1878.419,2012-10-13 08:12:28,1772.93,114.48,1887.41,56.41,
"2012-10-13",4,2012-10-13 09:30:00,1868.821,2012-10-13 08:42:51,1763.43,143.72,1907.15,56.42,
"2012-10-13",5,2012-10-13 10:00:00,1838.958,2012-10-13 09:13:06,1704.57,187.66,1892.23,56.43,
"2012-10-13",6,2012-10-13 10:30:00,1869.498,2012-10-13 09:43:08,1691.54,210.79,1902.33,56.44,
"2012-10-13",7,2012-10-13 11:00:00,1849.472,2012-10-13 10:12:43,1685.31,195.93,1881.24,56.45,
"2012-10-13",8,2012-10-13 11:30:00,1883.067,2012-10-13 10:43:17,1678.99,207.69,1886.68,56.47,
"2012-10-13",9,2012-10-13 12:00:00,1807.01,2012-10-13 11:13:04,1616.67,276.67,1893.34,39.67,
"2012-10-13",10,2012-10-13 12:30:00,1812.015,2012-10-13 11:43:01,1639.22,294.33,1933.55,56.51,
"2012-10-13",11,2012-10-13 13:00:00,1816.515,2012-10-13 12:13:24,1598.27,313.78,1912.05,39.69,
"2012-10-13",12,2012-10-13 13:30:00,1813.938,2012-10-13 12:43:40,1533.92,320.2,1854.12,39.73,
"2012-10-13",13,2012-10-13 14:00:00,1849.783,2012-10-13 13:13:43,1603.27,288.03,1891.3,56.59,
"2012-10-13",14,2012-10-13 14:30:00,1796.146,2012-10-13 13:43:37,1582.04,305.77,1887.81,56.59,
"2012-10-13",15,2012-10-13 15:00:00,1836.403,2012-10-13 14:13:26,1611.71,276.29,1888,56.57,
"2012-10-13",16,2012-10-13 15:30:00,1863.609,2012-10-13 14:43:55,1635.24,261.83,1897.07,56.54,
"2012-10-13",17,2012-10-13 16:00:00,1881.067,2012-10-13 15:13:35,1620.19,285.12,1905.31,56.51,
"2012-10-13",18,2012-10-13 16:30:00,1880.887,2012-10-13 15:44:02,1649.88,285.33,1935.21,56.48,
"2012-10-13",19,2012-10-13 17:00:00,1918.857,2012-10-13 16:14:09,1703.32,262.95,1966.27,56.45,
"2012-10-13",20,2012-10-13 17:30:00,1955.203,2012-10-13 16:43:53,1739.38,267.83,2007.21,56.43,
"2012-10-13",21,2012-10-13 18:00:00,2017.685,2012-10-13 17:14:18,1833.91,267.83,2101.74,56.41,
"2012-10-13",22,2012-10-13 18:30:00,2091.63,2012-10-13 17:44:19,1945.15,214.49,2159.64,63.72,
"2012-10-13",23,2012-10-13 19:00:00,2052.487,2012-10-13 18:14:24,1900.06,209.66,2109.72,57.59,
"2012-10-13",24,2012-10-13 19:30:00,2042.187,2012-10-13 18:44:33,1851.76,200.93,2052.69,57.82,
"2012-10-13",25,2012-10-13 20:00:00,1957.408,2012-10-13 19:14:25,1783.65,217.49,2001.14,56.49,
"2012-10-13",26,2012-10-13 20:30:00,1931.931,2012-10-13 19:44:46,1725.9,230.15,1956.05,56.51,
"2012-10-13",27,2012-10-13 21:00:00,1863.275,2012-10-13 20:14:28,1674.61,226.21,1900.82,56.52,
"2012-10-13",28,2012-10-13 21:30:00,1772.761,2012-10-13 20:44:28,1598.72,235,1833.72,56.55,
"2012-10-13",29,2012-10-13 22:00:00,1715.638,2012-10-13 21:14:33,1533.24,232.43,1765.67,39.56,
"2012-10-13",30,2012-10-13 22:30:00,1717.852,2012-10-13 21:44:49,1491.29,224.69,1715.98,39.6,
"2012-10-13",31,2012-10-13 23:00:00,1638.937,2012-10-13 22:10:07,1421.78,227.87,1649.65,33.67,
"2012-10-13",32,2012-10-13 23:30:00,1572.532,2012-10-13 22:40:03,1363.7,223.37,1587.07,31.11,
"2012-10-13",33,2012-10-14 00:00:00,1490.285,2012-10-13 23:09:56,1323.71,225.74,1549.45,31.12,
"2012-10-13",34,2012-10-14 00:30:00,1456.372,2012-10-13 23:09:56,1273.2,233.69,1506.89,31.15,
"2012-10-13",35,2012-10-14 01:00:00,1428.135,2012-10-13 23:09:56,1264.3,218.32,1482.62,31.17,
"2012-10-13",36,2012-10-14 01:30:00,1419.248,2012-10-14 00:40:22,1265.41,206.39,1471.8,31.19,
"2012-10-13",37,2012-10-14 02:00:00,1414.059,2012-10-14 01:10:40,1248.33,207.65,1455.98,31.21,
"2012-10-13",38,2012-10-14 02:30:00,1403.991,2012-10-14 01:41:00,1240.48,217.58,1458.06,31.22,
"2012-10-13",39,2012-10-14 03:00:00,1414.596,2012-10-14 02:10:39,1239.29,224.4,1463.69,31.23,
"2012-10-13",40,2012-10-14 03:30:00,1405.739,2012-10-14 02:41:55,1254.34,211.36,1465.7,39.75,
"2012-10-13",41,2012-10-14 04:00:00,1419.52,2012-10-14 03:10:42,1271.31,203.7,1475.01,39.75,
"2012-10-13",42,2012-10-14 04:30:00,1405.233,2012-10-14 03:40:45,1300.37,194.21,1494.58,39.75,
"2012-10-13",43,2012-10-14 05:00:00,1427.087,2012-10-14 04:10:53,1294.9,202.65,1497.55,31.22,
"2012-10-13",44,2012-10-14 05:30:00,1415.374,2012-10-14 04:41:11,1289.3,197.58,1486.88,31.21,
"2012-10-13",45,2012-10-14 06:00:00,1464.44,2012-10-14 05:11:09,1342.39,166.18,1508.57,39.94,
"2012-10-13",46,2012-10-14 06:30:00,1506.805,2012-10-14 05:41:19,1389.39,162.32,1551.71,39.92,
"2012-10-13",47,2012-10-14 07:00:00,1558.716,2012-10-14 06:11:22,1411.9,196.35,1608.25,39.88,
"2012-10-13",48,2012-10-14 07:30:00,1607.973,2012-10-14 06:41:30,1468.33,196.59,1664.92,55.09,
"2012-10-14",1,2012-10-14 08:00:00,1646.864,2012-10-14 07:11:13,1517.86,192.54,1710.4,55.04,
"2012-10-14",2,2012-10-14 08:30:00,1664.169,2012-10-14 07:41:28,1587.62,184.09,1771.71,55,
"2012-10-14",3,2012-10-14 09:00:00,1726.654,2012-10-14 08:11:46,1578.52,198.57,1777.09,54.98,
"2012-10-14",4,2012-10-14 09:30:00,1711.391,2012-10-14 08:41:54,1589.13,199.44,1788.57,54.98,
"2012-10-14",5,2012-10-14 10:00:00,1734.861,2012-10-14 09:11:36,1589.77,184.05,1773.82,54.99,
"2012-10-14",6,2012-10-14 10:30:00,1762.919,2012-10-14 09:42:12,1596.38,172.63,1769.01,54.99,
"2012-10-14",7,2012-10-14 11:00:00,1742.537,2012-10-14 10:12:14,1603.1,166.51,1769.61,54.99,
"2012-10-14",8,2012-10-14 11:30:00,1742.328,2012-10-14 10:41:56,1573.94,162.23,1736.17,54.99,
"2012-10-14",9,2012-10-14 12:00:00,1950.033,2012-10-14 11:12:07,1612.77,137.5,1750.27,54.99,
"2012-10-14",10,2012-10-14 12:30:00,1721.055,2012-10-14 11:42:04,1626.74,126.61,1753.35,54.99,
"2012-10-14",11,2012-10-14 13:00:00,1665.955,2012-10-14 12:12:26,1600.58,139.25,1739.83,54.99,
"2012-10-14",12,2012-10-14 13:30:00,1684.904,2012-10-14 12:42:28,1580.12,168.46,1748.58,54.99,
"2012-10-14",13,2012-10-14 14:00:00,1696.152,2012-10-14 13:12:43,1584.42,166.4,1750.82,54.99,
"2012-10-14",14,2012-10-14 14:30:00,1691.516,2012-10-14 13:42:51,1611.41,162.12,1773.53,54.99,
"2012-10-14",15,2012-10-14 15:00:00,1740.951,2012-10-14 14:12:45,1626.76,143.54,1770.3,54.97,
"2012-10-14",16,2012-10-14 15:30:00,1764.288,2012-10-14 14:42:57,1681.32,151.76,1833.08,54.93,
"2012-10-14",17,2012-10-14 16:00:00,1790.585,2012-10-14 15:13:05,1728.56,145.11,1873.67,54.88,
"2012-10-14",18,2012-10-14 16:30:00,1805.865,2012-10-14 15:43:09,1781.41,143.52,1924.93,54.83,
"2012-10-14",19,2012-10-14 17:00:00,1907.605,2012-10-14 16:13:12,1869.84,125.24,1995.08,59.15,
"2012-10-14",20,2012-10-14 17:30:00,2050.732,2012-10-14 16:43:19,1942.01,119.16,2061.17,65.14,
"2012-10-14",21,2012-10-14 18:00:00,2068.627,2012-10-14 17:13:23,2019.29,104,2123.29,70.12,
"2012-10-14",22,2012-10-14 18:30:00,2150.243,2012-10-14 17:43:19,2073.06,109.22,2182.28,70.06,
"2012-10-14",23,2012-10-14 19:00:00,2140.139,2012-10-14 18:13:21,2052.54,105.26,2157.8,65.14,
"2012-10-14",24,2012-10-14 19:30:00,2094.001,2012-10-14 18:43:24,1990.67,115.33,2106,60.21,
"2012-10-14",25,2012-10-14 20:00:00,1981.353,2012-10-14 19:13:34,1934.13,114.82,2048.95,60.09,
"2012-10-14",26,2012-10-14 20:30:00,1950.714,2012-10-14 19:43:37,1883.16,114.61,1997.77,56.48,
"2012-10-14",27,2012-10-14 21:00:00,1866.514,2012-10-14 20:13:35,1814.81,102.97,1917.78,54.87,
"2012-10-14",28,2012-10-14 21:30:00,1798.273,2012-10-14 20:43:32,1734.05,104.29,1838.34,54.89,
"2012-10-14",29,2012-10-14 22:00:00,1758.65,2012-10-14 21:13:48,1643.05,116.99,1760.04,39.7,
"2012-10-14",30,2012-10-14 22:30:00,1646.319,2012-10-14 21:43:50,1578.34,107.11,1685.45,52.26,
"2012-10-14",31,2012-10-14 23:00:00,1582.364,2012-10-14 22:14:07,1524.32,111.51,1635.83,52.31,
"2012-10-14",32,2012-10-14 23:30:00,1526.627,2012-10-14 22:44:19,1533.26,92.83,1626.09,55.04,
"2012-10-14",33,2012-10-15 00:00:00,1501.949,2012-10-14 23:14:17,1524.81,68.49,1593.3,55.09,
"2012-10-14",34,2012-10-15 00:30:00,1477.291,2012-10-14 23:14:17,1484.46,72.2,1556.66,55.12,
"2012-10-14",35,2012-10-15 01:00:00,1460.954,2012-10-14 23:14:17,1516.41,55.6,1572.01,55.16,
"2012-10-14",36,2012-10-15 01:30:00,1451.535,2012-10-15 00:44:15,1502.94,52.46,1555.4,55.17,
"2012-10-14",37,2012-10-15 02:00:00,1457.47,2012-10-15 01:14:41,1501.51,52.17,1553.68,57.44,
"2012-10-14",38,2012-10-15 02:30:00,1478.577,2012-10-15 01:44:49,1502.5,43.98,1546.48,57.43,
"2012-10-14",39,2012-10-15 03:00:00,1451.389,2012-10-15 02:09:46,1498.58,50.85,1549.43,57.41,
"2012-10-14",40,2012-10-15 03:30:00,1458.914,2012-10-15 02:44:54,1517.13,49.57,1566.7,57.38,
"2012-10-14",41,2012-10-15 04:00:00,1495.351,2012-10-15 03:14:57,1526.68,59.98,1586.66,57.34,
"2012-10-14",42,2012-10-15 04:30:00,1518.074,2012-10-15 03:44:57,1581.67,61.71,1643.38,57.74,
"2012-10-14",43,2012-10-15 05:00:00,1596.711,2012-10-15 04:10:03,1646.86,43.35,1690.21,58.12,
"2012-10-14",44,2012-10-15 05:30:00,1680.951,2012-10-15 04:44:50,1726.93,23.01,1749.94,60.35,
"2012-10-14",45,2012-10-15 06:00:00,1832.34,2012-10-15 05:09:57,1834.8,23.3,1858.1,66.23,
"2012-10-14",46,2012-10-15 06:30:00,1946.147,2012-10-15 05:40:02,1947.18,26.6,1973.78,67.53,
"2012-10-14",47,2012-10-15 07:00:00,2070.638,2012-10-15 06:10:33,2055.57,32.21,2087.78,78.08,
"2012-10-14",48,2012-10-15 07:30:00,2071.595,2012-10-15 06:40:43,2086.45,46.74,2133.19,83.16,
"2012-10-15",1,2012-10-15 08:00:00,2102.308,2012-10-15 07:10:35,2095.37,32.3,2127.67,75.25,
"2012-10-15",2,2012-10-15 08:30:00,2083.982,2012-10-15 07:40:33,2132.5,28.09,2160.59,84.42,
"2012-10-15",3,2012-10-15 09:00:00,2110.159,2012-10-15 08:10:44,2168.79,24.88,2193.67,89.3,
"2012-10-15",4,2012-10-15 09:30:00,2097.941,2012-10-15 08:40:31,2139.42,33.63,2173.05,77.02,
"2012-10-15",5,2012-10-15 10:00:00,2114.14,2012-10-15 09:10:32,2134.2,37.41,2171.61,65.14,
"2012-10-15",6,2012-10-15 10:30:00,2120.154,2012-10-15 09:40:43,2128.81,31.57,2160.38,65.14,
"2012-10-15",7,2012-10-15 11:00:00,2121.53,2012-10-15 10:10:54,2091.91,41.08,2132.99,63.72,
"2012-10-15",8,2012-10-15 11:30:00,2151.801,2012-10-15 10:41:20,2086.73,57.25,2143.98,63.72,
"2012-10-15",9,2012-10-15 12:00:00,2129.828,2012-10-15 11:11:15,2065.79,52.53,2118.32,63.72,
"2012-10-15",10,2012-10-15 12:30:00,2128.521,2012-10-15 11:41:11,2049.28,83.75,2133.03,63.13,
"2012-10-15",11,2012-10-15 13:00:00,2113.54,2012-10-15 12:11:34,2011.87,86.7,2098.57,60.09,
"2012-10-15",12,2012-10-15 13:30:00,2076.506,2012-10-15 12:41:29,2012.33,96.27,2108.6,62.3,
"2012-10-15",13,2012-10-15 14:00:00,2049.711,2012-10-15 13:11:15,2022.76,91.3,2114.06,62.14,
"2012-10-15",14,2012-10-15 14:30:00,2120.758,2012-10-15 13:41:45,2022.42,109.56,2131.98,62.03,
"2012-10-15",15,2012-10-15 15:00:00,2079.868,2012-10-15 14:11:22,2025.45,107.6,2133.05,61.98,
"2012-10-15",16,2012-10-15 15:30:00,2119.321,2012-10-15 14:41:55,2045.88,106.55,2152.43,63.72,
"2012-10-15",17,2012-10-15 16:00:00,2137.124,2012-10-15 15:12:19,2057.92,112.06,2169.98,63.72,
"2012-10-15",18,2012-10-15 16:30:00,2108.959,2012-10-15 15:41:59,2045.85,136.45,2182.3,60.99,
"2012-10-15",19,2012-10-15 17:00:00,2128.554,2012-10-15 16:12:00,2110.23,125.93,2236.16,63.72,
"2012-10-15",20,2012-10-15 17:30:00,2204.474,2012-10-15 16:42:08,2135.68,116.45,2252.13,63.72,
"2012-10-15",21,2012-10-15 18:00:00,2213.766,2012-10-15 17:12:16,2188.01,120.11,2308.12,63.72,
"2012-10-15",22,2012-10-15 18:30:00,2333.667,2012-10-15 17:42:18,2265.52,119.02,2384.54,92.05,
"2012-10-15",23,2012-10-15 19:00:00,2262.09,2012-10-15 18:12:10,2191.78,127.99,2319.77,65.14,
"2012-10-15",24,2012-10-15 19:30:00,2215.24,2012-10-15 18:42:06,2126.46,128.07,2254.53,65.14,
"2012-10-15",25,2012-10-15 20:00:00,2125.137,2012-10-15 19:12:31,2020.9,151.91,2172.81,60.09,
"2012-10-15",26,2012-10-15 20:30:00,2057.518,2012-10-15 19:42:21,1933.81,151.64,2085.45,53.83,
"2012-10-15",27,2012-10-15 21:00:00,1959.424,2012-10-15 20:12:35,1786.55,165.95,1952.5,45.76,
"2012-10-15",28,2012-10-15 21:30:00,1876.262,2012-10-15 20:42:34,1701.22,162.55,1863.77,43.76,
"2012-10-15",29,2012-10-15 22:00:00,1745.934,2012-10-15 21:12:54,1626.1,147.41,1773.51,41.88,
"2012-10-15",30,2012-10-15 22:30:00,1625.622,2012-10-15 21:42:43,1581.83,127.84,1709.67,41.81,
"2012-10-15",31,2012-10-15 23:00:00,1560.434,2012-10-15 22:12:50,1485.05,159.24,1644.29,39.71,
"2012-10-15",32,2012-10-15 23:30:00,1531.908,2012-10-15 22:43:15,1443.62,165.05,1608.67,39.75,
"2012-10-15",33,2012-10-16 00:00:00,1512.041,2012-10-15 23:12:54,1384,181.91,1565.91,39.79,
"2012-10-15",34,2012-10-16 00:30:00,1486.596,2012-10-15 23:12:54,1398.69,163.78,1562.47,39.82,
"2012-10-15",35,2012-10-16 01:00:00,1467.471,2012-10-15 23:12:54,1369.28,164.03,1533.31,39.85,
"2012-10-15",36,2012-10-16 01:30:00,1466.587,2012-10-16 00:43:25,1329.72,194.67,1524.39,39.88,
"2012-10-15",37,2012-10-16 02:00:00,1467.655,2012-10-16 01:13:35,1339.99,207.31,1547.3,39.89,
"2012-10-15",38,2012-10-16 02:30:00,1484.813,2012-10-16 01:43:56,1339.81,204.26,1544.07,39.9,
"2012-10-15",39,2012-10-16 03:00:00,1513.919,2012-10-16 02:14:58,1334.12,187.53,1521.65,39.91,
"2012-10-15",40,2012-10-16 03:30:00,1477.055,2012-10-16 02:44:22,1340.67,198.48,1539.15,39.9,
"2012-10-15",41,2012-10-16 04:00:00,1491.224,2012-10-16 03:13:51,1329.01,205.36,1534.37,39.91,
"2012-10-15",42,2012-10-16 04:30:00,1487.322,2012-10-16 03:43:43,1405.83,196.88,1602.71,56.48,
"2012-10-15",43,2012-10-16 05:00:00,1568.864,2012-10-16 04:14:06,1477.63,172.83,1650.46,56.4,
"2012-10-15",44,2012-10-16 05:30:00,1657.247,2012-10-16 04:44:22,1549.76,191.37,1741.13,56.23,
"2012-10-15",45,2012-10-16 06:00:00,1790.867,2012-10-16 05:13:58,1648.41,213.52,1861.93,56.88,
"2012-10-15",46,2012-10-16 06:30:00,1915.693,2012-10-16 05:44:19,1770.48,201.21,1971.69,45.85,
"2012-10-15",47,2012-10-16 07:00:00,2041.652,2012-10-16 06:14:32,1916.66,161.32,2077.98,65.14,
"2012-10-15",48,2012-10-16 07:30:00,2098.977,2012-10-16 06:14:32,1991.68,113.92,2105.6,66.6,
"2012-10-16",1,2012-10-16 08:00:00,2126.616,2012-10-16 07:14:33,1972.74,104.44,2077.18,67.53,
"2012-10-16",2,2012-10-16 08:30:00,2066.582,2012-10-16 07:44:40,1992.59,89.64,2082.23,67.53,
"2012-10-16",3,2012-10-16 09:00:00,2074.205,2012-10-16 08:14:49,2027.82,60.45,2088.27,67.53,
"2012-10-16",4,2012-10-16 09:30:00,2008.007,2012-10-16 08:44:51,2058.44,40.64,2099.08,69.04,
"2012-10-16",5,2012-10-16 10:00:00,2001.252,2012-10-16 09:14:56,2017.36,45.31,2062.67,67.53,
"2012-10-16",6,2012-10-16 10:30:00,1982.62,2012-10-16 09:44:40,2066.25,39.65,2105.9,69.04,
"2012-10-16",7,2012-10-16 11:00:00,2008.801,2012-10-16 10:09:42,2062.06,31.62,2093.68,69.04,
"2012-10-16",8,2012-10-16 11:30:00,2039.7,2012-10-16 10:39:58,2056.04,31.47,2087.51,69.04,
"2012-10-16",9,2012-10-16 12:00:00,2047.245,2012-10-16 11:10:18,2013.58,45.83,2059.41,67.53,
"2012-10-16",10,2012-10-16 12:30:00,2029.88,2012-10-16 11:40:25,1997.79,45.92,2043.71,63.99,
"2012-10-16",11,2012-10-16 13:00:00,2038.383,2012-10-16 12:10:13,2000.75,52.36,2053.11,59.91,
"2012-10-16",12,2012-10-16 13:30:00,2033.745,2012-10-16 12:40:31,1998.53,63.66,2062.19,63.99,
"2012-10-16",13,2012-10-16 14:00:00,2040.934,2012-10-16 13:10:47,1981.81,89.39,2071.2,63.99,
"2012-10-16",14,2012-10-16 14:30:00,2029.086,2012-10-16 13:40:36,1975.74,108.2,2083.94,63.99,
"2012-10-16",15,2012-10-16 15:00:00,2015.669,2012-10-16 14:10:28,2006.89,104.97,2111.86,67.53,
"2012-10-16",16,2012-10-16 15:30:00,2056.968,2012-10-16 14:40:27,2055.1,98.93,2154.03,69.04,
"2012-10-16",17,2012-10-16 16:00:00,2077.42,2012-10-16 15:10:43,2058.24,101.04,2159.28,69.04,
"2012-10-16",18,2012-10-16 16:30:00,2076.216,2012-10-16 15:40:53,2069.67,109.58,2179.25,69.04,
"2012-10-16",19,2012-10-16 17:00:00,2138.516,2012-10-16 16:11:03,2098.22,112.32,2210.54,77.2,
"2012-10-16",20,2012-10-16 17:30:00,2223.374,2012-10-16 16:41:13,2119.73,117.74,2237.47,59.46,
"2012-10-16",21,2012-10-16 18:00:00,2251.763,2012-10-16 17:11:13,2199.35,112.29,2311.64,60.1,
"2012-10-16",22,2012-10-16 18:30:00,2330.643,2012-10-16 17:41:01,2256.12,109.78,2365.9,59.99,
"2012-10-16",23,2012-10-16 19:00:00,2250.439,2012-10-16 18:11:01,2185.72,117.99,2303.71,69.04,
"2012-10-16",24,2012-10-16 19:30:00,2235.298,2012-10-16 18:41:27,2106.18,129.21,2235.39,63.99,
"2012-10-16",25,2012-10-16 20:00:00,2187.753,2012-10-16 19:11:35,2025.73,141.59,2167.32,63.99,
"2012-10-16",26,2012-10-16 20:30:00,2098.644,2012-10-16 19:41:34,1931.43,160.39,2091.82,51.23,
"2012-10-16",27,2012-10-16 21:00:00,1967.271,2012-10-16 20:11:31,1819.69,189.26,2008.95,47.03,
"2012-10-16",28,2012-10-16 21:30:00,1901.473,2012-10-16 20:41:52,1724.75,197.75,1922.5,43.68,
"2012-10-16",29,2012-10-16 22:00:00,1800.362,2012-10-16 21:11:41,1602.11,211.1,1813.21,41.71,
"2012-10-16",30,2012-10-16 22:30:00,1685.092,2012-10-16 21:41:46,1546,205.84,1751.84,39.69,
"2012-10-16",31,2012-10-16 23:00:00,1622.139,2012-10-16 22:12:09,1527.36,167,1694.36,39.63,
"2012-10-16",32,2012-10-16 23:30:00,1570.768,2012-10-16 22:42:11,1479.44,164.1,1643.54,39.67,
"2012-10-16",33,2012-10-17 00:00:00,1534.412,2012-10-16 23:12:05,1450.11,151.97,1602.08,39.7,
"2012-10-16",34,2012-10-17 00:30:00,1502.619,2012-10-16 23:12:05,1427.47,147.26,1574.73,39.72,
"2012-10-16",35,2012-10-17 01:00:00,1474.175,2012-10-16 23:12:05,1394.74,145.18,1539.92,39.75,
"2012-10-16",36,2012-10-17 01:30:00,1465.089,2012-10-17 00:42:31,1411.62,128.74,1540.36,39.77,
"2012-10-16",37,2012-10-17 02:00:00,1476.219,2012-10-17 01:12:35,1433.9,111.32,1545.22,39.85,
"2012-10-16",38,2012-10-17 02:30:00,1475.803,2012-10-17 01:42:17,1403.18,137.85,1541.03,39.87,
"2012-10-16",39,2012-10-17 03:00:00,1476.603,2012-10-17 02:12:54,1426.66,113.11,1539.77,39.85,
"2012-10-16",40,2012-10-17 03:30:00,1487.754,2012-10-17 02:44:48,1438.37,134.06,1572.43,39.84,
"2012-10-16",41,2012-10-17 04:00:00,1520.047,2012-10-17 03:12:53,1509.24,69.56,1578.8,56.62,
"2012-10-16",42,2012-10-17 04:30:00,1575.714,2012-10-17 03:43:17,1572.36,46.02,1618.38,56.63,
"2012-10-16",43,2012-10-17 05:00:00,1649.392,2012-10-17 04:13:11,1622.84,42.2,1665.04,60.23,
"2012-10-16",44,2012-10-17 05:30:00,1770.642,2012-10-17 04:43:17,1662.96,63.88,1726.84,61.77,
"2012-10-16",45,2012-10-17 06:00:00,1922.917,2012-10-17 05:13:04,1708.77,162.74,1871.51,43.98,
"2012-10-16",46,2012-10-17 06:30:00,2064.582,2012-10-17 05:43:27,1810.43,176.31,1986.74,48.18,
"2012-10-16",47,2012-10-17 07:00:00,2161.145,2012-10-17 06:13:23,1881.34,213.6,2094.94,69.04,
"2012-10-16",48,2012-10-17 07:30:00,2174.573,2012-10-17 06:43:19,1858.95,240.74,2099.69,67.53,
"2012-10-17",1,2012-10-17 08:00:00,2189.03,2012-10-17 07:13:43,2036.27,89,2125.27,65.28,
"2012-10-17",2,2012-10-17 08:30:00,2153.729,2012-10-17 07:43:19,2013.6,99.99,2113.59,65.28,
"2012-10-17",3,2012-10-17 09:00:00,2048.499,2012-10-17 08:13:43,1954.28,153.81,2108.09,48.79,
"2012-10-17",4,2012-10-17 09:30:00,2041.781,2012-10-17 08:43:30,1912.24,178.08,2090.32,49.01,
"2012-10-17",5,2012-10-17 10:00:00,2061.15,2012-10-17 09:13:36,1918.86,135.28,2054.14,49.4,
"2012-10-17",6,2012-10-17 10:30:00,2060.084,2012-10-17 09:44:02,1953.7,82.64,2036.34,52.16,
"2012-10-17",7,2012-10-17 11:00:00,2057.766,2012-10-17 10:14:06,1977.51,74.52,2052.03,51.34,
"2012-10-17",8,2012-10-17 11:30:00,2060.103,2012-10-17 10:44:06,1964.25,86.26,2050.51,49.15,
"2012-10-17",9,2012-10-17 12:00:00,2026.24,2012-10-17 11:14:11,1976.24,69.67,2045.91,49.9,
"2012-10-17",10,2012-10-17 12:30:00,2041.865,2012-10-17 11:43:58,1974.59,73.2,2047.79,57.04,
"2012-10-17",11,2012-10-17 13:00:00,2046.684,2012-10-17 11:43:58,1907.31,82.04,1989.35,46.7,
"2012-10-17",12,2012-10-17 13:30:00,2014.23,2012-10-17 12:44:16,1900.1,87.19,1987.29,46.83,
"2012-10-17",13,2012-10-17 14:00:00,2088.054,2012-10-17 13:14:37,1914.23,82.54,1996.77,47.13,
"2012-10-17",14,2012-10-17 14:30:00,2029.112,2012-10-17 13:44:16,1913.37,99.48,2012.85,46.6,
"2012-10-17",15,2012-10-17 15:00:00,1997.033,2012-10-17 14:14:50,1896.53,109.87,2006.4,46.89,
"2012-10-17",16,2012-10-17 15:30:00,1990.187,2012-10-17 14:44:58,1936.11,106.66,2042.77,44.37,
"2012-10-17",17,2012-10-17 16:00:00,2010.294,2012-10-17 15:09:59,1987.24,110.21,2097.45,74.81,
"2012-10-17",18,2012-10-17 16:30:00,2021.833,2012-10-17 15:44:34,2067.01,118.38,2185.39,86.59,
"2012-10-17",19,2012-10-17 17:00:00,2069.606,2012-10-17 16:09:39,2075.22,124.43,2199.65,86.59,
"2012-10-17",20,2012-10-17 17:30:00,2050.467,2012-10-17 16:40:11,2093.5,127.4,2220.9,86.59,
"2012-10-17",21,2012-10-17 18:00:00,2198.971,2012-10-17 17:10:10,2158.45,124.85,2283.3,86.59,
"2012-10-17",22,2012-10-17 18:30:00,2282.162,2012-10-17 17:39:58,2246.17,127.51,2373.68,107.21,
"2012-10-17",23,2012-10-17 19:00:00,2243.617,2012-10-17 18:10:04,2188.1,131.14,2319.24,99.79,
"2012-10-17",24,2012-10-17 19:30:00,2184.473,2012-10-17 18:10:04,2084.86,170.87,2255.73,84.69,
"2012-10-17",25,2012-10-17 20:00:00,2116.826,2012-10-17 18:10:05,2021.76,165.56,2187.32,77.93,
"2012-10-17",26,2012-10-17 20:30:00,2039.404,2012-10-17 18:10:05,1970.72,146.45,2117.17,70.68,
"2012-10-17",27,2012-10-17 21:00:00,1946.573,2012-10-17 18:10:05,1867.15,155.95,2023.1,58.77,
"2012-10-17",28,2012-10-17 21:30:00,1844.34,2012-10-17 18:10:05,1766.79,159.23,1926.02,43.94,
"2012-10-17",29,2012-10-17 22:00:00,1730.968,2012-10-17 18:10:05,1666.63,161.6,1828.23,39.99,
"2012-10-17",30,2012-10-17 22:30:00,1650.616,2012-10-17 18:10:05,1585.65,139.21,1724.86,35.45,
"2012-10-17",31,2012-10-17 23:00:00,1698.294,2012-10-17 22:10:58,1461.22,189.87,1651.09,31.1,
"2012-10-17",32,2012-10-17 23:30:00,1584.488,2012-10-17 22:41:07,1376.72,207.79,1584.51,31.05,
"2012-10-17",33,2012-10-18 00:00:00,1552.2,2012-10-17 23:10:50,1420,163.08,1583.08,31.06,
"2012-10-17",34,2012-10-18 00:30:00,1527.352,2012-10-17 23:10:50,1422.79,129.09,1551.88,31.07,
"2012-10-17",35,2012-10-18 01:00:00,1508.695,2012-10-17 23:10:50,1453.51,105.9,1559.41,39.6,
"2012-10-17",36,2012-10-18 01:30:00,1437.495,2012-10-18 00:41:11,1445.06,97.05,1542.11,31.09,
"2012-10-17",37,2012-10-18 02:00:00,1485.048,2012-10-18 01:11:39,1437.5,87.7,1525.2,39.77,
"2012-10-17",38,2012-10-18 02:30:00,1472.775,2012-10-18 01:41:23,1438.81,86.13,1524.94,39.78,
"2012-10-17",39,2012-10-18 03:00:00,1491.991,2012-10-18 02:11:22,1460.54,85.6,1546.14,39.78,
"2012-10-17",40,2012-10-18 03:30:00,1485.763,2012-10-18 02:41:59,1446.05,108.39,1554.44,39.77,
"2012-10-17",41,2012-10-18 04:00:00,1515.01,2012-10-18 03:11:42,1448.45,106.04,1554.49,31.1,
"2012-10-17",42,2012-10-18 04:30:00,1542.308,2012-10-18 03:41:56,1518.36,98.83,1617.19,31.12,
"2012-10-17",43,2012-10-18 05:00:00,1616.571,2012-10-18 04:11:44,1567.53,91.91,1659.44,33.26,
"2012-10-17",44,2012-10-18 05:30:00,1669.285,2012-10-18 04:41:49,1656.16,84.18,1740.34,41.12,
"2012-10-17",45,2012-10-18 06:00:00,1847.281,2012-10-18 05:11:55,1817.22,77.72,1894.94,43.79,
"2012-10-17",46,2012-10-18 06:30:00,1953.874,2012-10-18 05:41:59,1919.02,63.14,1982.16,44.81,
"2012-10-17",47,2012-10-18 07:00:00,2086.488,2012-10-18 06:12:14,2025.3,48,2073.3,64.34,
"2012-10-17",48,2012-10-18 07:30:00,2101.11,2012-10-18 06:42:18,2067.87,42.48,2110.35,67.14,
"2012-10-18",1,2012-10-18 08:00:00,2139.256,2012-10-18 07:12:14,2064.45,41.05,2105.5,65.28,
"2012-10-18",2,2012-10-18 08:30:00,2187.985,2012-10-18 07:42:31,2084.6,37.11,2121.71,58.85,
"2012-10-18",3,2012-10-18 09:00:00,2105.407,2012-10-18 08:12:34,2065.82,33.24,2099.06,45.46,
"2012-10-18",4,2012-10-18 09:30:00,2057.895,2012-10-18 08:42:46,2095.63,30.8,2126.43,45.19,
"2012-10-18",5,2012-10-18 10:00:00,2040.235,2012-10-18 09:13:05,2054.75,28.86,2083.61,60.33,
"2012-10-18",6,2012-10-18 10:30:00,2060.696,2012-10-18 09:42:46,2072.17,30.44,2102.61,45.34,
"2012-10-18",7,2012-10-18 11:00:00,2076.555,2012-10-18 10:13:07,2057.45,34.22,2091.67,45.34,
"2012-10-18",8,2012-10-18 11:30:00,2065.575,2012-10-18 10:43:06,2051.96,43.28,2095.24,45.19,
"2012-10-18",9,2012-10-18 12:00:00,2059.078,2012-10-18 11:12:59,2014.01,50.12,2064.13,45.04,
"2012-10-18",10,2012-10-18 12:30:00,2039.268,2012-10-18 11:43:32,2019.01,42.91,2061.92,45.04,
"2012-10-18",11,2012-10-18 13:00:00,2048.047,2012-10-18 12:13:21,2030.61,48.88,2079.49,45.04,
"2012-10-18",12,2012-10-18 13:30:00,2032.296,2012-10-18 12:43:26,2044.46,65.59,2110.05,45.04,
"2012-10-18",13,2012-10-18 14:00:00,2034.239,2012-10-18 13:13:47,2046.23,68.7,2114.93,45.04,
"2012-10-18",14,2012-10-18 14:30:00,2121.251,2012-10-18 13:43:38,2029.68,71.38,2101.06,45.04,
"2012-10-18",15,2012-10-18 15:00:00,2095.481,2012-10-18 14:13:25,2082.05,74.78,2156.83,56.18,
"2012-10-18",16,2012-10-18 15:30:00,2128.253,2012-10-18 14:44:08,2085.44,82.69,2168.13,56.18,
"2012-10-18",17,2012-10-18 16:00:00,2088.225,2012-10-18 15:13:38,2112.12,87.01,2199.13,56.18,
"2012-10-18",18,2012-10-18 16:30:00,2121.606,2012-10-18 15:44:12,2112.23,87.06,2199.29,56.18,
"2012-10-18",19,2012-10-18 17:00:00,2132.014,2012-10-18 16:14:20,2130.94,85.31,2216.25,56.38,
"2012-10-18",20,2012-10-18 17:30:00,2128.645,2012-10-18 16:43:51,2180.72,63.56,2244.28,58.45,
"2012-10-18",21,2012-10-18 18:00:00,2235.91,2012-10-18 17:14:04,2226.54,73.84,2300.38,64.12,
"2012-10-18",22,2012-10-18 18:30:00,2310.696,2012-10-18 17:44:16,2270.56,97.42,2367.98,72.57,
"2012-10-18",23,2012-10-18 19:00:00,2210.782,2012-10-18 18:14:11,2215.83,101.38,2317.21,64.31,
"2012-10-18",24,2012-10-18 19:30:00,2217.321,2012-10-18 18:44:40,2148.43,127.79,2276.22,56.38,
"2012-10-18",25,2012-10-18 20:00:00,2151.828,2012-10-18 19:14:11,2030.14,173.1,2203.24,45.37,
"2012-10-18",26,2012-10-18 20:30:00,2115.366,2012-10-18 19:44:51,1914.18,191.11,2105.29,45.63,
"2012-10-18",27,2012-10-18 21:00:00,2034.505,2012-10-18 20:14:39,1849.89,175.74,2025.63,44.01,
"2012-10-18",28,2012-10-18 21:30:00,1932.27,2012-10-18 20:44:32,1772.88,162.67,1935.55,37.79,
"2012-10-18",29,2012-10-18 22:00:00,1815.426,2012-10-18 21:14:38,1672.35,170.07,1842.42,41.36,
"2012-10-18",30,2012-10-18 22:30:00,1744.148,2012-10-18 21:44:54,1578.13,191.12,1769.25,39.82,
"2012-10-18",31,2012-10-18 23:00:00,1649.503,2012-10-18 22:10:05,1511.07,185.07,1696.14,39.87,
"2012-10-18",32,2012-10-18 23:30:00,1606.874,2012-10-18 22:44:59,1437.54,177.49,1615.03,39.93,
"2012-10-18",33,2012-10-19 00:00:00,1565.901,2012-10-18 23:09:54,1424.21,175.88,1600.09,40.11,
"2012-10-18",34,2012-10-19 00:30:00,1536.696,2012-10-18 23:09:54,1407.2,166.15,1573.35,40.31,
"2012-10-18",35,2012-10-19 01:00:00,1515.341,2012-10-18 23:09:54,1405.33,142.55,1547.88,40.54,
"2012-10-18",36,2012-10-19 01:30:00,1514.528,2012-10-19 00:40:11,1429.82,111.77,1541.59,40.74,
"2012-10-18",37,2012-10-19 02:00:00,1508.914,2012-10-19 01:10:21,1408.26,127.03,1535.29,40.82,
"2012-10-18",38,2012-10-19 02:30:00,1479.151,2012-10-19 01:40:15,1397.45,136.31,1533.76,40.84,
"2012-10-18",39,2012-10-19 03:00:00,1477.06,2012-10-19 02:10:40,1411.18,115.99,1527.17,40.8,
"2012-10-18",40,2012-10-19 03:30:00,1495.849,2012-10-19 02:41:00,1437.86,91.54,1529.4,53.6,
"2012-10-18",41,2012-10-19 04:00:00,1519.184,2012-10-19 03:10:34,1455.02,86.96,1541.98,53.37,
"2012-10-18",42,2012-10-19 04:30:00,1563.876,2012-10-19 03:40:47,1519.54,71.7,1591.24,55.91,
"2012-10-18",43,2012-10-19 05:00:00,1620.105,2012-10-19 04:10:43,1597.15,50.28,1647.43,55.66,
"2012-10-18",44,2012-10-19 05:30:00,1692.394,2012-10-19 04:41:18,1689.65,35.5,1725.15,58.45,
"2012-10-18",45,2012-10-19 06:00:00,1826.457,2012-10-19 05:11:11,1843.19,25.6,1868.79,61.17,
"2012-10-18",46,2012-10-19 06:30:00,1929.661,2012-10-19 05:41:30,1962.65,23.72,1986.37,65.38,
"2012-10-18",47,2012-10-19 07:00:00,2057.139,2012-10-19 06:11:35,2078.43,27.63,2106.06,75.17,
"2012-10-18",48,2012-10-19 07:30:00,2105.697,2012-10-19 06:41:42,2097.87,43.43,2141.3,66.33,
"2012-10-19",1,2012-10-19 08:00:00,2159.423,2012-10-19 07:11:17,2098.04,45.95,2143.99,65.14,
"2012-10-19",2,2012-10-19 08:30:00,2153.103,2012-10-19 07:41:37,2123.51,52.26,2175.77,67.53,
"2012-10-19",3,2012-10-19 09:00:00,2147.391,2012-10-19 08:11:21,2110.89,47.47,2158.36,65.14,
"2012-10-19",4,2012-10-19 09:30:00,2105.094,2012-10-19 08:41:53,2097.81,42.75,2140.56,65.14,
"2012-10-19",5,2012-10-19 10:00:00,2127.639,2012-10-19 09:06:49,2085.91,43.55,2129.46,63.92,
"2012-10-19",6,2012-10-19 10:30:00,2077.394,2012-10-19 09:42:00,2084.84,49.11,2133.95,65.14,
"2012-10-19",7,2012-10-19 11:00:00,2118.141,2012-10-19 10:11:54,2086.85,58.87,2145.72,65.14,
"2012-10-19",8,2012-10-19 11:30:00,2092.872,2012-10-19 10:42:16,2075.44,71.63,2147.07,63.72,
"2012-10-19",9,2012-10-19 12:00:00,2132.787,2012-10-19 11:11:57,2033.97,92.4,2126.37,54.18,
"2012-10-19",10,2012-10-19 12:30:00,2145.465,2012-10-19 11:42:31,2006.25,101.19,2107.44,54.11,
"2012-10-19",11,2012-10-19 13:00:00,2080.738,2012-10-19 12:12:31,2006.05,107.61,2113.66,54.11,
"2012-10-19",12,2012-10-19 13:30:00,2076.998,2012-10-19 12:42:10,2014.27,116.9,2131.17,54.17,
"2012-10-19",13,2012-10-19 14:00:00,2082.972,2012-10-19 13:12:27,2004.98,113.48,2118.46,54.21,
"2012-10-19",14,2012-10-19 14:30:00,2137.724,2012-10-19 13:42:20,1987.6,122.57,2110.17,57.33,
"2012-10-19",15,2012-10-19 15:00:00,2125.787,2012-10-19 14:12:45,1973.96,121.78,2095.74,57.33,
"2012-10-19",16,2012-10-19 15:30:00,2101.78,2012-10-19 14:42:31,1994.14,133.67,2127.81,59.44,
"2012-10-19",17,2012-10-19 16:00:00,2071.855,2012-10-19 15:12:53,2021.31,138.66,2159.97,67.53,
"2012-10-19",18,2012-10-19 16:30:00,2075.326,2012-10-19 15:42:52,2016.7,143.61,2160.31,64.17,
"2012-10-19",19,2012-10-19 17:00:00,2094.353,2012-10-19 16:13:05,2063.35,136.78,2200.13,72.47,
"2012-10-19",20,2012-10-19 17:30:00,2133.652,2012-10-19 16:42:59,2027.02,142.8,2169.82,62.98,
"2012-10-19",21,2012-10-19 18:00:00,2182.897,2012-10-19 17:12:55,2076.29,139.23,2215.52,67.53,
"2012-10-19",22,2012-10-19 18:30:00,2212.261,2012-10-19 17:43:09,2151.17,137.01,2288.18,77.44,
"2012-10-19",23,2012-10-19 19:00:00,2158.276,2012-10-19 18:13:16,2087.96,145.63,2233.59,67.53,
"2012-10-19",24,2012-10-19 19:30:00,2151.989,2012-10-19 18:43:36,2025.25,158.45,2183.7,63.21,
"2012-10-19",25,2012-10-19 20:00:00,2094.008,2012-10-19 19:13:12,1923.92,198.89,2122.81,58.45,
"2012-10-19",26,2012-10-19 20:30:00,2026.695,2012-10-19 19:43:26,1844.23,218.8,2063.03,44.79,
"2012-10-19",27,2012-10-19 21:00:00,1941.829,2012-10-19 20:13:42,1759.77,231.05,1990.82,42.18,
"2012-10-19",28,2012-10-19 21:30:00,1882.875,2012-10-19 20:43:34,1675.34,230.3,1905.64,42.56,
"2012-10-19",29,2012-10-19 22:00:00,1833.88,2012-10-19 21:13:54,1594.03,239.38,1833.41,41.95,
"2012-10-19",30,2012-10-19 22:30:00,1747.751,2012-10-19 21:43:38,1564.48,203.23,1767.71,37.17,
"2012-10-19",31,2012-10-19 23:00:00,1687.864,2012-10-19 22:14:08,1441.63,242.51,1684.14,36.52,
"2012-10-19",32,2012-10-19 23:30:00,1617.408,2012-10-19 22:43:55,1386.2,253.96,1640.16,39.07,
"2012-10-19",33,2012-10-20 00:00:00,1552.661,2012-10-19 23:13:58,1318.45,275.58,1594.03,37.29,
"2012-10-19",34,2012-10-20 00:30:00,1522.189,2012-10-19 23:13:58,1298.01,257.71,1555.72,37.69,
"2012-10-19",35,2012-10-20 01:00:00,1495.093,2012-10-19 23:13:58,1294.89,249.19,1544.08,39.32,
"2012-10-19",36,2012-10-20 01:30:00,1497.486,2012-10-20 00:44:31,1286.64,237.41,1524.05,37.17,
"2012-10-19",37,2012-10-20 02:00:00,1481.213,2012-10-20 01:14:22,1260.15,243.65,1503.8,37.26,
"2012-10-19",38,2012-10-20 02:30:00,1463.579,2012-10-20 01:44:25,1246.71,258.12,1504.83,36.89,
"2012-10-19",39,2012-10-20 03:00:00,1460.342,2012-10-20 02:09:54,1251.08,254.46,1505.54,36.87,
"2012-10-19",40,2012-10-20 03:30:00,1439.864,2012-10-20 02:40:59,1249.44,246.47,1495.91,37.26,
"2012-10-19",41,2012-10-20 04:00:00,1476.415,2012-10-20 03:09:31,1283.27,215.85,1499.12,37.36,
"2012-10-19",42,2012-10-20 04:30:00,1475.53,2012-10-20 03:40:02,1313.94,215.97,1529.91,37.67,
"2012-10-19",43,2012-10-20 05:00:00,1495.497,2012-10-20 04:14:46,1359.17,178.3,1537.47,40.19,
"2012-10-19",44,2012-10-20 05:30:00,1495.462,2012-10-20 04:40:19,1388.46,165.87,1554.33,37.15,
"2012-10-19",45,2012-10-20 06:00:00,1580.916,2012-10-20 05:10:13,1438.22,161.9,1600.12,37.08,
"2012-10-19",46,2012-10-20 06:30:00,1619.912,2012-10-20 05:40:12,1464.09,187.35,1651.44,36.92,
"2012-10-19",47,2012-10-20 07:00:00,1711.096,2012-10-20 06:10:02,1532.55,184.53,1717.08,36.87,
"2012-10-19",48,2012-10-20 07:30:00,1780.533,2012-10-20 06:40:23,1614.14,145.04,1759.18,40.12,
"2012-10-20",1,2012-10-20 08:00:00,1837.536,2012-10-20 07:10:43,1681.49,126.47,1807.96,43.35,
"2012-10-20",2,2012-10-20 08:30:00,1824.121,2012-10-20 07:40:18,1682.53,108.76,1791.29,46.27,
"2012-10-20",3,2012-10-20 09:00:00,1817.165,2012-10-20 08:10:58,1690.35,105.45,1795.8,49.49,
"2012-10-20",4,2012-10-20 09:30:00,1794.956,2012-10-20 08:40:40,1715.41,104.04,1819.45,47.42,
"2012-10-20",5,2012-10-20 10:00:00,1752.839,2012-10-20 09:11:05,1759.14,62.37,1821.51,56.38,
"2012-10-20",6,2012-10-20 10:30:00,1725.389,2012-10-20 09:41:05,1784.44,42.23,1826.67,60.18,
"2012-10-20",7,2012-10-20 11:00:00,1722.021,2012-10-20 09:41:05,1779.57,35.05,1814.62,60.28,
"2012-10-20",8,2012-10-20 11:30:00,1720.883,2012-10-20 09:41:05,1779.86,26.42,1806.28,60.34,
"2012-10-20",9,2012-10-20 12:00:00,1708.041,2012-10-20 09:41:05,1793.55,27.02,1820.57,62.49,
"2012-10-20",10,2012-10-20 12:30:00,1691.635,2012-10-20 09:41:05,1786.24,32.6,1818.84,62.49,
"2012-10-20",11,2012-10-20 13:00:00,1675.452,2012-10-20 09:41:05,1765.65,43.19,1808.84,62.49,
"2012-10-20",12,2012-10-20 13:30:00,1690.749,2012-10-20 09:41:05,1758.06,53.8,1811.86,60.32,
"2012-10-20",13,2012-10-20 14:00:00,1695.519,2012-10-20 09:41:05,1762.85,57.27,1820.12,60.26,
"2012-10-20",14,2012-10-20 14:30:00,1703.122,2012-10-20 09:41:05,1785.05,57.62,1842.67,60.16,
"2012-10-20",15,2012-10-20 15:00:00,1717.931,2012-10-20 09:41:05,1759.34,63.35,1822.69,59.81,
"2012-10-20",16,2012-10-20 15:30:00,1736.48,2012-10-20 09:41:05,1791.24,75.75,1866.99,61.69,
"2012-10-20",17,2012-10-20 16:00:00,1760.3,2012-10-20 09:41:05,1837.61,62.3,1899.91,63.8,
"2012-10-20",18,2012-10-20 16:30:00,1783.705,2012-10-20 09:41:05,1867.62,62.12,1929.74,68.53,
"2012-10-20",19,2012-10-20 17:00:00,1818.892,2012-10-20 09:41:05,1916.93,52.57,1969.5,69.8,
"2012-10-20",20,2012-10-20 17:30:00,1888.535,2012-10-20 09:41:05,1949.36,57.36,2006.72,69.35,
"2012-10-20",21,2012-10-20 18:00:00,1960.038,2012-10-20 09:41:05,1969.48,76.91,2046.39,69.04,
"2012-10-20",22,2012-10-20 18:30:00,1994.208,2012-10-20 09:41:06,2054.08,91.76,2145.84,69.4,
"2012-10-20",23,2012-10-20 19:00:00,1961.08,2012-10-20 09:41:06,1992.87,121.26,2114.13,68.74,
"2012-10-20",24,2012-10-20 19:30:00,1908.834,2012-10-20 09:41:06,1922.68,141.4,2064.08,61.45,
"2012-10-20",25,2012-10-20 20:00:00,1846.158,2012-10-20 09:41:06,1846.39,161.5,2007.89,43.86,
"2012-10-20",26,2012-10-20 20:30:00,1787.567,2012-10-20 09:41:06,1789.01,169.54,1958.55,37.79,
"2012-10-20",27,2012-10-20 21:00:00,1732.12,2012-10-20 09:41:06,1675.58,220.2,1895.78,37.05,
"2012-10-20",28,2012-10-20 21:30:00,1676.549,2012-10-20 09:41:06,1584.27,243.78,1828.05,36.97,
"2012-10-20",29,2012-10-20 22:00:00,1628.428,2012-10-20 21:14:49,1528.03,227.97,1756,36.94,
"2012-10-20",30,2012-10-20 22:30:00,1572.696,2012-10-20 21:44:24,1482.49,223.54,1706.03,37.05,
"2012-10-20",31,2012-10-20 23:00:00,1756.624,2012-10-20 22:14:56,1444.24,205.54,1649.78,37.2,
"2012-10-20",32,2012-10-20 23:30:00,1578.337,2012-10-20 22:40:29,1392.05,211.76,1603.81,37.09,
"2012-10-20",33,2012-10-21 00:00:00,1508.091,2012-10-20 23:10:25,1336.5,218.84,1555.34,35.72,
"2012-10-20",34,2012-10-21 00:30:00,1468.568,2012-10-20 23:10:25,1345.18,183.44,1528.62,33.17,
"2012-10-20",35,2012-10-21 01:00:00,1437.721,2012-10-20 23:10:26,1348.08,160.28,1508.36,30.87,
"2012-10-20",36,2012-10-21 01:30:00,1438,2012-10-21 00:40:42,1292.01,189.77,1481.78,28.68,
"2012-10-20",37,2012-10-21 02:00:00,1432.524,2012-10-21 01:10:44,1282.94,197.12,1480.06,29.37,
"2012-10-20",38,2012-10-21 02:30:00,1445.389,2012-10-21 01:40:53,1275.42,199.09,1474.51,29.49,
"2012-10-20",39,2012-10-21 03:00:00,1443.277,2012-10-21 02:11:30,1257.89,198.58,1456.47,29.52,
"2012-10-20",40,2012-10-21 03:30:00,1422.348,2012-10-21 02:43:12,1250.55,193.98,1444.53,29.54,
"2012-10-20",41,2012-10-21 04:00:00,1449.586,2012-10-21 03:11:38,1274.14,187.88,1462.02,29.66,
"2012-10-20",42,2012-10-21 04:30:00,1432.964,2012-10-21 03:41:17,1269,190.08,1459.08,29.77,
"2012-10-20",43,2012-10-21 05:00:00,1410.244,2012-10-21 04:11:16,1235.83,199.57,1435.4,27.5,
"2012-10-20",44,2012-10-21 05:30:00,1416.012,2012-10-21 04:41:20,1264.96,194.69,1459.65,29.66,
"2012-10-20",45,2012-10-21 06:00:00,1462.251,2012-10-21 05:11:31,1287.12,201.17,1488.29,29.29,
"2012-10-20",46,2012-10-21 06:30:00,1467.534,2012-10-21 05:41:37,1288.75,216.06,1504.81,28.92,
"2012-10-20",47,2012-10-21 07:00:00,1531.433,2012-10-21 06:11:56,1331.43,220.05,1551.48,28.61,
"2012-10-20",48,2012-10-21 07:30:00,1601.712,2012-10-21 06:41:53,1380.72,218.66,1599.38,28.41,
"2012-10-21",1,2012-10-21 08:00:00,1625.63,2012-10-21 07:11:50,1431.14,222.76,1653.9,28.34,
"2012-10-21",2,2012-10-21 08:30:00,1673.072,2012-10-21 07:42:15,1432.12,232.2,1664.32,28.28,
"2012-10-21",3,2012-10-21 09:00:00,1703.674,2012-10-21 08:12:27,1461.25,231.86,1693.11,28.26,
"2012-10-21",4,2012-10-21 09:30:00,1699.409,2012-10-21 08:42:18,1472.16,227.43,1699.59,28.26,
"2012-10-21",5,2012-10-21 10:00:00,1707.971,2012-10-21 09:12:26,1533.36,211.98,1745.34,28.26,
"2012-10-21",6,2012-10-21 10:30:00,1720.341,2012-10-21 09:42:24,1543.79,214.41,1758.2,28.24,
"2012-10-21",7,2012-10-21 11:00:00,1740.919,2012-10-21 10:12:40,1572.88,183.71,1756.59,28.24,
"2012-10-21",8,2012-10-21 11:30:00,1755.847,2012-10-21 10:42:47,1576.06,211.28,1787.34,28.24,
"2012-10-21",9,2012-10-21 12:00:00,1757.342,2012-10-21 11:12:32,1574.84,212.69,1787.53,28.24,
"2012-10-21",10,2012-10-21 12:30:00,1703.242,2012-10-21 11:42:54,1579.64,218.32,1797.96,28.24,
"2012-10-21",11,2012-10-21 13:00:00,1772.114,2012-10-21 12:12:59,1569.21,216.21,1785.42,28.24,
"2012-10-21",12,2012-10-21 13:30:00,1764.988,2012-10-21 12:42:42,1571.16,229.36,1800.52,28.24,
"2012-10-21",13,2012-10-21 14:00:00,1797.638,2012-10-21 13:12:50,1571.03,248.24,1819.27,28.24,
"2012-10-21",14,2012-10-21 14:30:00,1810.47,2012-10-21 13:43:24,1584.92,248.44,1833.36,34.7,
"2012-10-21",15,2012-10-21 15:00:00,1808.454,2012-10-21 14:13:28,1617.36,233.64,1851,34.7,
"2012-10-21",16,2012-10-21 15:30:00,1827.852,2012-10-21 14:43:05,1632.49,263.92,1896.41,36.9,
"2012-10-21",17,2012-10-21 16:00:00,1863.793,2012-10-21 15:13:30,1767.61,155.35,1922.96,41.35,
"2012-10-21",18,2012-10-21 16:30:00,1960.693,2012-10-21 15:43:45,1800.43,167.04,1967.47,57.18,
"2012-10-21",19,2012-10-21 17:00:00,1961.549,2012-10-21 16:13:41,1826.05,169.12,1995.17,37.79,
"2012-10-21",20,2012-10-21 17:30:00,2078.239,2012-10-21 16:43:23,1882.52,152.05,2034.57,56.38,
"2012-10-21",21,2012-10-21 18:00:00,2111.972,2012-10-21 17:13:40,1960.82,145.59,2106.41,68.3,
"2012-10-21",22,2012-10-21 18:30:00,2178.42,2012-10-21 17:43:42,2044.28,137.79,2182.07,69.04,
"2012-10-21",23,2012-10-21 19:00:00,2128.802,2012-10-21 18:13:41,2024.7,116.46,2141.16,69.04,
"2012-10-21",24,2012-10-21 19:30:00,2084.279,2012-10-21 18:44:00,1986.07,114.72,2100.79,68.31,
"2012-10-21",25,2012-10-21 20:00:00,2019.549,2012-10-21 19:14:15,1916.12,126.54,2042.66,68.33,
"2012-10-21",26,2012-10-21 20:30:00,1953.169,2012-10-21 19:44:07,1855.18,119.05,1974.23,62.8,
"2012-10-21",27,2012-10-21 21:00:00,1870.581,2012-10-21 20:14:07,1778.6,123.76,1902.36,37.06,
"2012-10-21",28,2012-10-21 21:30:00,1785.161,2012-10-21 20:44:32,1696.15,122.57,1818.72,59.29,
"2012-10-21",29,2012-10-21 22:00:00,1722.476,2012-10-21 21:14:27,1634.85,119.48,1754.33,28.44,
"2012-10-21",30,2012-10-21 22:30:00,1650.095,2012-10-21 21:44:16,1600.6,78.02,1678.62,28.51,
"2012-10-21",31,2012-10-21 23:00:00,1610.701,2012-10-21 22:14:26,1550.69,59.16,1609.85,36.93,
"2012-10-21",32,2012-10-21 23:30:00,1528.707,2012-10-21 22:44:50,1533.02,51.92,1584.94,57.65,
"2012-10-21",33,2012-10-22 00:00:00,1511.66,2012-10-21 23:14:44,1510.02,47.16,1557.18,58,
"2012-10-21",34,2012-10-22 00:30:00,1488.187,2012-10-21 23:14:44,1480.6,52.36,1532.96,58.37,
"2012-10-21",35,2012-10-22 01:00:00,1476.087,2012-10-21 23:14:44,1447.59,65.24,1512.83,58.8,
"2012-10-21",36,2012-10-22 01:30:00,1469.922,2012-10-22 00:44:45,1474.74,32.01,1506.75,59.07,
"2012-10-21",37,2012-10-22 02:00:00,1476.164,2012-10-22 01:09:46,1467.24,36.88,1504.12,59.2,
"2012-10-21",38,2012-10-22 02:30:00,1460.651,2012-10-22 01:44:54,1465.7,18.51,1484.21,59.23,
"2012-10-21",39,2012-10-22 03:00:00,1451.892,2012-10-22 02:10:28,1488.29,25.09,1513.38,59.17,
"2012-10-21",40,2012-10-22 03:30:00,1473.706,2012-10-22 02:40:10,1500,28.38,1528.38,59.03,
"2012-10-21",41,2012-10-22 04:00:00,1501.669,2012-10-22 03:10:15,1513.13,33.8,1546.93,58.82,
"2012-10-21",42,2012-10-22 04:30:00,1552.772,2012-10-22 03:40:37,1564.6,36.1,1600.7,58.69,
"2012-10-21",43,2012-10-22 05:00:00,1626.661,2012-10-22 04:10:51,1599.7,58.64,1658.34,58.39,
"2012-10-21",44,2012-10-22 05:30:00,1656.689,2012-10-22 04:41:04,1684.93,51.69,1736.62,66.38,
"2012-10-21",45,2012-10-22 06:00:00,1843.724,2012-10-22 05:11:07,1827.95,30.58,1858.53,71.67,
"2012-10-21",46,2012-10-22 06:30:00,1968.795,2012-10-22 05:40:53,1962.8,51.65,2014.45,71.12,
"2012-10-21",47,2012-10-22 07:00:00,2094.085,2012-10-22 06:10:40,2118.63,25.54,2144.17,80.08,
"2012-10-21",48,2012-10-22 07:30:00,2163.932,2012-10-22 06:40:45,2145.88,66.81,2212.69,89.03,
"2012-10-22",1,2012-10-22 08:00:00,2178.551,2012-10-22 07:11:26,2146.16,50.02,2196.18,69.04,
"2012-10-22",2,2012-10-22 08:30:00,2197.285,2012-10-22 07:41:32,2231.32,22.91,2254.23,75.56,
"2012-10-22",3,2012-10-22 09:00:00,2173.623,2012-10-22 08:11:18,2152.34,63.25,2215.59,67.53,
"2012-10-22",4,2012-10-22 09:30:00,2143.917,2012-10-22 08:41:44,2163.16,77.08,2240.24,69.04,
"2012-10-22",5,2012-10-22 10:00:00,2216.148,2012-10-22 09:11:12,2147.17,90.76,2237.93,67.53,
"2012-10-22",6,2012-10-22 10:30:00,2186.776,2012-10-22 09:41:30,2138.44,87.24,2225.68,72.47,
"2012-10-22",7,2012-10-22 11:00:00,2227.47,2012-10-22 10:11:44,2089.94,117.15,2207.09,67.53,
"2012-10-22",8,2012-10-22 11:30:00,2237.047,2012-10-22 10:41:29,2054.07,136.48,2190.55,57.16,
"2012-10-22",9,2012-10-22 12:00:00,2218.417,2012-10-22 11:11:31,2079.5,82.87,2162.37,60.58,
"2012-10-22",10,2012-10-22 12:30:00,2154.428,2012-10-22 11:41:36,2038.95,113.55,2152.5,57.16,
"2012-10-22",11,2012-10-22 13:00:00,2148.129,2012-10-22 12:12:06,2036.24,87.14,2123.38,57.16,
"2012-10-22",12,2012-10-22 13:30:00,2163.395,2012-10-22 12:41:50,2090.52,41.01,2131.53,67.53,
"2012-10-22",13,2012-10-22 14:00:00,2090.174,2012-10-22 13:11:59,2043.58,84.81,2128.39,57.16,
"2012-10-22",14,2012-10-22 14:30:00,2098.337,2012-10-22 13:41:57,2008.57,129.62,2138.19,57.16,
"2012-10-22",15,2012-10-22 15:00:00,2143.965,2012-10-22 14:12:01,2064.46,89.16,2153.62,57.16,
"2012-10-22",16,2012-10-22 15:30:00,2136.628,2012-10-22 14:42:27,2057.92,112.31,2170.23,57.16,
"2012-10-22",17,2012-10-22 16:00:00,2123.825,2012-10-22 15:12:10,2078.4,101.69,2180.09,60.58,
"2012-10-22",18,2012-10-22 16:30:00,2114.391,2012-10-22 15:42:37,2083.83,105.94,2189.77,67.53,
"2012-10-22",19,2012-10-22 17:00:00,2137.822,2012-10-22 16:12:28,2096.02,149.3,2245.32,67.53,
"2012-10-22",20,2012-10-22 17:30:00,2175.099,2012-10-22 16:42:31,2207.53,92.67,2300.2,75.48,
"2012-10-22",21,2012-10-22 18:00:00,2246.094,2012-10-22 17:12:31,2289.7,78.65,2368.35,80.4,
"2012-10-22",22,2012-10-22 18:30:00,2302.793,2012-10-22 17:42:42,2320.48,79.71,2400.19,80.44,
"2012-10-22",23,2012-10-22 19:00:00,2314.483,2012-10-22 18:13:08,2229.95,96.59,2326.54,75.48,
"2012-10-22",24,2012-10-22 19:30:00,2252.311,2012-10-22 18:42:58,2169.04,94.07,2263.11,69.04,
"2012-10-22",25,2012-10-22 20:00:00,2153.355,2012-10-22 19:12:59,2083.75,106.02,2189.77,56.38,
"2012-10-22",26,2012-10-22 20:30:00,2096.059,2012-10-22 19:43:13,1972.28,134.08,2106.36,52.97,
"2012-10-22",27,2012-10-22 21:00:00,2022.593,2012-10-22 20:13:17,1906.5,126.73,2033.23,47.55,
"2012-10-22",28,2012-10-22 21:30:00,1915.72,2012-10-22 20:43:24,1799.51,129.55,1929.06,44.45,
"2012-10-22",29,2012-10-22 22:00:00,1799.16,2012-10-22 21:13:24,1677.57,152.12,1829.69,57.43,
"2012-10-22",30,2012-10-22 22:30:00,1716.076,2012-10-22 21:43:24,1570.57,171.94,1742.51,54.78,
"2012-10-22",31,2012-10-22 23:00:00,1642.113,2012-10-22 22:13:38,1514.87,159.19,1674.06,52.08,
"2012-10-22",32,2012-10-22 23:30:00,1574.029,2012-10-22 22:43:41,1479.22,143.34,1622.56,57.69,
"2012-10-22",33,2012-10-23 00:00:00,1566.237,2012-10-22 23:13:44,1448.88,131.94,1580.82,57.9,
"2012-10-22",34,2012-10-23 00:30:00,1538.915,2012-10-22 23:13:44,1417.1,131.51,1548.61,58.19,
"2012-10-22",35,2012-10-23 01:00:00,1519.013,2012-10-22 23:13:44,1397.11,137.45,1534.56,58.39,
"2012-10-22",36,2012-10-23 01:30:00,1505.559,2012-10-23 00:44:10,1400.19,121.51,1521.7,58.53,
"2012-10-22",37,2012-10-23 02:00:00,1476.787,2012-10-23 01:13:59,1405.32,113.41,1518.73,58.76,
"2012-10-22",38,2012-10-23 02:30:00,1482.344,2012-10-23 01:44:12,1396.84,115.62,1512.46,58.77,
"2012-10-22",39,2012-10-23 03:00:00,1487.944,2012-10-23 02:14:08,1388.15,117.72,1505.87,58.74,
"2012-10-22",40,2012-10-23 03:30:00,1495.671,2012-10-23 02:44:22,1418.37,102.24,1520.61,58.63,
"2012-10-22",41,2012-10-23 04:00:00,1508.964,2012-10-23 03:14:45,1453.61,97.6,1551.21,58.54,
"2012-10-22",42,2012-10-23 04:30:00,1557.759,2012-10-23 03:44:20,1478.28,104.13,1582.41,61.12,
"2012-10-22",43,2012-10-23 05:00:00,1602.787,2012-10-23 04:14:46,1506.05,118.11,1624.16,61.05,
"2012-10-22",44,2012-10-23 05:30:00,1679.091,2012-10-23 04:39:49,1615.27,93.78,1709.05,60.73,
"2012-10-22",45,2012-10-23 06:00:00,1842.664,2012-10-23 05:09:31,1757.9,87.55,1845.45,61.25,
"2012-10-22",46,2012-10-23 06:30:00,1928.378,2012-10-23 05:39:39,1902.49,77.55,1980.04,63.23,
"2012-10-22",47,2012-10-23 07:00:00,2089.222,2012-10-23 06:14:49,1976.87,88.95,2065.82,67.53,
"2012-10-22",48,2012-10-23 07:30:00,2125.329,2012-10-23 06:44:49,1969.22,101.9,2071.12,58.59,
"2012-10-23",1,2012-10-23 08:00:00,2150.009,2012-10-23 07:10:11,1939.34,128.31,2067.65,52.99,
"2012-10-23",2,2012-10-23 08:30:00,2059.433,2012-10-23 07:40:12,1947.84,137.64,2085.48,51.38,
"2012-10-23",3,2012-10-23 09:00:00,2039.142,2012-10-23 08:10:04,1933.88,127.92,2061.8,52.77,
"2012-10-23",4,2012-10-23 09:30:00,1972.961,2012-10-23 08:40:08,1940.32,125.55,2065.87,50.35,
"2012-10-23",5,2012-10-23 10:00:00,1997.534,2012-10-23 09:10:45,1922.23,120.32,2042.55,50.32,
"2012-10-23",6,2012-10-23 10:30:00,2003.889,2012-10-23 09:40:47,1892,133.63,2025.63,50.35,
"2012-10-23",7,2012-10-23 11:00:00,2027.819,2012-10-23 10:10:30,1882.77,132.04,2014.81,50.33,
"2012-10-23",8,2012-10-23 11:30:00,2030.577,2012-10-23 10:40:59,1894.12,148.27,2042.39,50.23,
"2012-10-23",9,2012-10-23 12:00:00,1964.976,2012-10-23 11:11:01,1858.97,163.58,2022.55,50.29,
"2012-10-23",10,2012-10-23 12:30:00,2007.257,2012-10-23 11:40:47,1863.85,167.91,2031.76,50.23,
"2012-10-23",11,2012-10-23 13:00:00,2012.323,2012-10-23 12:11:16,1819.4,209.11,2028.51,50.14,
"2012-10-23",12,2012-10-23 13:30:00,2007.823,2012-10-23 12:41:20,1807.09,232.5,2039.59,50.09,
"2012-10-23",13,2012-10-23 14:00:00,2016.737,2012-10-23 13:11:01,1781.57,251.73,2033.3,36.89,
"2012-10-23",14,2012-10-23 14:30:00,2042.979,2012-10-23 13:41:04,1792.18,250.48,2042.66,36.91,
"2012-10-23",15,2012-10-23 15:00:00,2071.163,2012-10-23 14:11:00,1817.68,251.4,2069.08,50.39,
"2012-10-23",16,2012-10-23 15:30:00,2053.198,2012-10-23 14:41:25,1829.28,273.21,2102.49,50.48,
"2012-10-23",17,2012-10-23 16:00:00,2061.131,2012-10-23 15:11:23,1839.64,266.98,2106.62,51.13,
"2012-10-23",18,2012-10-23 16:30:00,2049.525,2012-10-23 15:41:35,1868.36,269.79,2138.15,51.9,
"2012-10-23",19,2012-10-23 17:00:00,2084.971,2012-10-23 16:11:41,1896.91,267.59,2164.5,51.01,
"2012-10-23",20,2012-10-23 17:30:00,2176.312,2012-10-23 16:41:30,1905.77,263.08,2168.85,50.36,
"2012-10-23",21,2012-10-23 18:00:00,2211.447,2012-10-23 17:11:32,1964.29,253.13,2217.42,56.38,
"2012-10-23",22,2012-10-23 18:30:00,2264.686,2012-10-23 17:41:39,2067.91,251.78,2319.69,57.16,
"2012-10-23",23,2012-10-23 19:00:00,2236.984,2012-10-23 18:11:43,2017.86,253.82,2271.68,55.38,
"2012-10-23",24,2012-10-23 19:30:00,2175.725,2012-10-23 18:41:53,1945.42,272.32,2217.74,53.95,
"2012-10-23",25,2012-10-23 20:00:00,2133.909,2012-10-23 19:12:20,1907.06,252.25,2159.31,52.98,
"2012-10-23",26,2012-10-23 20:30:00,2070.152,2012-10-23 19:42:24,1844.69,224.4,2069.09,45.12,
"2012-10-23",27,2012-10-23 21:00:00,1985.642,2012-10-23 20:12:18,1720.24,263.74,1983.98,34.9,
"2012-10-23",28,2012-10-23 21:30:00,1878.408,2012-10-23 20:42:27,1628.43,273.48,1901.91,33.02,
"2012-10-23",29,2012-10-23 22:00:00,1780.823,2012-10-23 21:12:17,1525.35,287.68,1813.03,34.35,
"2012-10-23",30,2012-10-23 22:30:00,1687.603,2012-10-23 21:42:23,1440.36,280.61,1720.97,28.58,
"2012-10-23",31,2012-10-23 23:00:00,1596.618,2012-10-23 22:12:38,1418.07,240.21,1658.28,28.76,
"2012-10-23",32,2012-10-23 23:30:00,1554.102,2012-10-23 22:42:42,1358.54,239.49,1598.03,28.96,
"2012-10-23",33,2012-10-24 00:00:00,1532.124,2012-10-23 23:12:32,1354.85,213.26,1568.11,29.2,
"2012-10-23",34,2012-10-24 00:30:00,1507.35,2012-10-23 23:12:32,1308.04,235.55,1543.59,29.4,
"2012-10-23",35,2012-10-24 01:00:00,1488.87,2012-10-23 23:12:32,1278.54,240.85,1519.39,29.63,
"2012-10-23",36,2012-10-24 01:30:00,1482.691,2012-10-24 00:43:05,1268.65,245.62,1514.27,29.8,
"2012-10-23",37,2012-10-24 02:00:00,1447.731,2012-10-24 01:13:14,1257.66,242.09,1499.75,29.86,
"2012-10-23",38,2012-10-24 02:30:00,1473.431,2012-10-24 01:42:59,1253.39,243.72,1497.11,29.83,
"2012-10-23",39,2012-10-24 03:00:00,1487.163,2012-10-24 02:13:16,1268.35,243.9,1512.25,29.7,
"2012-10-23",40,2012-10-24 03:30:00,1502.539,2012-10-24 02:43:11,1282.33,245.53,1527.86,29.48,
"2012-10-23",41,2012-10-24 04:00:00,1494.788,2012-10-24 03:13:34,1261.04,267.74,1528.78,29.31,
"2012-10-23",42,2012-10-24 04:30:00,1557.973,2012-10-24 03:43:59,1303.65,274.31,1577.96,29.04,
"2012-10-23",43,2012-10-24 05:00:00,1605.239,2012-10-24 04:13:57,1354.13,276.52,1630.65,28.76,
"2012-10-23",44,2012-10-24 05:30:00,1689.963,2012-10-24 04:43:57,1460.67,260.68,1721.35,34.7,
"2012-10-23",45,2012-10-24 06:00:00,1824.891,2012-10-24 05:13:56,1603.21,250.04,1853.25,36.63,
"2012-10-23",46,2012-10-24 06:30:00,1922.52,2012-10-24 05:44:05,1706.23,273.9,1980.13,37.15,
"2012-10-23",47,2012-10-24 07:00:00,2069.24,2012-10-24 06:14:12,1795.4,302.74,2098.14,41.53,
"2012-10-23",48,2012-10-24 07:30:00,2106.785,2012-10-24 06:43:49,1786.95,314.73,2101.68,36.92,
"2012-10-24",1,2012-10-24 08:00:00,2132.882,2012-10-24 07:14:00,1814.75,279.53,2094.28,36.91,
"2012-10-24",2,2012-10-24 08:30:00,2102.022,2012-10-24 07:44:24,1863.41,236.41,2099.82,51.42,
"2012-10-24",3,2012-10-24 09:00:00,2088.036,2012-10-24 08:14:35,1859.62,201.45,2061.07,51.66,
"2012-10-24",4,2012-10-24 09:30:00,2011.58,2012-10-24 08:44:24,1871.28,172.8,2044.08,51.81,
"2012-10-24",5,2012-10-24 10:00:00,1958.616,2012-10-24 09:14:33,1894.38,149.45,2043.83,51.62,
"2012-10-24",6,2012-10-24 10:30:00,1983.714,2012-10-24 09:44:36,1887.31,142.61,2029.92,51.19,
"2012-10-24",7,2012-10-24 11:00:00,1953.588,2012-10-24 10:14:45,1911.8,130.4,2042.2,53.83,
"2012-10-24",8,2012-10-24 11:30:00,2004.993,2012-10-24 10:44:30,1902.01,132.71,2034.72,50.44,
"2012-10-24",9,2012-10-24 12:00:00,1996.572,2012-10-24 11:09:36,1922.87,122.22,2045.09,50.75,
"2012-10-24",10,2012-10-24 12:30:00,2014.867,2012-10-24 11:44:40,1920.07,132.47,2052.54,56.38,
"2012-10-24",11,2012-10-24 13:00:00,1980.006,2012-10-24 12:14:45,1942.23,126.73,2068.96,56.38,
"2012-10-24",12,2012-10-24 13:30:00,2011.929,2012-10-24 12:39:49,1948.7,122.24,2070.94,56.38,
"2012-10-24",13,2012-10-24 14:00:00,2059.868,2012-10-24 13:14:51,1964.11,129.29,2093.4,58.59,
"2012-10-24",14,2012-10-24 14:30:00,2048.599,2012-10-24 13:39:57,1933.87,169.67,2103.54,56.38,
"2012-10-24",15,2012-10-24 15:00:00,2053.195,2012-10-24 14:10:32,1908.71,197.91,2106.62,53.83,
"2012-10-24",16,2012-10-24 15:30:00,2076.52,2012-10-24 14:40:18,1904.37,218.75,2123.12,53.83,
"2012-10-24",17,2012-10-24 16:00:00,2084.133,2012-10-24 15:10:20,1922.76,233.07,2155.83,56.38,
"2012-10-24",18,2012-10-24 16:30:00,2107.357,2012-10-24 15:40:36,1930.06,253.86,2183.92,56.38,
"2012-10-24",19,2012-10-24 17:00:00,2139.02,2012-10-24 16:10:19,1947.33,259.65,2206.98,60.38,
"2012-10-24",20,2012-10-24 17:30:00,2168.952,2012-10-24 16:40:44,1944.39,274.67,2219.06,58.59,
"2012-10-24",21,2012-10-24 18:00:00,2232.989,2012-10-24 17:10:59,1985.84,260.79,2246.63,59.52,
"2012-10-24",22,2012-10-24 18:30:00,2277.762,2012-10-24 17:41:05,2047.37,279.47,2326.84,59.52,
"2012-10-24",23,2012-10-24 19:00:00,2231.872,2012-10-24 18:10:48,2021.99,277.49,2299.48,59.6,
"2012-10-24",24,2012-10-24 19:30:00,2157.075,2012-10-24 18:40:48,1946.22,299.28,2245.5,58.59,
"2012-10-24",25,2012-10-24 20:00:00,2131.341,2012-10-24 19:10:52,1870.86,304.17,2175.03,53.83,
"2012-10-24",26,2012-10-24 20:30:00,2032.992,2012-10-24 19:40:57,1796.35,309.36,2105.71,53.2,
"2012-10-24",27,2012-10-24 21:00:00,1982.114,2012-10-24 20:11:23,1707.75,303.5,2011.25,47.92,
"2012-10-24",28,2012-10-24 21:30:00,1879.269,2012-10-24 20:41:38,1613.35,302.26,1915.61,40.04,
"2012-10-24",29,2012-10-24 22:00:00,1823.183,2012-10-24 21:11:41,1522.48,316.01,1838.49,48.55,
"2012-10-24",30,2012-10-24 22:30:00,1716.168,2012-10-24 21:41:14,1429.13,318.62,1747.75,41.15,
"2012-10-24",31,2012-10-24 23:00:00,1620.856,2012-10-24 22:11:48,1351.9,323.67,1675.57,38.94,
"2012-10-24",32,2012-10-24 23:30:00,1564.066,2012-10-24 22:41:51,1314.37,308.86,1623.23,36.98,
"2012-10-24",33,2012-10-25 00:00:00,1588.826,2012-10-24 23:11:55,1266.59,319.38,1585.97,37,
"2012-10-24",34,2012-10-25 00:30:00,1564.087,2012-10-24 23:11:55,1258.72,308.04,1566.76,36.97,
"2012-10-24",35,2012-10-25 01:00:00,1545.305,2012-10-24 23:11:55,1228.35,308.03,1536.38,35.1,
"2012-10-24",36,2012-10-25 01:30:00,1505.643,2012-10-25 00:41:45,1215.42,308.95,1524.37,35.22,
"2012-10-24",37,2012-10-25 02:00:00,1491.095,2012-10-25 01:12:18,1212.05,310.33,1522.38,34.9,
"2012-10-24",38,2012-10-25 02:30:00,1494.697,2012-10-25 01:42:18,1218.56,304.87,1523.43,34.92,
"2012-10-24",39,2012-10-25 03:00:00,1476.557,2012-10-25 02:12:24,1216.2,306.13,1522.33,34.9,
"2012-10-24",40,2012-10-25 03:30:00,1487.565,2012-10-25 02:43:24,1249.41,293.89,1543.3,35.12,
"2012-10-24",41,2012-10-25 04:00:00,1510.13,2012-10-25 03:12:41,1267.73,293.58,1561.31,35.99,
"2012-10-24",42,2012-10-25 04:30:00,1543.148,2012-10-25 03:42:46,1320.6,288.54,1609.14,36.63,
"2012-10-24",43,2012-10-25 05:00:00,1628.691,2012-10-25 04:12:58,1351.61,292,1643.61,39.08,
"2012-10-24",44,2012-10-25 05:30:00,1713.76,2012-10-25 04:42:28,1454.64,273.77,1728.41,44.49,
"2012-10-24",45,2012-10-25 06:00:00,1835.263,2012-10-25 05:12:56,1582.02,292.42,1874.44,49.79,
"2012-10-24",46,2012-10-25 06:30:00,1948.665,2012-10-25 05:43:09,1666.75,304.99,1971.74,53,
"2012-10-24",47,2012-10-25 07:00:00,2073.988,2012-10-25 06:12:56,1731.85,317.03,2048.88,49.18,
"2012-10-24",48,2012-10-25 07:30:00,2122.116,2012-10-25 06:42:58,1805,295.55,2100.55,52.05,
"2012-10-25",1,2012-10-25 08:00:00,2101.965,2012-10-25 07:13:17,1819.71,273.17,2092.88,54.99,
"2012-10-25",2,2012-10-25 08:30:00,2072.055,2012-10-25 07:43:17,1837.17,249.13,2086.3,55.78,
"2012-10-25",3,2012-10-25 09:00:00,2070.564,2012-10-25 08:13:21,1822.12,230.52,2052.64,55.95,
"2012-10-25",4,2012-10-25 09:30:00,2034.045,2012-10-25 08:43:24,1874.9,190.62,2065.52,56.11,
"2012-10-25",5,2012-10-25 10:00:00,2023.384,2012-10-25 09:13:21,1875.98,162,2037.98,55.09,
"2012-10-25",6,2012-10-25 10:30:00,2004.023,2012-10-25 09:43:42,1923.36,140.06,2063.42,58.28,
"2012-10-25",7,2012-10-25 11:00:00,1987.422,2012-10-25 10:13:46,1949.12,114.08,2063.2,58.59,
"2012-10-25",8,2012-10-25 11:30:00,1992.829,2012-10-25 10:43:30,1928.14,117.33,2045.47,58.2,
"2012-10-25",9,2012-10-25 12:00:00,1995.655,2012-10-25 11:13:57,1928.61,127.62,2056.23,57.28,
"2012-10-25",10,2012-10-25 12:30:00,2015.586,2012-10-25 11:44:01,1967.79,120.91,2088.7,57.44,
"2012-10-25",11,2012-10-25 13:00:00,2011.709,2012-10-25 12:14:17,1977.5,122.63,2100.13,57.57,
"2012-10-25",12,2012-10-25 13:30:00,2068.432,2012-10-25 12:44:15,1987.32,138.37,2125.69,57.65,
"2012-10-25",13,2012-10-25 14:00:00,2091.511,2012-10-25 13:14:04,1994.65,138.8,2133.45,58.59,
"2012-10-25",14,2012-10-25 14:30:00,2110.957,2012-10-25 13:44:03,1995.8,161.6,2157.4,47.06,
"2012-10-25",15,2012-10-25 15:00:00,2092.413,2012-10-25 14:14:29,1986.27,176.79,2163.06,48.67,
"2012-10-25",16,2012-10-25 15:30:00,2078.301,2012-10-25 14:44:32,1980.11,186.5,2166.61,45.86,
"2012-10-25",17,2012-10-25 16:00:00,2150.892,2012-10-25 15:14:36,1993.96,203.99,2197.95,45.86,
"2012-10-25",18,2012-10-25 16:30:00,2128.554,2012-10-25 15:44:46,1991.04,218.22,2209.26,49.2,
"2012-10-25",19,2012-10-25 17:00:00,2156.884,2012-10-25 16:14:42,1995.22,229.24,2224.46,52.31,
"2012-10-25",20,2012-10-25 17:30:00,2172.552,2012-10-25 16:44:55,2021.38,228.58,2249.96,54.89,
"2012-10-25",21,2012-10-25 18:00:00,2245.648,2012-10-25 17:09:39,2053.1,219.47,2272.57,56.03,
"2012-10-25",22,2012-10-25 18:30:00,2307.054,2012-10-25 17:40:09,2121.88,232.48,2354.36,54.73,
"2012-10-25",23,2012-10-25 19:00:00,2267.767,2012-10-25 18:09:46,2054.52,255.94,2310.46,54.86,
"2012-10-25",24,2012-10-25 19:30:00,2210.078,2012-10-25 18:39:49,2011.33,265.02,2276.35,55.7,
"2012-10-25",25,2012-10-25 20:00:00,2148.104,2012-10-25 19:14:59,1922.17,283.33,2205.5,56.19,
"2012-10-25",26,2012-10-25 20:30:00,2048.136,2012-10-25 19:40:01,1812.05,305.82,2117.87,53.83,
"2012-10-25",27,2012-10-25 21:00:00,2004.229,2012-10-25 20:10:20,1678.02,333.67,2011.69,46.2,
"2012-10-25",28,2012-10-25 21:30:00,1919.135,2012-10-25 20:40:25,1562.53,352.93,1915.46,37.79,
"2012-10-25",29,2012-10-25 22:00:00,1813.112,2012-10-25 21:10:15,1485.47,331.46,1816.93,47.67,
"2012-10-25",30,2012-10-25 22:30:00,1723.36,2012-10-25 21:40:36,1410.99,317.01,1728,42.4,
"2012-10-25",31,2012-10-25 23:00:00,1634.988,2012-10-25 22:10:21,1340.88,326.67,1667.55,36.87,
"2012-10-25",32,2012-10-25 23:30:00,1591.875,2012-10-25 22:40:48,1295.62,316.59,1612.21,36.13,
"2012-10-25",33,2012-10-26 00:00:00,1542.037,2012-10-25 23:10:35,1307.42,300.98,1608.4,36.22,
"2012-10-25",34,2012-10-26 00:30:00,1511.231,2012-10-25 23:10:35,1280.16,298.64,1578.8,35.16,
"2012-10-25",35,2012-10-26 01:00:00,1488.616,2012-10-25 23:10:35,1273.06,300.9,1573.96,34.87,
"2012-10-25",36,2012-10-26 01:30:00,1452.568,2012-10-26 00:41:10,1267.66,290.23,1557.89,34.87,
"2012-10-25",37,2012-10-26 02:00:00,1466.437,2012-10-26 01:11:00,1254.48,297.57,1552.05,34.93,
"2012-10-25",38,2012-10-26 02:30:00,1494.459,2012-10-26 01:41:23,1234.43,301.33,1535.76,34.93,
"2012-10-25",39,2012-10-26 03:00:00,1480.133,2012-10-26 02:11:36,1255.83,305.65,1561.48,34.93,
"2012-10-25",40,2012-10-26 03:30:00,1475.272,2012-10-26 02:42:50,1270,303.43,1573.43,36.87,
"2012-10-25",41,2012-10-26 04:00:00,1508.863,2012-10-26 03:11:27,1288.95,300.29,1589.24,36.88,
"2012-10-25",42,2012-10-26 04:30:00,1522.126,2012-10-26 03:41:44,1327.38,305.79,1633.17,37.28,
"2012-10-25",43,2012-10-26 05:00:00,1622.76,2012-10-26 04:11:50,1364.74,304.03,1668.77,39.04,
"2012-10-25",44,2012-10-26 05:30:00,1700.287,2012-10-26 04:41:41,1433.76,306.98,1740.74,40.55,
"2012-10-25",45,2012-10-26 06:00:00,1845.298,2012-10-26 05:11:50,1566.51,288.26,1854.77,67.53,
"2012-10-25",46,2012-10-26 06:30:00,1938.197,2012-10-26 05:41:49,1632.48,316.85,1949.33,43.81,
"2012-10-25",47,2012-10-26 07:00:00,2055.846,2012-10-26 06:12:03,1740.87,314.73,2055.6,43.17,
"2012-10-25",48,2012-10-26 07:30:00,2110.864,2012-10-26 06:42:04,1779.64,290.04,2069.68,53.44,
"2012-10-26",1,2012-10-26 08:00:00,2109.969,2012-10-26 07:12:20,1782.87,269.41,2052.28,43.15,
"2012-10-26",2,2012-10-26 08:30:00,2054.023,2012-10-26 07:42:32,1810.55,240.55,2051.1,53.83,
"2012-10-26",3,2012-10-26 09:00:00,2084.257,2012-10-26 08:12:18,1843.78,219.67,2063.45,56.38,
"2012-10-26",4,2012-10-26 09:30:00,2015.177,2012-10-26 08:42:34,1877.02,184.94,2061.96,58.59,
"2012-10-26",5,2012-10-26 10:00:00,1983.504,2012-10-26 09:12:50,1897.9,158.95,2056.85,58.59,
"2012-10-26",6,2012-10-26 10:30:00,2032.951,2012-10-26 09:42:30,1951.97,124.2,2076.17,61.61,
"2012-10-26",7,2012-10-26 11:00:00,2061.57,2012-10-26 10:12:45,1990.62,109.56,2100.18,61.46,
"2012-10-26",8,2012-10-26 11:30:00,2076.864,2012-10-26 10:42:53,2010,94.07,2104.07,61.29,
"2012-10-26",9,2012-10-26 12:00:00,2051.613,2012-10-26 11:13:04,2007.25,99.12,2106.37,61.08,
"2012-10-26",10,2012-10-26 12:30:00,2110.383,2012-10-26 11:43:13,2029.57,86.02,2115.59,60.64,
"2012-10-26",11,2012-10-26 13:00:00,2085.829,2012-10-26 12:12:46,2017.17,89.94,2107.11,60.43,
"2012-10-26",12,2012-10-26 13:30:00,2104.186,2012-10-26 12:43:14,2055.76,81.17,2136.93,60.26,
"2012-10-26",13,2012-10-26 14:00:00,2155.795,2012-10-26 13:13:20,2000.09,125.71,2125.8,58.59,
"2012-10-26",14,2012-10-26 14:30:00,2140.632,2012-10-26 13:43:32,1993.27,145.19,2138.46,58.59,
"2012-10-26",15,2012-10-26 15:00:00,2117.619,2012-10-26 14:13:18,2031.75,147.37,2179.12,54.24,
"2012-10-26",16,2012-10-26 15:30:00,2078.8,2012-10-26 14:43:19,2050.52,141.07,2191.59,58.59,
"2012-10-26",17,2012-10-26 16:00:00,2128.543,2012-10-26 15:13:28,2063.11,143.99,2207.1,58.59,
"2012-10-26",18,2012-10-26 16:30:00,2126.688,2012-10-26 15:43:41,2078.36,148.62,2226.98,61.12,
"2012-10-26",19,2012-10-26 17:00:00,2157.299,2012-10-26 16:13:55,2068.56,145.29,2213.85,61.34,
"2012-10-26",20,2012-10-26 17:30:00,2159.203,2012-10-26 16:43:49,2053.04,129.97,2183.01,61.2,
"2012-10-26",21,2012-10-26 18:00:00,2179.48,2012-10-26 17:13:54,2045.86,136.09,2181.95,61.2,
"2012-10-26",22,2012-10-26 18:30:00,2240.737,2012-10-26 17:43:59,2078.74,171.39,2250.13,61.2,
"2012-10-26",23,2012-10-26 19:00:00,2176.282,2012-10-26 18:14:08,2019.87,204.33,2224.2,58.59,
"2012-10-26",24,2012-10-26 19:30:00,2061.121,2012-10-26 18:44:10,1938.89,238.29,2177.18,61.57,
"2012-10-26",25,2012-10-26 20:00:00,2046.92,2012-10-26 19:14:13,1873.58,268.11,2141.69,61.25,
"2012-10-26",26,2012-10-26 20:30:00,2024.342,2012-10-26 19:44:11,1747.83,291.2,2039.03,42.97,
"2012-10-26",27,2012-10-26 21:00:00,1942.641,2012-10-26 20:14:34,1683.29,298.58,1981.87,43.19,
"2012-10-26",28,2012-10-26 21:30:00,1894.978,2012-10-26 20:44:22,1612.51,303.92,1916.43,43.73,
"2012-10-26",29,2012-10-26 22:00:00,1793.01,2012-10-26 21:14:33,1544.01,299.97,1843.98,42.23,
"2012-10-26",30,2012-10-26 22:30:00,1700.942,2012-10-26 21:44:44,1449.31,304.12,1753.43,40.58,
"2012-10-26",31,2012-10-26 23:00:00,1655.935,2012-10-26 22:14:23,1363.92,311.11,1675.03,39.08,
"2012-10-26",32,2012-10-26 23:30:00,1613.498,2012-10-26 22:44:44,1230.56,308.25,1538.81,20.3,
"2012-10-26",33,2012-10-27 00:00:00,1570.061,2012-10-26 23:14:41,1199.02,290.12,1489.14,19.46,
"2012-10-26",34,2012-10-27 00:30:00,1530.403,2012-10-26 23:14:41,1159.37,305.04,1464.41,1.34,
"2012-10-26",35,2012-10-27 01:00:00,1497.294,2012-10-26 23:14:41,1137.68,304.02,1441.7,18.39,
"2012-10-26",36,2012-10-27 01:30:00,1369.577,2012-10-27 00:44:48,1114.88,306.62,1421.5,1.34,
"2012-10-26",37,2012-10-27 02:00:00,1374.207,2012-10-27 01:14:53,1119.57,297.31,1416.88,0,
"2012-10-26",38,2012-10-27 02:30:00,1367.241,2012-10-27 01:40:19,1109.17,302.36,1411.53,-40.96,
"2012-10-26",39,2012-10-27 03:00:00,1354.374,2012-10-27 02:10:41,1089.4,302.96,1392.36,-40.9,
"2012-10-26",40,2012-10-27 03:30:00,1347.052,2012-10-27 02:40:10,1079.56,296.21,1375.77,-22.38,
"2012-10-26",41,2012-10-27 04:00:00,1365.268,2012-10-27 03:10:59,1090.21,294.55,1384.76,-3.97,
"2012-10-26",42,2012-10-27 04:30:00,1391.04,2012-10-27 03:40:23,1119.96,293.08,1413.04,11.55,
"2012-10-26",43,2012-10-27 05:00:00,1382.005,2012-10-27 04:10:35,1126.07,287.67,1413.74,13.88,
"2012-10-26",44,2012-10-27 05:30:00,1403.104,2012-10-27 04:41:00,1190.29,284.01,1474.3,31.68,
"2012-10-26",45,2012-10-27 06:00:00,1466.023,2012-10-27 05:10:38,1300.86,258.98,1559.84,36.55,
"2012-10-26",46,2012-10-27 06:30:00,1524.184,2012-10-27 05:41:04,1345.9,261.81,1607.71,37.02,
"2012-10-26",47,2012-10-27 07:00:00,1641.851,2012-10-27 06:11:17,1413.55,273.24,1686.79,37,
"2012-10-26",48,2012-10-27 07:30:00,1720.02,2012-10-27 06:41:25,1464.13,287.3,1751.43,36.87,
"2012-10-27",1,2012-10-27 08:00:00,1799.975,2012-10-27 07:11:23,1507.91,285.33,1793.24,36.85,
"2012-10-27",2,2012-10-27 08:30:00,1803.592,2012-10-27 07:41:03,1595.98,234.62,1830.6,36.84,
"2012-10-27",3,2012-10-27 09:00:00,1850.627,2012-10-27 08:11:29,1632.66,211.73,1844.39,36.84,
"2012-10-27",4,2012-10-27 09:30:00,1831.655,2012-10-27 08:41:44,1694.03,171.71,1865.74,55.64,
"2012-10-27",5,2012-10-27 10:00:00,1834.439,2012-10-27 09:11:24,1768.08,118.77,1886.85,56.38,
"2012-10-27",6,2012-10-27 10:30:00,1830.959,2012-10-27 09:41:43,1817.06,90.3,1907.36,60.09,
"2012-10-27",7,2012-10-27 11:00:00,1901.385,2012-10-27 10:11:41,1840.5,66.9,1907.4,63.72,
"2012-10-27",8,2012-10-27 11:30:00,1922.742,2012-10-27 10:42:03,1848.25,59.08,1907.33,60.09,
"2012-10-27",9,2012-10-27 12:00:00,1899.05,2012-10-27 11:11:59,1876.41,51.66,1928.07,63.72,
"2012-10-27",10,2012-10-27 12:30:00,1909.119,2012-10-27 11:41:44,1899.54,50.26,1949.8,60.09,
"2012-10-27",11,2012-10-27 13:00:00,1925.153,2012-10-27 12:12:09,1908,47.17,1955.17,63.72,
"2012-10-27",12,2012-10-27 13:30:00,1938.798,2012-10-27 12:42:29,1930.21,45.17,1975.38,65.14,
"2012-10-27",13,2012-10-27 14:00:00,1977.077,2012-10-27 13:11:57,1956.2,46.43,2002.63,67.06,
"2012-10-27",14,2012-10-27 14:30:00,1987.242,2012-10-27 13:42:38,1990.81,38.42,2029.23,75.3,
"2012-10-27",15,2012-10-27 15:00:00,2000.411,2012-10-27 14:12:11,1953.09,94.36,2047.45,69.67,
"2012-10-27",16,2012-10-27 15:30:00,2016.904,2012-10-27 14:42:52,1989.41,96.56,2085.97,71.43,
"2012-10-27",17,2012-10-27 16:00:00,2029.527,2012-10-27 15:12:43,2007.15,100.06,2107.21,75.69,
"2012-10-27",18,2012-10-27 16:30:00,2045.87,2012-10-27 15:42:48,2030.72,100.72,2131.44,83.27,
"2012-10-27",19,2012-10-27 17:00:00,2099.724,2012-10-27 16:12:28,2034.79,108.05,2142.84,81.03,
"2012-10-27",20,2012-10-27 17:30:00,2081.624,2012-10-27 16:42:34,2044.54,112.14,2156.68,65.14,
"2012-10-27",21,2012-10-27 18:00:00,2104.64,2012-10-27 17:12:46,2029.52,127.71,2157.23,60.09,
"2012-10-27",22,2012-10-27 18:30:00,2165.377,2012-10-27 17:42:47,2081.05,150.18,2231.23,63.72,
"2012-10-27",23,2012-10-27 19:00:00,2166.043,2012-10-27 18:13:04,2015.26,171.02,2186.28,63.72,
"2012-10-27",24,2012-10-27 19:30:00,2076.916,2012-10-27 18:43:15,1942.74,189.12,2131.86,58.59,
"2012-10-27",25,2012-10-27 20:00:00,2024.514,2012-10-27 19:13:11,1830.08,199.41,2029.49,56.38,
"2012-10-27",26,2012-10-27 20:30:00,1962.664,2012-10-27 19:43:17,1790.78,213.89,2004.67,56.38,
"2012-10-27",27,2012-10-27 21:00:00,1889.557,2012-10-27 20:13:29,1708.01,232.26,1940.27,56.38,
"2012-10-27",28,2012-10-27 21:30:00,1814.386,2012-10-27 20:43:26,1633.34,244.88,1878.22,52.63,
"2012-10-27",29,2012-10-27 22:00:00,1742.354,2012-10-27 21:13:24,1528.4,288.87,1817.27,37.28,
"2012-10-27",30,2012-10-27 22:30:00,1701.419,2012-10-27 21:43:48,1479.25,271.96,1751.21,37.79,
"2012-10-27",31,2012-10-27 23:00:00,1670.731,2012-10-27 22:13:26,1439.47,252.1,1691.57,38.02,
"2012-10-27",32,2012-10-27 23:30:00,1613.165,2012-10-27 22:43:54,1383.91,254.52,1638.43,37.57,
"2012-10-27",33,2012-10-28 00:00:00,1562.616,2012-10-27 23:13:48,1363.64,246.43,1610.07,37.38,
"2012-10-27",34,2012-10-28 00:30:00,1518.55,2012-10-27 23:13:48,1316.86,253.45,1570.31,37.18,
"2012-10-27",35,2012-10-28 01:00:00,1483.001,2012-10-27 23:13:48,1289.89,254.91,1544.8,36.43,
"2012-10-27",36,2012-10-28 01:30:00,1485.442,2012-10-28 00:44:03,1282.44,238.8,1521.24,35.31,
"2012-10-27",37,2012-10-28 02:00:00,1475.913,2012-10-28 01:14:00,1255.23,250.03,1505.26,35.26,
"2012-10-27",38,2012-10-28 02:30:00,1426.363,2012-10-28 01:44:20,1243.82,255.85,1499.67,35.03,
"2012-10-27",39,2012-10-28 03:00:00,1516.012,2012-10-28 02:14:28,1191.27,290.65,1481.92,35.1,
"2012-10-27",40,2012-10-28 03:30:00,1445.871,2012-10-28 02:39:29,1198.68,277.6,1476.28,35.09,
"2012-10-27",41,2012-10-28 04:00:00,1453.215,2012-10-28 03:14:54,1218.32,265.47,1483.79,35.07,
"2012-10-27",42,2012-10-28 04:30:00,1445.973,2012-10-28 03:44:50,1219.75,273.54,1493.29,35.07,
"2012-10-27",43,2012-10-28 05:00:00,1426.762,2012-10-28 04:14:26,1184.89,267.15,1452.04,35.01,
"2012-10-27",44,2012-10-28 05:30:00,1420.144,2012-10-28 04:44:32,1212.97,247.6,1460.57,35.25,
"2012-10-27",45,2012-10-28 06:00:00,1459.345,2012-10-28 05:14:58,1263.95,230.35,1494.3,36.33,
"2012-10-27",46,2012-10-28 06:30:00,1489.47,2012-10-28 05:39:54,1325.8,209.31,1535.11,37.14,
"2012-10-27",47,2012-10-28 07:00:00,1557.668,2012-10-28 06:14:59,1355.69,232.26,1587.95,35.83,
"2012-10-27",48,2012-10-28 07:30:00,1597.853,2012-10-28 06:40:26,1402.57,248.73,1651.3,36.74,
"2012-10-28",1,2012-10-28 08:00:00,1678.697,2012-10-28 07:14:59,1464.48,244.27,1708.75,37.02,
"2012-10-28",2,2012-10-28 08:30:00,1701.606,2012-10-28 07:40:06,1535.48,220.05,1755.53,36.94,
"2012-10-28",3,2012-10-28 09:00:00,1754.065,2012-10-28 08:10:37,1630.89,185.53,1816.42,44.46,
"2012-10-28",4,2012-10-28 09:30:00,1761.7,2012-10-28 08:40:46,1667.52,177.61,1845.13,55.46,
"2012-10-28",5,2012-10-28 10:00:00,1804.23,2012-10-28 09:10:19,1717.04,193.84,1910.88,55.46,
"2012-10-28",6,2012-10-28 10:30:00,1851.952,2012-10-28 09:40:27,1775.51,168.14,1943.65,61.24,
"2012-10-28",7,2012-10-28 11:00:00,1932.042,2012-10-28 10:11:00,1834.57,144.01,1978.58,61.24,
"2012-10-28",8,2012-10-28 11:30:00,1987.91,2012-10-28 10:40:47,1885.11,146.77,2031.88,63.78,
"2012-10-28",9,2012-10-28 12:00:00,2017.554,2012-10-28 11:11:00,1895.22,163.39,2058.61,66.79,
"2012-10-28",10,2012-10-28 12:30:00,2038.176,2012-10-28 11:41:03,1837.56,166.66,2004.22,59.9,
"2012-10-28",11,2012-10-28 13:00:00,2105.241,2012-10-28 12:10:54,1743.06,188.23,1931.29,56.38,
"2012-10-28",12,2012-10-28 13:30:00,2054.766,2012-10-28 12:41:11,1751.52,197.38,1948.9,56.38,
"2012-10-28",13,2012-10-28 14:00:00,2038.836,2012-10-28 13:11:15,1808.01,185.96,1993.97,59.9,
"2012-10-28",14,2012-10-28 14:30:00,1976.449,2012-10-28 13:41:35,1823.48,182.48,2005.96,59.9,
"2012-10-28",15,2012-10-28 15:00:00,1989.384,2012-10-28 14:11:23,1850.26,152.79,2003.05,56.19,
"2012-10-28",16,2012-10-28 15:30:00,2004.581,2012-10-28 14:41:25,1843.45,176.3,2019.75,57.43,
"2012-10-28",17,2012-10-28 16:00:00,2033.044,2012-10-28 15:11:36,1940.8,122.56,2063.36,56.66,
"2012-10-28",18,2012-10-28 16:30:00,2040.198,2012-10-28 15:41:51,2011.55,90.42,2101.97,58.59,
"2012-10-28",19,2012-10-28 17:00:00,2095.995,2012-10-28 16:11:50,2022.42,74.12,2096.54,56.38,
"2012-10-28",20,2012-10-28 17:30:00,2117.162,2012-10-28 16:42:00,2021.9,109.16,2131.06,56.38,
"2012-10-28",21,2012-10-28 18:00:00,2166.058,2012-10-28 17:11:59,2092.15,65.79,2157.94,58.59,
"2012-10-28",22,2012-10-28 18:30:00,2235.777,2012-10-28 17:42:04,2160.11,76.79,2236.9,59.9,
"2012-10-28",23,2012-10-28 19:00:00,2178.554,2012-10-28 18:12:00,2003.4,223.85,2227.25,56.94,
"2012-10-28",24,2012-10-28 19:30:00,2117.146,2012-10-28 18:41:56,1952.55,225.52,2178.07,54.96,
"2012-10-28",25,2012-10-28 20:00:00,2079.04,2012-10-28 19:12:15,1978.62,129.31,2107.93,56.38,
"2012-10-28",26,2012-10-28 20:30:00,2045.116,2012-10-28 19:42:15,1866.27,186.83,2053.1,56.19,
"2012-10-28",27,2012-10-28 21:00:00,1932.567,2012-10-28 20:12:34,1839.32,140.95,1980.27,59.9,
"2012-10-28",28,2012-10-28 21:30:00,1839.419,2012-10-28 20:42:33,1741.87,142.54,1884.41,58.59,
"2012-10-28",29,2012-10-28 22:00:00,1782.002,2012-10-28 21:12:31,1681.23,104.97,1786.2,39.85,
"2012-10-28",30,2012-10-28 22:30:00,1691.031,2012-10-28 21:42:38,1644.44,67.92,1712.36,47.94,
"2012-10-28",31,2012-10-28 23:00:00,1696.088,2012-10-28 22:12:53,1562.17,103.92,1666.09,42.09,
"2012-10-28",32,2012-10-28 23:30:00,1637.711,2012-10-28 22:43:00,1482.68,142.87,1625.55,45.19,
"2012-10-28",33,2012-10-29 00:00:00,1554.695,2012-10-28 23:12:51,1417.07,187.25,1604.32,37.56,
"2012-10-28",34,2012-10-29 00:30:00,1531.103,2012-10-28 23:12:51,1406.83,166.73,1573.56,37.69,
"2012-10-28",35,2012-10-29 01:00:00,1517.584,2012-10-28 23:12:51,1388.06,160.65,1548.71,37.18,
"2012-10-28",36,2012-10-29 01:30:00,1507.388,2012-10-29 00:43:08,1343.27,190.29,1533.56,36.15,
"2012-10-28",37,2012-10-29 02:00:00,1501.34,2012-10-29 01:13:27,1360.53,177.68,1538.21,34.91,
"2012-10-28",38,2012-10-29 02:30:00,1493.445,2012-10-29 01:43:24,1324.4,205.53,1529.93,34.97,
"2012-10-28",39,2012-10-29 03:00:00,1532.529,2012-10-29 02:13:16,1326.08,195.21,1521.29,34.99,
"2012-10-28",40,2012-10-29 03:30:00,1513.691,2012-10-29 02:43:36,1379.6,150.29,1529.89,37.3,
"2012-10-28",41,2012-10-29 04:00:00,1521.939,2012-10-29 03:13:31,1376.7,154.35,1531.05,37.96,
"2012-10-28",42,2012-10-29 04:30:00,1538.694,2012-10-29 03:43:49,1441.13,144.24,1585.37,37.91,
"2012-10-28",43,2012-10-29 05:00:00,1645.912,2012-10-29 04:14:10,1492.97,133.18,1626.15,40.26,
"2012-10-28",44,2012-10-29 05:30:00,1724.651,2012-10-29 04:43:54,1591.63,115.75,1707.38,44.52,
"2012-10-28",45,2012-10-29 06:00:00,1846.936,2012-10-29 05:13:39,1740.23,129.44,1869.67,56.38,
"2012-10-28",46,2012-10-29 06:30:00,1930.699,2012-10-29 05:43:57,1853.04,117.8,1970.84,46.55,
"2012-10-28",47,2012-10-29 07:00:00,2078.499,2012-10-29 06:13:58,1924.94,165.67,2090.61,61.24,
"2012-10-28",48,2012-10-29 07:30:00,2115.522,2012-10-29 06:43:56,1960.17,177.96,2138.13,56.38,
"2012-10-29",1,2012-10-29 08:00:00,2149.061,2012-10-29 07:14:07,1991.79,175.97,2167.76,56.38,
"2012-10-29",2,2012-10-29 08:30:00,2149.046,2012-10-29 07:44:35,2031.81,153.34,2185.15,57.55,
"2012-10-29",3,2012-10-29 09:00:00,2189.321,2012-10-29 08:14:35,2014.93,164.5,2179.43,56.38,
"2012-10-29",4,2012-10-29 09:30:00,2171.792,2012-10-29 08:44:35,1971.47,202.92,2174.39,56.19,
"2012-10-29",5,2012-10-29 10:00:00,2123.911,2012-10-29 09:14:38,1910.23,265.92,2176.15,46.15,
"2012-10-29",6,2012-10-29 10:30:00,2161.974,2012-10-29 09:44:53,1913.68,256.11,2169.79,46.15,
"2012-10-29",7,2012-10-29 11:00:00,2156.313,2012-10-29 10:14:53,1910.1,265.75,2175.85,46.15,
"2012-10-29",8,2012-10-29 11:30:00,2170.821,2012-10-29 10:44:59,1920.61,273.05,2193.66,46.15,
"2012-10-29",9,2012-10-29 12:00:00,2151.026,2012-10-29 11:14:38,1899.01,275.37,2174.38,46.15,
"2012-10-29",10,2012-10-29 12:30:00,2178.296,2012-10-29 11:40:11,1948.2,234.42,2182.62,54.96,
"2012-10-29",11,2012-10-29 13:00:00,2113.294,2012-10-29 12:14:52,1924.75,257.06,2181.81,46.15,
"2012-10-29",12,2012-10-29 13:30:00,2159.816,2012-10-29 12:44:56,1934.81,259.86,2194.67,46.15,
"2012-10-29",13,2012-10-29 14:00:00,2125.143,2012-10-29 13:10:24,1937.62,273.04,2210.66,54.96,
"2012-10-29",14,2012-10-29 14:30:00,2156.366,2012-10-29 13:40:26,1930.86,269.22,2200.08,54.96,
"2012-10-29",15,2012-10-29 15:00:00,2163.872,2012-10-29 14:10:26,1944.01,269.86,2213.87,54.96,
"2012-10-29",16,2012-10-29 15:30:00,2204.593,2012-10-29 14:40:36,1975.35,264.75,2240.1,56.19,
"2012-10-29",17,2012-10-29 16:00:00,2216.299,2012-10-29 15:10:47,2000.39,254.54,2254.93,56.38,
"2012-10-29",18,2012-10-29 16:30:00,2174.911,2012-10-29 15:40:35,2023.24,248.49,2271.73,57.38,
"2012-10-29",19,2012-10-29 17:00:00,2244.226,2012-10-29 16:10:58,2032.81,236.84,2269.65,58.59,
"2012-10-29",20,2012-10-29 17:30:00,2291.564,2012-10-29 16:40:54,2030.94,235.62,2266.56,56.56,
"2012-10-29",21,2012-10-29 18:00:00,2355.934,2012-10-29 17:10:57,2055.12,216.11,2271.23,56.38,
"2012-10-29",22,2012-10-29 18:30:00,2420.36,2012-10-29 17:40:45,2181.94,180.72,2362.66,77.43,
"2012-10-29",23,2012-10-29 19:00:00,2275.357,2012-10-29 18:11:11,2169.79,143.39,2313.18,70.63,
"2012-10-29",24,2012-10-29 19:30:00,2184.281,2012-10-29 18:41:13,2122.68,123.9,2246.58,69.69,
"2012-10-29",25,2012-10-29 20:00:00,2144.939,2012-10-29 19:11:28,2055.4,116.67,2172.07,68.85,
"2012-10-29",26,2012-10-29 20:30:00,2073.365,2012-10-29 19:41:21,1984.16,138.59,2122.75,61.24,
"2012-10-29",27,2012-10-29 21:00:00,2002.785,2012-10-29 20:11:27,1894.98,123.72,2018.7,58.09,
"2012-10-29",28,2012-10-29 21:30:00,1927.231,2012-10-29 20:41:22,1819.76,106.3,1926.06,44.32,
"2012-10-29",29,2012-10-29 22:00:00,1812.548,2012-10-29 21:11:53,1730.92,98.34,1829.26,54.83,
"2012-10-29",30,2012-10-29 22:30:00,1712.289,2012-10-29 21:41:32,1629.03,115.15,1744.18,57.25,
"2012-10-29",31,2012-10-29 23:00:00,1631.666,2012-10-29 22:12:01,1549.5,126.58,1676.08,37.55,
"2012-10-29",32,2012-10-29 23:30:00,1608.08,2012-10-29 22:41:34,1487.7,124.88,1612.58,37.84,
"2012-10-29",33,2012-10-30 00:00:00,1575.885,2012-10-29 23:12:04,1461.13,131.93,1593.06,38.07,
"2012-10-29",34,2012-10-30 00:30:00,1550.641,2012-10-29 23:12:04,1486.59,100.4,1586.99,57.44,
"2012-10-29",35,2012-10-30 01:00:00,1532.223,2012-10-29 23:12:04,1485.72,92.26,1577.98,57.46,
"2012-10-29",36,2012-10-30 01:30:00,1487.938,2012-10-30 00:41:54,1473.26,92.84,1566.1,57.49,
"2012-10-29",37,2012-10-30 02:00:00,1468.947,2012-10-30 01:12:08,1435.08,111.14,1546.22,52.84,
"2012-10-29",38,2012-10-30 02:30:00,1515.876,2012-10-30 01:42:39,1457.32,98.5,1555.82,57.52,
"2012-10-29",39,2012-10-30 03:00:00,1514.312,2012-10-30 02:12:32,1451.11,91.05,1542.16,57.53,
"2012-10-29",40,2012-10-30 03:30:00,1498.119,2012-10-30 02:42:20,1473.15,84.74,1557.89,57.52,
"2012-10-29",41,2012-10-30 04:00:00,1526.51,2012-10-30 03:12:20,1492.23,81.78,1574.01,57.59,
"2012-10-29",42,2012-10-30 04:30:00,1571.874,2012-10-30 03:43:01,1553.8,65.01,1618.81,57.64,
"2012-10-29",43,2012-10-30 05:00:00,1618.587,2012-10-30 04:13:04,1599.15,62.86,1662.01,57.56,
"2012-10-29",44,2012-10-30 05:30:00,1672.26,2012-10-30 04:42:50,1667.39,67.69,1735.08,58.59,
"2012-10-29",45,2012-10-30 06:00:00,1827.271,2012-10-30 05:13:09,1810.43,52.21,1862.64,62.57,
"2012-10-29",46,2012-10-30 06:30:00,1945.542,2012-10-30 05:42:48,1906.64,48.59,1955.23,62.75,
"2012-10-29",47,2012-10-30 07:00:00,2071.031,2012-10-30 06:13:00,2022.68,56.73,2079.41,72.33,
"2012-10-29",48,2012-10-30 07:30:00,2111.385,2012-10-30 06:43:16,2049.19,46.95,2096.14,73.05,
"2012-10-30",1,2012-10-30 08:00:00,2123.865,2012-10-30 07:13:13,2083.26,32.36,2115.62,70.91,
"2012-10-30",2,2012-10-30 08:30:00,2088.566,2012-10-30 07:43:21,2105.97,30.19,2136.16,71,
"2012-10-30",3,2012-10-30 09:00:00,2081.587,2012-10-30 08:13:20,2106.44,29.08,2135.52,70.99,
"2012-10-30",4,2012-10-30 09:30:00,2068.632,2012-10-30 08:43:39,2112.13,29.66,2141.79,71,
"2012-10-30",5,2012-10-30 10:00:00,2055.331,2012-10-30 09:13:27,2080.4,37.95,2118.35,70.99,
"2012-10-30",6,2012-10-30 10:30:00,2094.926,2012-10-30 09:43:26,2086.05,34.26,2120.31,70.99,
"2012-10-30",7,2012-10-30 11:00:00,2146.798,2012-10-30 10:14:00,2097.51,41.06,2138.57,70.99,
"2012-10-30",8,2012-10-30 11:30:00,2133.282,2012-10-30 10:43:33,2059.77,59.98,2119.75,69.45,
"2012-10-30",9,2012-10-30 12:00:00,2093.204,2012-10-30 11:13:43,1999.82,92.27,2092.09,58.59,
"2012-10-30",10,2012-10-30 12:30:00,2102.455,2012-10-30 11:44:15,2009.36,72.35,2081.71,60.26,
"2012-10-30",11,2012-10-30 13:00:00,2143.337,2012-10-30 12:14:15,1998.5,90.17,2088.67,58.59,
"2012-10-30",12,2012-10-30 13:30:00,2099.589,2012-10-30 12:43:59,2013.63,108.75,2122.38,64.5,
"2012-10-30",13,2012-10-30 14:00:00,2071.502,2012-10-30 13:14:16,1986.07,127.05,2113.12,58.59,
"2012-10-30",14,2012-10-30 14:30:00,2097.575,2012-10-30 13:44:03,1953.39,142.22,2095.61,56.38,
"2012-10-30",15,2012-10-30 15:00:00,2123.287,2012-10-30 14:14:24,2027.62,136.59,2164.21,64.5,
"2012-10-30",16,2012-10-30 15:30:00,2098.297,2012-10-30 14:44:27,2042.44,132.22,2174.66,69.44,
"2012-10-30",17,2012-10-30 16:00:00,2118.37,2012-10-30 15:14:36,2017.6,152.68,2170.28,69.44,
"2012-10-30",18,2012-10-30 16:30:00,2199.613,2012-10-30 15:44:26,2034.06,164.59,2198.65,69.44,
"2012-10-30",19,2012-10-30 17:00:00,2154.578,2012-10-30 16:14:46,2074.38,162.38,2236.76,70.99,
"2012-10-30",20,2012-10-30 17:30:00,2207.015,2012-10-30 16:44:34,2092.9,160.91,2253.81,70.99,
"2012-10-30",21,2012-10-30 18:00:00,2257.648,2012-10-30 17:09:39,2098.78,179.68,2278.46,70.99,
"2012-10-30",22,2012-10-30 18:30:00,2329.238,2012-10-30 17:40:00,2136.39,197.74,2334.13,75.16,
"2012-10-30",23,2012-10-30 19:00:00,2281.524,2012-10-30 18:09:47,2090.38,199.94,2290.32,69.44,
"2012-10-30",24,2012-10-30 19:30:00,2199.919,2012-10-30 18:44:59,2007.44,222.74,2230.18,64.5,
"2012-10-30",25,2012-10-30 20:00:00,2190.111,2012-10-30 19:10:28,1949.43,220.13,2169.56,69.44,
"2012-10-30",26,2012-10-30 20:30:00,2084.145,2012-10-30 19:40:03,1842.3,251.54,2093.84,45.87,
"2012-10-30",27,2012-10-30 21:00:00,1996.264,2012-10-30 20:10:37,1762.73,243.44,2006.17,44.85,
"2012-10-30",28,2012-10-30 21:30:00,1915.307,2012-10-30 20:40:32,1672.2,244.29,1916.49,40.11,
"2012-10-30",29,2012-10-30 22:00:00,1824.219,2012-10-30 21:10:16,1523.07,301.14,1824.21,37.69,
"2012-10-30",30,2012-10-30 22:30:00,1731.648,2012-10-30 21:40:25,1467.76,267.24,1735,37.18,
"2012-10-30",31,2012-10-30 23:00:00,1624.14,2012-10-30 22:10:41,1381.29,284.82,1666.11,36.63,
"2012-10-30",32,2012-10-30 23:30:00,1576.745,2012-10-30 22:40:35,1323.72,287.05,1610.77,36.03,
"2012-10-30",33,2012-10-31 00:00:00,1550.492,2012-10-30 23:10:50,1288.95,288.95,1577.9,35.18,
"2012-10-30",34,2012-10-31 00:30:00,1525.134,2012-10-30 23:10:50,1290.49,258.96,1549.45,35.03,
"2012-10-30",35,2012-10-31 01:00:00,1505.808,2012-10-30 23:10:50,1293.63,246.12,1539.75,34.85,
"2012-10-30",36,2012-10-31 01:30:00,1490.912,2012-10-31 00:41:03,1259.25,265.41,1524.66,34.89,
"2012-10-30",37,2012-10-31 02:00:00,1467.622,2012-10-31 01:11:20,1253.12,251.67,1504.79,34.91,
"2012-10-30",38,2012-10-31 02:30:00,1471.748,2012-10-31 01:41:02,1246.75,268.36,1515.11,34.94,
"2012-10-30",39,2012-10-31 03:00:00,1463.391,2012-10-31 02:11:07,1254.91,268.57,1523.48,35.25,
"2012-10-30",40,2012-10-31 03:30:00,1481.393,2012-10-31 02:41:35,1255.74,279,1534.74,35.12,
"2012-10-30",41,2012-10-31 04:00:00,1516.657,2012-10-31 03:11:16,1344,225.68,1569.68,38.52,
"2012-10-30",42,2012-10-31 04:30:00,1570.125,2012-10-31 03:41:35,1463.56,148.16,1611.72,55.88,
"2012-10-30",43,2012-10-31 05:00:00,1636.968,2012-10-31 04:12:04,1539.41,143.82,1683.23,55.81,
"2012-10-30",44,2012-10-31 05:30:00,1746.627,2012-10-31 04:42:05,1498.1,249.03,1747.13,41.57,
"2012-10-30",45,2012-10-31 06:00:00,1862.374,2012-10-31 05:11:44,1645.19,254.52,1899.71,43.39,
"2012-10-30",46,2012-10-31 06:30:00,1996.834,2012-10-31 05:41:52,1738.89,280.44,2019.33,40.06,
"2012-10-30",47,2012-10-31 07:00:00,2113.022,2012-10-31 06:12:19,1839.89,304.19,2144.08,45.27,
"2012-10-30",48,2012-10-31 07:30:00,2217.217,2012-10-31 06:42:21,1878.27,292.39,2170.66,52.64,
"2012-10-31",1,2012-10-31 08:00:00,2168.628,2012-10-31 07:12:07,1883.91,271.01,2154.92,44.6,
"2012-10-31",2,2012-10-31 08:30:00,2139.137,2012-10-31 07:42:15,1900.04,274.35,2174.39,44.38,
"2012-10-31",3,2012-10-31 09:00:00,2152.269,2012-10-31 08:12:33,1911.85,241.93,2153.78,44.38,
"2012-10-31",4,2012-10-31 09:30:00,2132.317,2012-10-31 08:42:25,1920.41,230.94,2151.35,44.38,
"2012-10-31",5,2012-10-31 10:00:00,2101.794,2012-10-31 09:12:19,1882.6,277.6,2160.2,44.38,
"2012-10-31",6,2012-10-31 10:30:00,2149.633,2012-10-31 09:42:35,1903.66,267.21,2170.87,44.38,
"2012-10-31",7,2012-10-31 11:00:00,2145.841,2012-10-31 10:12:26,1909.57,265.86,2175.43,44.38,
"2012-10-31",8,2012-10-31 11:30:00,2164.163,2012-10-31 10:42:41,1895.52,282.36,2177.88,44.38,
"2012-10-31",9,2012-10-31 12:00:00,2140.43,2012-10-31 11:12:47,1860.91,269.15,2130.06,44.38,
"2012-10-31",10,2012-10-31 12:30:00,2135.761,2012-10-31 11:42:43,1877.34,262.7,2140.04,44.38,
"2012-10-31",11,2012-10-31 13:00:00,2112.416,2012-10-31 12:13:03,1815.85,321.63,2137.48,44.38,
"2012-10-31",12,2012-10-31 13:30:00,2107.271,2012-10-31 12:43:07,1805.32,330.22,2135.54,44.38,
"2012-10-31",13,2012-10-31 14:00:00,2169.631,2012-10-31 13:13:31,1807.7,315.37,2123.07,44.38,
"2012-10-31",14,2012-10-31 14:30:00,2118.491,2012-10-31 13:43:26,1864.86,276.86,2141.72,44.38,
"2012-10-31",15,2012-10-31 15:00:00,2145.091,2012-10-31 14:13:17,1894.33,280.75,2175.08,44.38,
"2012-10-31",16,2012-10-31 15:30:00,2109.264,2012-10-31 14:43:31,1951.55,250.42,2201.97,56.38,
"2012-10-31",17,2012-10-31 16:00:00,2151.315,2012-10-31 15:13:40,1923.79,264.35,2188.14,44.38,
"2012-10-31",18,2012-10-31 16:30:00,2175.275,2012-10-31 15:43:49,1965.13,277.79,2242.92,58.59,
"2012-10-31",19,2012-10-31 17:00:00,2199.909,2012-10-31 16:13:47,2008.51,247.58,2256.09,70.99,
"2012-10-31",20,2012-10-31 17:30:00,2201.383,2012-10-31 16:43:56,2019.03,249.98,2269.01,70.99,
"2012-10-31",21,2012-10-31 18:00:00,2235.044,2012-10-31 17:14:07,2049,265.93,2314.93,71.34,
"2012-10-31",22,2012-10-31 18:30:00,2291.104,2012-10-31 17:43:42,2062.71,269.16,2331.87,71.34,
"2012-10-31",23,2012-10-31 19:00:00,2284.921,2012-10-31 18:13:55,2027.46,274.83,2302.29,70.99,
"2012-10-31",24,2012-10-31 19:30:00,2226.335,2012-10-31 18:13:55,2007,265.4,2272.4,65.94,
"2012-10-31",25,2012-10-31 20:00:00,2158.386,2012-10-31 18:13:55,1924.63,271.92,2196.55,44.6,
"2012-10-31",26,2012-10-31 20:30:00,2084.693,2012-10-31 18:13:55,1882.92,249.8,2132.72,44.6,
"2012-10-31",27,2012-10-31 21:00:00,1996.402,2012-10-31 18:13:55,1748.98,287.42,2036.4,42.68,
"2012-10-31",28,2012-10-31 21:30:00,1887.531,2012-10-31 18:43:59,1668.72,266.38,1935.1,37.19,
"2012-10-31",29,2012-10-31 22:00:00,1792.394,2012-10-31 18:43:59,1556.39,282.51,1838.9,39.7,
"2012-10-31",30,2012-10-31 22:30:00,1682.506,2012-10-31 18:43:59,1439.92,319.84,1759.76,37.24,
"2012-10-31",31,2012-10-31 23:00:00,1677.369,2012-10-31 22:12:40,1389.86,310.95,1700.81,37.05,
"2012-10-31",32,2012-10-31 23:30:00,1585.9,2012-10-31 22:41:26,1355.8,288.53,1644.33,36.92,
"2012-10-31",33,2012-11-01 00:00:00,1596.768,2012-10-31 23:11:19,1282.93,333.82,1616.75,36.99,
"2012-10-31",34,2012-11-01 00:30:00,1572.987,2012-10-31 23:11:19,1267.02,317.88,1584.9,36.98,
"2012-10-31",35,2012-11-01 01:00:00,1553.411,2012-10-31 23:11:19,1307.12,260.25,1567.37,37,
"2012-10-31",36,2012-11-01 01:30:00,1548.481,2012-11-01 00:41:46,1236.89,310.4,1547.29,37.04,
"2012-10-31",37,2012-11-01 02:00:00,1528.877,2012-11-01 01:12:04,1196.96,336.18,1533.14,28.84,
"2012-10-31",38,2012-11-01 02:30:00,1508.382,2012-11-01 01:41:58,1172.65,338.09,1510.74,28.88,
"2012-10-31",39,2012-11-01 03:00:00,1541.525,2012-11-01 02:12:01,1190.9,340.47,1531.37,28.85,
"2012-10-31",40,2012-11-01 03:30:00,1506.975,2012-11-01 02:38:58,1201.66,338.14,1539.8,28.76,
"2012-10-31",41,2012-11-01 04:00:00,1525.927,2012-11-01 03:12:36,1224.86,328.41,1553.27,37.05,
"2012-10-31",42,2012-11-01 04:30:00,1544.192,2012-11-01 03:42:20,1269.23,325.2,1594.43,37.09,
"2012-10-31",43,2012-11-01 05:00:00,1635.518,2012-11-01 04:12:13,1512.69,121.04,1633.73,37.07,
"2012-10-31",44,2012-11-01 05:30:00,1707.468,2012-11-01 04:42:51,1509.53,174.89,1684.42,37.14,
"2012-10-31",45,2012-11-01 06:00:00,1854.095,2012-11-01 05:12:51,1600.81,233.96,1834.77,39.15,
"2012-10-31",46,2012-11-01 06:30:00,1981.078,2012-11-01 05:42:48,1661.38,285.45,1946.83,40.87,
"2012-10-31",47,2012-11-01 07:00:00,2066.493,2012-11-01 06:12:35,1825.52,247.74,2073.26,43.89,
"2012-10-31",48,2012-11-01 07:30:00,2122.26,2012-11-01 06:43:04,1893.26,226.32,2119.58,56.38,
"2012-11-01",1,2012-11-01 08:00:00,2171.891,2012-11-01 07:13:02,1854.6,234.7,2089.3,36.84,
"2012-11-01",2,2012-11-01 08:30:00,2155.464,2012-11-01 07:43:46,1838.18,249.92,2088.1,36.84,
"2012-11-01",3,2012-11-01 09:00:00,2164.764,2012-11-01 08:12:56,1863.61,236.89,2100.5,43.1,
"2012-11-01",4,2012-11-01 09:30:00,2128.421,2012-11-01 08:43:25,1858.03,236.49,2094.52,36.84,
"2012-11-01",5,2012-11-01 10:00:00,2035.504,2012-11-01 09:13:37,1890.61,214.55,2105.16,43.1,
"2012-11-01",6,2012-11-01 10:30:00,2058.897,2012-11-01 09:43:41,1867.8,216.56,2084.36,43.1,
"2012-11-01",7,2012-11-01 11:00:00,2047.368,2012-11-01 10:13:46,1865.54,203.55,2069.09,43.1,
"2012-11-01",8,2012-11-01 11:30:00,2055.702,2012-11-01 10:43:22,1833.2,237.29,2070.49,43.1,
"2012-11-01",9,2012-11-01 12:00:00,2044.171,2012-11-01 11:13:27,1846.93,218.2,2065.13,43.1,
"2012-11-01",10,2012-11-01 12:30:00,2017.885,2012-11-01 11:43:48,1870.15,206.65,2076.8,43.1,
"2012-11-01",11,2012-11-01 13:00:00,1995.156,2012-11-01 12:13:57,1887.57,206.17,2093.74,43.1,
"2012-11-01",12,2012-11-01 13:30:00,2068.992,2012-11-01 12:44:10,1973.07,165.41,2138.48,56.38,
"2012-11-01",13,2012-11-01 14:00:00,2072.723,2012-11-01 13:13:58,1986.58,170.13,2156.71,58.59,
"2012-11-01",14,2012-11-01 14:30:00,2109.689,2012-11-01 13:44:00,1950.08,211.81,2161.89,56.38,
"2012-11-01",15,2012-11-01 15:00:00,2134.201,2012-11-01 14:13:57,1984.66,174.47,2159.13,56.38,
"2012-11-01",16,2012-11-01 15:30:00,2140.492,2012-11-01 14:44:30,1986.22,153.4,2139.62,56.38,
"2012-11-01",17,2012-11-01 16:00:00,2135.714,2012-11-01 15:14:15,2001.58,158.5,2160.08,56.38,
"2012-11-01",18,2012-11-01 16:30:00,2170.744,2012-11-01 15:44:20,2081.96,112.2,2194.16,71.34,
"2012-11-01",19,2012-11-01 17:00:00,2141.84,2012-11-01 16:14:29,2114,98.68,2212.68,74.89,
"2012-11-01",20,2012-11-01 17:30:00,2158.216,2012-11-01 16:44:25,2129.03,132.19,2261.22,74.89,
"2012-11-01",21,2012-11-01 18:00:00,2152.288,2012-11-01 17:14:49,2142.4,115.66,2258.06,75.79,
"2012-11-01",22,2012-11-01 18:30:00,2233.733,2012-11-01 17:44:47,2258.41,93.15,2351.56,75.79,
"2012-11-01",23,2012-11-01 19:00:00,2249.772,2012-11-01 18:14:58,2236.67,84.65,2321.32,75.79,
"2012-11-01",24,2012-11-01 19:30:00,2260.992,2012-11-01 18:44:42,2182.89,99.44,2282.33,76.48,
"2012-11-01",25,2012-11-01 20:00:00,2215.848,2012-11-01 19:10:11,2123.81,117.59,2241.4,71.34,
"2012-11-01",26,2012-11-01 20:30:00,2104.548,2012-11-01 19:40:49,2035,130.38,2165.38,71.34,
"2012-11-01",27,2012-11-01 21:00:00,2021.17,2012-11-01 20:10:08,1921.9,133.57,2055.47,44.82,
"2012-11-01",28,2012-11-01 21:30:00,1938.022,2012-11-01 20:40:38,1913.97,55.69,1969.66,43.48,
"2012-11-01",29,2012-11-01 22:00:00,1853.929,2012-11-01 21:10:22,1809.77,54.58,1864.35,56.38,
"2012-11-01",30,2012-11-01 22:30:00,1749.502,2012-11-01 21:40:32,1710.35,57.77,1768.12,54.5,
"2012-11-01",31,2012-11-01 23:00:00,1686.34,2012-11-01 22:10:35,1658.73,49.83,1708.56,54.56,
"2012-11-01",32,2012-11-01 23:30:00,1636.342,2012-11-01 22:40:47,1607.11,52.2,1659.31,54.6,
"2012-11-01",33,2012-11-02 00:00:00,1591.209,2012-11-01 23:10:52,1591.36,41.27,1632.63,54.66,
"2012-11-01",34,2012-11-02 00:30:00,1565.69,2012-11-01 23:10:52,1575.02,35.89,1610.91,54.76,
"2012-11-01",35,2012-11-02 01:00:00,1539.789,2012-11-01 23:10:52,1560.35,26.77,1587.12,54.91,
"2012-11-01",36,2012-11-02 01:30:00,1521.192,2012-11-02 00:40:54,1528.74,34.63,1563.37,55.09,
"2012-11-01",37,2012-11-02 02:00:00,1519.975,2012-11-02 01:11:01,1506.88,41.55,1548.43,53.8,
"2012-11-01",38,2012-11-02 02:30:00,1495.659,2012-11-02 01:41:05,1526.56,43.98,1570.54,53.94,
"2012-11-01",39,2012-11-02 03:00:00,1500.44,2012-11-02 02:11:11,1517.77,51.05,1568.82,54.01,
"2012-11-01",40,2012-11-02 03:30:00,1510.995,2012-11-02 02:42:38,1538.92,44.99,1583.91,53.92,
"2012-11-01",41,2012-11-02 04:00:00,1532.884,2012-11-02 03:11:13,1525.05,65.74,1590.79,53.76,
"2012-11-01",42,2012-11-02 04:30:00,1542.375,2012-11-02 03:41:39,1557.08,80.25,1637.33,53.58,
"2012-11-01",43,2012-11-02 05:00:00,1623.86,2012-11-02 04:11:32,1581.78,96.84,1678.62,53.41,
"2012-11-01",44,2012-11-02 05:30:00,1713.641,2012-11-02 04:41:47,1691.26,76.95,1768.21,56.38,
"2012-11-01",45,2012-11-02 06:00:00,1878.325,2012-11-02 05:11:51,1868.81,36.98,1905.79,63.01,
"2012-11-01",46,2012-11-02 06:30:00,2017.142,2012-11-02 05:41:58,1958.74,49.9,2008.64,60.7,
"2012-11-01",47,2012-11-02 07:00:00,2161.079,2012-11-02 06:12:00,2053.3,58.28,2111.58,72.42,
"2012-11-01",48,2012-11-02 07:30:00,2168.666,2012-11-02 06:42:26,2104.44,49.44,2153.88,75.16,
"2012-11-02",1,2012-11-02 08:00:00,2218.712,2012-11-02 07:12:01,2110.5,58.82,2169.32,72.42,
"2012-11-02",2,2012-11-02 08:30:00,2164.632,2012-11-02 07:42:36,2113.26,54.85,2168.11,75.16,
"2012-11-02",3,2012-11-02 09:00:00,2149.028,2012-11-02 08:12:25,2119.22,59.08,2178.3,74.89,
"2012-11-02",4,2012-11-02 09:30:00,2166.552,2012-11-02 08:42:34,2083.11,79.96,2163.07,74.89,
"2012-11-02",5,2012-11-02 10:00:00,2132.595,2012-11-02 09:12:32,2105.95,67.17,2173.12,75.16,
"2012-11-02",6,2012-11-02 10:30:00,2120.485,2012-11-02 09:42:53,2065.05,74.64,2139.69,74.89,
"2012-11-02",7,2012-11-02 11:00:00,2106.552,2012-11-02 10:12:43,2042.63,93.82,2136.45,65.44,
"2012-11-02",8,2012-11-02 11:30:00,2177.027,2012-11-02 10:42:56,2017.15,117.52,2134.67,65.44,
"2012-11-02",9,2012-11-02 12:00:00,2165.21,2012-11-02 11:13:02,2019.72,101.5,2121.22,65.44,
"2012-11-02",10,2012-11-02 12:30:00,2096.468,2012-11-02 11:43:03,2039.89,104.56,2144.45,74.89,
"2012-11-02",11,2012-11-02 13:00:00,2076.326,2012-11-02 12:13:23,2008.58,112.74,2121.32,65.44,
"2012-11-02",12,2012-11-02 13:30:00,2127.222,2012-11-02 12:43:30,2007.56,107.12,2114.68,65.44,
"2012-11-02",13,2012-11-02 14:00:00,2156.013,2012-11-02 13:13:33,2029.73,107.05,2136.78,65.44,
"2012-11-02",14,2012-11-02 14:30:00,2089.25,2012-11-02 13:43:15,1993.52,140.76,2134.28,54.2,
"2012-11-02",15,2012-11-02 15:00:00,2121.694,2012-11-02 14:13:17,2001.71,147.5,2149.21,54.2,
"2012-11-02",16,2012-11-02 15:30:00,2159.92,2012-11-02 14:44:01,1973.77,172.26,2146.03,44.34,
"2012-11-02",17,2012-11-02 16:00:00,2126.752,2012-11-02 15:13:49,1971.06,191.94,2163,44.34,
"2012-11-02",18,2012-11-02 16:30:00,2128.762,2012-11-02 15:43:59,2014.5,148.93,2163.43,54.2,
"2012-11-02",19,2012-11-02 17:00:00,2069.139,2012-11-02 16:13:47,2051.42,134.09,2185.51,65.44,
"2012-11-02",20,2012-11-02 17:30:00,2114.685,2012-11-02 16:43:47,2048.01,105.39,2153.4,56.38,
"2012-11-02",21,2012-11-02 18:00:00,2135.614,2012-11-02 17:13:50,2089.47,67.33,2156.8,65.44,
"2012-11-02",22,2012-11-02 18:30:00,2109.114,2012-11-02 17:44:03,2169.27,73.08,2242.35,75.16,
"2012-11-02",23,2012-11-02 19:00:00,2161.988,2012-11-02 18:14:11,2129.91,93.09,2223,65.44,
"2012-11-02",24,2012-11-02 19:30:00,2169.643,2012-11-02 18:43:57,2078.97,118.43,2197.4,54.2,
"2012-11-02",25,2012-11-02 20:00:00,2135.399,2012-11-02 19:14:17,2021.79,115.13,2136.92,41.14,
"2012-11-02",26,2012-11-02 20:30:00,2056.751,2012-11-02 19:44:08,1974.58,109.69,2084.27,39.32,
"2012-11-02",27,2012-11-02 21:00:00,1970.232,2012-11-02 20:14:13,1887.07,125.49,2012.56,37.43,
"2012-11-02",28,2012-11-02 21:30:00,1930.249,2012-11-02 20:44:31,1803.39,123.32,1926.71,37.77,
"2012-11-02",29,2012-11-02 22:00:00,1877.795,2012-11-02 21:14:53,1722.48,127.33,1849.81,37.27,
"2012-11-02",30,2012-11-02 22:30:00,1802.002,2012-11-02 21:44:28,1666.55,113.91,1780.46,37.31,
"2012-11-02",31,2012-11-02 23:00:00,1663.291,2012-11-02 22:14:42,1607.67,105.14,1712.81,36.08,
"2012-11-02",32,2012-11-02 23:30:00,1606.299,2012-11-02 22:44:45,1565.23,98.07,1663.3,37.48,
"2012-11-02",33,2012-11-03 00:00:00,1590.792,2012-11-02 23:10:09,1519.46,88.02,1607.48,37.63,
"2012-11-02",34,2012-11-03 00:30:00,1556.961,2012-11-02 23:10:09,1516.57,63.26,1579.83,46.76,
"2012-11-02",35,2012-11-03 01:00:00,1534.544,2012-11-02 23:10:09,1517.7,54.21,1571.91,46.76,
"2012-11-02",36,2012-11-03 01:30:00,1510.087,2012-11-03 00:40:31,1500.96,44.67,1545.63,46.76,
"2012-11-02",37,2012-11-03 02:00:00,1488.792,2012-11-03 01:10:27,1488.46,45.45,1533.91,50.4,
"2012-11-02",38,2012-11-03 02:30:00,1489.093,2012-11-03 01:40:17,1494.49,38.73,1533.22,53.24,
"2012-11-02",39,2012-11-03 03:00:00,1505,2012-11-03 02:10:26,1497.37,34.84,1532.21,53.28,
"2012-11-02",40,2012-11-03 03:30:00,1512.919,2012-11-03 02:41:26,1499.22,32.01,1531.23,53.28,
"2012-11-02",41,2012-11-03 04:00:00,1506.158,2012-11-03 03:10:37,1504.96,33.01,1537.97,55.58,
"2012-11-02",42,2012-11-03 04:30:00,1475.346,2012-11-03 03:40:53,1531.87,34.72,1566.59,57.68,
"2012-11-02",43,2012-11-03 05:00:00,1504.479,2012-11-03 04:11:13,1504.07,31.4,1535.47,56.38,
"2012-11-02",44,2012-11-03 05:30:00,1531.594,2012-11-03 04:40:47,1532.48,36.87,1569.35,56.38,
"2012-11-02",45,2012-11-03 06:00:00,1638.782,2012-11-03 05:11:20,1567.52,51.38,1618.9,56.38,
"2012-11-02",46,2012-11-03 06:30:00,1677.907,2012-11-03 05:41:19,1616.58,54.78,1671.36,46.76,
"2012-11-02",47,2012-11-03 07:00:00,1763.453,2012-11-03 06:11:05,1699.98,51.38,1751.36,46.76,
"2012-11-02",48,2012-11-03 07:30:00,1821.085,2012-11-03 06:41:23,1764.17,49.47,1813.64,56.38,
"2012-11-03",1,2012-11-03 08:00:00,1901.783,2012-11-03 07:11:32,1791.98,76.79,1868.77,41.14,
"2012-11-03",2,2012-11-03 08:30:00,1901.498,2012-11-03 07:41:26,1848.9,73.64,1922.54,41.14,
"2012-11-03",3,2012-11-03 09:00:00,1919.219,2012-11-03 08:12:29,1864.08,73.84,1937.92,41.14,
"2012-11-03",4,2012-11-03 09:30:00,1915.045,2012-11-03 08:41:33,1869.49,86.94,1956.43,55.63,
"2012-11-03",5,2012-11-03 10:00:00,1898.84,2012-11-03 09:12:03,1811.9,111.81,1923.71,38.43,
"2012-11-03",6,2012-11-03 10:30:00,1904.341,2012-11-03 09:41:37,1802.91,145.95,1948.86,38.58,
"2012-11-03",7,2012-11-03 11:00:00,1934.91,2012-11-03 10:12:03,1734.72,199.4,1934.12,38.74,
"2012-11-03",8,2012-11-03 11:30:00,1913.899,2012-11-03 10:42:18,1667.3,240.66,1907.96,38.33,
"2012-11-03",9,2012-11-03 12:00:00,1921.281,2012-11-03 11:11:51,1655.72,258.28,1914,38.33,
"2012-11-03",10,2012-11-03 12:30:00,1909.882,2012-11-03 11:41:59,1660.21,237.6,1897.81,38.33,
"2012-11-03",11,2012-11-03 13:00:00,1872.523,2012-11-03 12:12:32,1674,235.43,1909.43,38.33,
"2012-11-03",12,2012-11-03 13:30:00,1891.67,2012-11-03 12:42:40,1701.33,219.04,1920.37,38.9,
"2012-11-03",13,2012-11-03 14:00:00,1872.137,2012-11-03 13:12:24,1683.48,238.02,1921.5,38.33,
"2012-11-03",14,2012-11-03 14:30:00,1899.531,2012-11-03 13:42:37,1656.64,233.35,1889.99,38.3,
"2012-11-03",15,2012-11-03 15:00:00,1888.88,2012-11-03 14:12:44,1638.78,231,1869.78,38.18,
"2012-11-03",16,2012-11-03 15:30:00,1913.685,2012-11-03 14:42:52,1667.3,221.51,1888.81,38.11,
"2012-11-03",17,2012-11-03 16:00:00,1883.598,2012-11-03 15:13:04,1719.07,210.22,1929.29,38.03,
"2012-11-03",18,2012-11-03 16:30:00,1938.534,2012-11-03 15:42:42,1824.56,169.49,1994.05,55.75,
"2012-11-03",19,2012-11-03 17:00:00,1946.64,2012-11-03 16:13:02,1865.69,189.2,2054.89,56.38,
"2012-11-03",20,2012-11-03 17:30:00,2009.882,2012-11-03 16:42:58,1922.31,167.41,2089.72,64.46,
"2012-11-03",21,2012-11-03 18:00:00,2029.429,2012-11-03 17:13:25,1948.71,129.71,2078.42,64.42,
"2012-11-03",22,2012-11-03 18:30:00,2141.871,2012-11-03 17:43:14,2023.97,107.27,2131.24,64.39,
"2012-11-03",23,2012-11-03 19:00:00,2081.583,2012-11-03 18:13:14,2015.29,100.7,2115.99,64.43,
"2012-11-03",24,2012-11-03 19:30:00,2092.794,2012-11-03 18:43:17,1981.45,87.13,2068.58,64.46,
"2012-11-03",25,2012-11-03 20:00:00,2037.814,2012-11-03 19:13:30,1888.09,90.5,1978.59,56.38,
"2012-11-03",26,2012-11-03 20:30:00,1946.738,2012-11-03 19:43:38,1804.63,132.78,1937.41,41.14,
"2012-11-03",27,2012-11-03 21:00:00,1842.255,2012-11-03 20:13:45,1768.69,118.95,1887.64,38.64,
"2012-11-03",28,2012-11-03 21:30:00,1783.498,2012-11-03 20:43:34,1729.91,107.13,1837.04,41.14,
"2012-11-03",29,2012-11-03 22:00:00,1726.949,2012-11-03 21:14:05,1662.92,121.59,1784.51,38.98,
"2012-11-03",30,2012-11-03 22:30:00,1712.785,2012-11-03 21:43:57,1584.78,140.85,1725.63,38.09,
"2012-11-03",31,2012-11-03 23:00:00,1601.119,2012-11-03 22:13:57,1578.43,109.72,1688.15,46.76,
"2012-11-03",32,2012-11-03 23:30:00,1568.563,2012-11-03 22:43:57,1570,73.48,1643.48,56.38,
"2012-11-03",33,2012-11-04 00:00:00,1541.855,2012-11-03 23:14:17,1528.8,84.17,1612.97,56.38,
"2012-11-03",34,2012-11-04 00:30:00,1508.156,2012-11-03 23:14:17,1498.64,83.22,1581.86,54.41,
"2012-11-03",35,2012-11-04 01:00:00,1483.738,2012-11-03 23:14:17,1391.67,156.24,1547.91,39.26,
"2012-11-03",36,2012-11-04 01:30:00,1504.817,2012-11-04 00:44:18,1339.94,189.01,1528.95,23.08,
"2012-11-03",37,2012-11-04 02:00:00,1508.513,2012-11-04 01:14:18,1357.04,156.29,1513.33,46.76,
"2012-11-03",38,2012-11-04 02:30:00,1482.533,2012-11-04 01:44:54,1368.44,136.95,1505.39,46.76,
"2012-11-03",39,2012-11-04 03:00:00,1492.429,2012-11-04 02:14:43,1355.96,141.36,1497.32,46.76,
"2012-11-03",40,2012-11-04 03:30:00,1481.418,2012-11-04 02:40:39,1348.76,145.44,1494.2,46.76,
"2012-11-03",41,2012-11-04 04:00:00,1456.622,2012-11-04 03:10:16,1332.85,170.34,1503.19,20.91,
"2012-11-03",42,2012-11-04 04:30:00,1464.639,2012-11-04 03:44:46,1344.34,156.6,1500.94,39.3,
"2012-11-03",43,2012-11-04 05:00:00,1465.916,2012-11-04 04:10:28,1318.05,172.22,1490.27,19.68,
"2012-11-03",44,2012-11-04 05:30:00,1453.982,2012-11-04 04:44:54,1357.51,130.15,1487.66,39.04,
"2012-11-03",45,2012-11-04 06:00:00,1525.072,2012-11-04 05:10:40,1360.4,142.31,1502.71,37.32,
"2012-11-03",46,2012-11-04 06:30:00,1566.249,2012-11-04 05:40:08,1346.3,196.35,1542.65,1.81,
"2012-11-03",47,2012-11-04 07:00:00,1623.628,2012-11-04 06:11:28,1386.46,208.77,1595.23,21.54,
"2012-11-03",48,2012-11-04 07:30:00,1654.253,2012-11-04 06:40:37,1501.36,194.89,1696.25,38.21,
"2012-11-04",1,2012-11-04 08:00:00,1689.404,2012-11-04 07:10:44,1540.45,179.38,1719.83,38.13,
"2012-11-04",2,2012-11-04 08:30:00,1683.435,2012-11-04 07:40:35,1479.86,224.87,1704.73,38.06,
"2012-11-04",3,2012-11-04 09:00:00,1784.37,2012-11-04 08:10:55,1570.11,241.17,1811.28,38.05,
"2012-11-04",4,2012-11-04 09:30:00,1708.823,2012-11-04 08:41:02,1627.15,258.87,1886.02,38.05,
"2012-11-04",5,2012-11-04 10:00:00,1785.064,2012-11-04 09:10:55,1564.74,348.21,1912.95,38.02,
"2012-11-04",6,2012-11-04 10:30:00,1813.538,2012-11-04 09:41:11,1488.22,340.14,1828.36,37.97,
"2012-11-04",7,2012-11-04 11:00:00,1983.232,2012-11-04 10:11:17,1485.98,343.41,1829.39,37.94,
"2012-11-04",8,2012-11-04 11:30:00,1890.81,2012-11-04 10:41:23,1388.69,375.48,1764.17,28.89,
"2012-11-04",9,2012-11-04 12:00:00,1847.86,2012-11-04 11:11:20,1443.13,380.16,1823.29,35.59,
"2012-11-04",10,2012-11-04 12:30:00,1779.218,2012-11-04 11:41:22,1390.5,373.45,1763.95,28.89,
"2012-11-04",11,2012-11-04 13:00:00,1688.638,2012-11-04 12:11:22,1368.28,374.76,1743.04,28.89,
"2012-11-04",12,2012-11-04 13:30:00,1725.209,2012-11-04 12:41:41,1451.98,338.23,1790.21,35.59,
"2012-11-04",13,2012-11-04 14:00:00,1697.611,2012-11-04 13:11:41,1439.82,353.93,1793.75,35.59,
"2012-11-04",14,2012-11-04 14:30:00,1710.386,2012-11-04 13:41:48,1423.61,336.19,1759.8,35.54,
"2012-11-04",15,2012-11-04 15:00:00,1824.408,2012-11-04 14:11:56,1416.01,374.23,1790.24,35.54,
"2012-11-04",16,2012-11-04 15:30:00,1789.276,2012-11-04 14:41:46,1488.12,354.84,1842.96,35.59,
"2012-11-04",17,2012-11-04 16:00:00,1793.397,2012-11-04 15:12:10,1647.48,278.87,1926.35,37.88,
"2012-11-04",18,2012-11-04 16:30:00,1932.891,2012-11-04 15:42:11,1681.24,328.14,2009.38,37.85,
"2012-11-04",19,2012-11-04 17:00:00,1977.446,2012-11-04 16:12:02,1769.47,328.59,2098.06,37.83,
"2012-11-04",20,2012-11-04 17:30:00,2035.989,2012-11-04 16:42:41,1854.57,315.68,2170.25,58.97,
"2012-11-04",21,2012-11-04 18:00:00,2104.267,2012-11-04 17:12:13,1878.1,306.69,2184.79,58.97,
"2012-11-04",22,2012-11-04 18:30:00,2258.881,2012-11-04 17:42:42,1900.56,341.77,2242.33,58.97,
"2012-11-04",23,2012-11-04 19:00:00,2227.734,2012-11-04 18:12:53,1891.8,331.71,2223.51,58.97,
"2012-11-04",24,2012-11-04 19:30:00,2204.725,2012-11-04 18:42:28,1799.51,376.6,2176.11,37.74,
"2012-11-04",25,2012-11-04 20:00:00,2139.741,2012-11-04 19:12:51,1768.39,337.61,2106,37.77,
"2012-11-04",26,2012-11-04 20:30:00,2049.651,2012-11-04 19:42:39,1775.31,261.04,2036.35,37.94,
"2012-11-04",27,2012-11-04 21:00:00,1954.663,2012-11-04 20:12:56,1729.44,225.42,1954.86,38.14,
"2012-11-04",28,2012-11-04 21:30:00,1864.735,2012-11-04 20:43:02,1597.2,269.91,1867.11,38.57,
"2012-11-04",29,2012-11-04 22:00:00,1748.148,2012-11-04 21:13:09,1529.48,252.09,1781.57,39.02,
"2012-11-04",30,2012-11-04 22:30:00,1654.42,2012-11-04 21:43:17,1417.25,263.56,1680.81,-5.78,
"2012-11-04",31,2012-11-04 23:00:00,1598.297,2012-11-04 22:13:11,1344.65,275.53,1620.18,-30.51,
"2012-11-04",32,2012-11-04 23:30:00,1560.277,2012-11-04 22:43:25,1279.52,285.65,1565.17,-55.39,
"2012-11-04",33,2012-11-05 00:00:00,1538.324,2012-11-04 23:13:15,1253.99,281.98,1535.97,-19.39,
"2012-11-04",34,2012-11-05 00:30:00,1514.936,2012-11-04 23:13:15,1198.15,308.49,1506.64,-55.37,
"2012-11-04",35,2012-11-05 01:00:00,1498.614,2012-11-04 23:13:16,1220.89,281.24,1502.13,-40.4,
"2012-11-04",36,2012-11-05 01:30:00,1448.766,2012-11-05 00:44:03,1197.47,297.1,1494.57,-55.37,
"2012-11-04",37,2012-11-05 02:00:00,1448.617,2012-11-05 01:13:55,1197.76,287.89,1485.65,-40.32,
"2012-11-04",38,2012-11-05 02:30:00,1455.102,2012-11-05 01:44:19,1210.81,274.32,1485.13,-40.33,
"2012-11-04",39,2012-11-05 03:00:00,1479.685,2012-11-05 02:13:50,1235.83,266.4,1502.23,-40.44,
"2012-11-04",40,2012-11-05 03:30:00,1459.132,2012-11-05 02:44:31,1242,262.32,1504.32,-40.32,
"2012-11-04",41,2012-11-05 04:00:00,1497.675,2012-11-05 03:14:26,1232.87,293.27,1526.14,-21.95,
"2012-11-04",42,2012-11-05 04:30:00,1512.857,2012-11-05 03:44:51,1302.2,269.77,1571.97,2.44,
"2012-11-04",43,2012-11-05 05:00:00,1588.655,2012-11-05 04:14:12,1361.41,256.19,1617.6,20.65,
"2012-11-04",44,2012-11-05 05:30:00,1684.383,2012-11-05 04:44:16,1463.72,255.16,1718.88,38.53,
"2012-11-04",45,2012-11-05 06:00:00,1849.323,2012-11-05 05:14:47,1612.19,270.34,1882.53,38,
"2012-11-04",46,2012-11-05 06:30:00,1989.613,2012-11-05 05:44:22,1732.07,265.47,1997.54,38.46,
"2012-11-04",47,2012-11-05 07:00:00,2133.487,2012-11-05 06:14:45,1861.39,279.69,2141.08,41.8,
"2012-11-04",48,2012-11-05 07:30:00,2142.627,2012-11-05 06:44:47,1844.5,307.32,2151.82,38.03,
"2012-11-05",1,2012-11-05 08:00:00,2205.46,2012-11-05 07:09:56,1843.88,305.65,2149.53,37.8,
"2012-11-05",2,2012-11-05 08:30:00,2165.587,2012-11-05 07:44:53,1866.38,285.03,2151.41,37.7,
"2012-11-05",3,2012-11-05 09:00:00,2223.347,2012-11-05 08:10:45,1847.66,299.03,2146.69,37.7,
"2012-11-05",4,2012-11-05 09:30:00,2135.443,2012-11-05 08:40:16,1861,279.48,2140.48,37.7,
"2012-11-05",5,2012-11-05 10:00:00,2137.104,2012-11-05 09:10:02,1895.51,247.14,2142.65,37.7,
"2012-11-05",6,2012-11-05 10:30:00,2148.324,2012-11-05 09:10:02,1872.57,237.33,2109.9,37.7,
"2012-11-05",7,2012-11-05 11:00:00,2152.233,2012-11-05 10:10:22,1884.41,229.67,2114.08,37.7,
"2012-11-05",8,2012-11-05 11:30:00,2140.441,2012-11-05 10:40:29,1857.28,240.17,2097.45,37.7,
"2012-11-05",9,2012-11-05 12:00:00,2084.607,2012-11-05 11:10:41,1867.02,225.7,2092.72,37.7,
"2012-11-05",10,2012-11-05 12:30:00,2079.398,2012-11-05 11:40:49,1879.11,206.32,2085.43,37.7,
"2012-11-05",11,2012-11-05 13:00:00,2067.809,2012-11-05 12:10:57,1883.25,187.79,2071.04,37.7,
"2012-11-05",12,2012-11-05 13:30:00,2079.111,2012-11-05 12:40:33,1849.37,220.23,2069.6,37.7,
"2012-11-05",13,2012-11-05 14:00:00,2060.769,2012-11-05 13:10:34,1857.32,209.65,2066.97,37.7,
"2012-11-05",14,2012-11-05 14:30:00,2054.256,2012-11-05 13:40:54,1851.89,220.17,2072.06,37.7,
"2012-11-05",15,2012-11-05 15:00:00,2072.104,2012-11-05 14:11:03,1907.81,220.58,2128.39,37.7,
"2012-11-05",16,2012-11-05 15:30:00,2110.309,2012-11-05 14:41:12,1969.59,182,2151.59,37.7,
"2012-11-05",17,2012-11-05 16:00:00,2117.009,2012-11-05 15:11:13,1886.8,249.69,2136.49,37.7,
"2012-11-05",18,2012-11-05 16:30:00,2121.615,2012-11-05 15:41:27,1961.56,228.5,2190.06,37.76,
"2012-11-05",19,2012-11-05 17:00:00,2132.262,2012-11-05 16:11:36,2010.77,241.49,2252.26,37.73,
"2012-11-05",20,2012-11-05 17:30:00,2156.274,2012-11-05 16:41:40,2054.44,214.75,2269.19,37.7,
"2012-11-05",21,2012-11-05 18:00:00,2122.948,2012-11-05 17:11:15,2126.37,190.69,2317.06,50.66,
"2012-11-05",22,2012-11-05 18:30:00,2203.202,2012-11-05 17:41:53,2241.66,120.31,2361.97,74.66,
"2012-11-05",23,2012-11-05 19:00:00,2253.683,2012-11-05 18:11:41,2236.17,89.52,2325.69,71.26,
"2012-11-05",24,2012-11-05 19:30:00,2268.903,2012-11-05 18:42:02,2218.52,52.55,2271.07,67.91,
"2012-11-05",25,2012-11-05 20:00:00,2191.834,2012-11-05 19:11:38,2178.97,51.77,2230.74,60.96,
"2012-11-05",26,2012-11-05 20:30:00,2132.968,2012-11-05 19:42:08,2083.94,51.89,2135.83,45.06,
"2012-11-05",27,2012-11-05 21:00:00,2017.784,2012-11-05 20:12:11,1980.15,66.47,2046.62,37.79,
"2012-11-05",28,2012-11-05 21:30:00,1944.269,2012-11-05 20:42:17,1847.53,84.65,1932.18,37.92,
"2012-11-05",29,2012-11-05 22:00:00,1835.349,2012-11-05 21:12:20,1744.43,84.34,1828.77,38.25,
"2012-11-05",30,2012-11-05 22:30:00,1740.108,2012-11-05 21:42:04,1656.26,84.17,1740.43,38.86,
"2012-11-05",31,2012-11-05 23:00:00,1665.664,2012-11-05 22:12:22,1577.36,92.26,1669.62,46.76,
"2012-11-05",32,2012-11-05 23:30:00,1584.1,2012-11-05 22:42:27,1524.29,88.55,1612.84,46.76,
"2012-11-05",33,2012-11-06 00:00:00,1563.736,2012-11-05 23:12:41,1493.27,85.13,1578.4,46.76,
"2012-11-05",34,2012-11-06 00:30:00,1537.66,2012-11-05 23:12:41,1453.21,96.85,1550.06,35.8,
"2012-11-05",35,2012-11-06 01:00:00,1517.447,2012-11-05 23:12:41,1440.34,87.15,1527.49,35.9,
"2012-11-05",36,2012-11-06 01:30:00,1495.502,2012-11-06 00:42:35,1411.22,93.82,1505.04,35.98,
"2012-11-05",37,2012-11-06 02:00:00,1492.061,2012-11-06 01:12:58,1415.62,97.05,1512.67,38.62,
"2012-11-05",38,2012-11-06 02:30:00,1496.042,2012-11-06 01:42:59,1443.68,75.16,1518.84,46.76,
"2012-11-05",39,2012-11-06 03:00:00,1509.469,2012-11-06 02:12:57,1463.76,60.23,1523.99,46.76,
"2012-11-05",40,2012-11-06 03:30:00,1494.222,2012-11-06 02:43:17,1439.95,84.29,1524.24,46.76,
"2012-11-05",41,2012-11-06 04:00:00,1527.008,2012-11-06 03:13:19,1458.12,82.64,1540.76,46.76,
"2012-11-05",42,2012-11-06 04:30:00,1556.363,2012-11-06 03:43:27,1527.2,56.25,1583.45,55.64,
"2012-11-05",43,2012-11-06 05:00:00,1606.643,2012-11-06 04:13:45,1566.36,58.28,1624.64,54.33,
"2012-11-05",44,2012-11-06 05:30:00,1695.947,2012-11-06 04:43:37,1666.19,53.2,1719.39,56.38,
"2012-11-05",45,2012-11-06 06:00:00,1876.292,2012-11-06 05:13:50,1806.45,48.94,1855.39,51.1,
"2012-11-05",46,2012-11-06 06:30:00,1994.015,2012-11-06 05:43:57,1965.75,40.83,2006.58,56.38,
"2012-11-05",47,2012-11-06 07:00:00,2130.739,2012-11-06 06:13:52,2075.97,57.23,2133.2,64.41,
"2012-11-05",48,2012-11-06 07:30:00,2128.428,2012-11-06 06:44:05,2114.58,62.48,2177.06,67.49,
"2012-11-06",1,2012-11-06 08:00:00,2184.06,2012-11-06 07:13:49,2114.4,68.94,2183.34,53.92,
"2012-11-06",2,2012-11-06 08:30:00,2206.536,2012-11-06 07:44:07,2120.4,68.85,2189.25,53.87,
"2012-11-06",3,2012-11-06 09:00:00,2230.795,2012-11-06 08:13:56,2062.16,83.15,2145.31,48.38,
"2012-11-06",4,2012-11-06 09:30:00,2182.877,2012-11-06 08:44:10,2043.19,84.49,2127.68,37.79,
"2012-11-06",5,2012-11-06 10:00:00,2167.57,2012-11-06 09:14:36,2027.14,78.8,2105.94,37.7,
"2012-11-06",6,2012-11-06 10:30:00,2160.716,2012-11-06 09:44:32,2000.12,84.15,2084.27,37.7,
"2012-11-06",7,2012-11-06 11:00:00,2123.243,2012-11-06 10:14:43,1995.69,77.51,2073.2,37.7,
"2012-11-06",8,2012-11-06 11:30:00,2103.364,2012-11-06 10:44:19,1960.76,78.36,2039.12,37.7,
"2012-11-06",9,2012-11-06 12:00:00,2067.978,2012-11-06 11:14:24,1945.19,91.02,2036.21,37.72,
"2012-11-06",10,2012-11-06 12:30:00,2057.57,2012-11-06 11:44:43,1938.02,106.85,2044.87,37.75,
"2012-11-06",11,2012-11-06 13:00:00,1973.293,2012-11-06 12:14:59,1952,99.65,2051.65,37.75,
"2012-11-06",12,2012-11-06 13:30:00,2060.169,2012-11-06 12:39:57,1947.77,114.58,2062.35,37.74,
"2012-11-06",13,2012-11-06 14:00:00,2033.702,2012-11-06 13:10:05,1941.12,118.97,2060.09,37.73,
"2012-11-06",14,2012-11-06 14:30:00,2059.844,2012-11-06 13:40:06,1944.61,118.89,2063.5,37.72,
"2012-11-06",15,2012-11-06 15:00:00,2059.513,2012-11-06 14:14:58,1978.4,115.84,2094.24,37.75,
"2012-11-06",16,2012-11-06 15:30:00,2043.656,2012-11-06 14:40:23,2010.31,102.69,2113,37.76,
"2012-11-06",17,2012-11-06 16:00:00,2085.801,2012-11-06 15:10:26,2037.9,97.37,2135.27,37.76,
"2012-11-06",18,2012-11-06 16:30:00,2091.45,2012-11-06 15:40:17,2060.78,89.71,2150.49,37.72,
"2012-11-06",19,2012-11-06 17:00:00,2103.441,2012-11-06 16:10:51,2073,111.47,2184.47,37.7,
"2012-11-06",20,2012-11-06 17:30:00,2121.133,2012-11-06 16:40:21,2116.03,88.88,2204.91,41.94,
"2012-11-06",21,2012-11-06 18:00:00,2141.397,2012-11-06 17:10:37,2133.28,79.56,2212.84,46.17,
"2012-11-06",22,2012-11-06 18:30:00,2222.525,2012-11-06 17:40:41,2232.9,63.23,2296.13,70.99,
"2012-11-06",23,2012-11-06 19:00:00,2242.421,2012-11-06 18:10:38,2226.34,58.13,2284.47,70.99,
"2012-11-06",24,2012-11-06 19:30:00,2185.825,2012-11-06 18:40:56,2188.73,61.22,2249.95,67.09,
"2012-11-06",25,2012-11-06 20:00:00,2186.493,2012-11-06 19:11:01,2099.79,72.33,2172.12,57.92,
"2012-11-06",26,2012-11-06 20:30:00,2072.535,2012-11-06 19:41:23,2027.37,85.28,2112.65,39.69,
"2012-11-06",27,2012-11-06 21:00:00,2015.318,2012-11-06 20:11:12,1930.83,80.87,2011.7,37.79,
"2012-11-06",28,2012-11-06 21:30:00,1877.892,2012-11-06 20:41:15,1778.59,132.98,1911.57,37.91,
"2012-11-06",29,2012-11-06 22:00:00,1808.33,2012-11-06 21:11:36,1619.89,187.43,1807.32,38.03,
"2012-11-06",30,2012-11-06 22:30:00,1715.892,2012-11-06 21:41:22,1553.99,182.78,1736.77,36.66,
"2012-11-06",31,2012-11-06 23:00:00,1645.084,2012-11-06 22:11:43,1500.85,155.11,1655.96,34.55,
"2012-11-06",32,2012-11-06 23:30:00,1616.318,2012-11-06 22:41:22,1477.01,138.35,1615.36,39.14,
"2012-11-06",33,2012-11-07 00:00:00,1575.74,2012-11-06 23:11:54,1441.82,138.13,1579.95,38.95,
"2012-11-06",34,2012-11-07 00:30:00,1551.723,2012-11-06 23:11:54,1412.03,146.18,1558.21,30.15,
"2012-11-06",35,2012-11-07 01:00:00,1532.3,2012-11-06 23:11:54,1386.54,156.05,1542.59,30.4,
"2012-11-06",36,2012-11-07 01:30:00,1493.666,2012-11-07 00:41:50,1382.38,143.67,1526.05,30.61,
"2012-11-06",37,2012-11-07 02:00:00,1500.127,2012-11-07 01:12:04,1380.3,136.06,1516.36,36.15,
"2012-11-06",38,2012-11-07 02:30:00,1475.888,2012-11-07 01:41:54,1374.17,143.88,1518.05,36.24,
"2012-11-06",39,2012-11-07 03:00:00,1501.873,2012-11-07 02:12:12,1395.46,129.38,1524.84,36.22,
"2012-11-06",40,2012-11-07 03:30:00,1514.277,2012-11-07 02:44:09,1426.33,114.48,1540.81,49.52,
"2012-11-06",41,2012-11-07 04:00:00,1527.996,2012-11-07 03:12:14,1463.32,98.36,1561.68,52.86,
"2012-11-06",42,2012-11-07 04:30:00,1546.058,2012-11-07 03:42:29,1489.69,100.78,1590.47,52.54,
"2012-11-06",43,2012-11-07 05:00:00,1641.267,2012-11-07 04:12:36,1516.41,107.88,1624.29,38.32,
"2012-11-06",44,2012-11-07 05:30:00,1734.68,2012-11-07 04:42:37,1640.37,90.99,1731.36,56.07,
"2012-11-06",45,2012-11-07 06:00:00,1884.262,2012-11-07 05:12:56,1802.57,70.01,1872.58,56.38,
"2012-11-06",46,2012-11-07 06:30:00,1992.311,2012-11-07 05:42:46,1917.49,67.75,1985.24,57.92,
"2012-11-06",47,2012-11-07 07:00:00,2136.129,2012-11-07 06:13:12,2021.07,87.43,2108.5,71.34,
"2012-11-06",48,2012-11-07 07:30:00,2151.906,2012-11-07 06:42:49,2015.54,117.3,2132.84,56.38,
"2012-11-07",1,2012-11-07 08:00:00,2194.035,2012-11-07 07:13:05,2009.94,113.88,2123.82,56.38,
"2012-11-07",2,2012-11-07 08:30:00,2181.749,2012-11-07 07:43:28,2025.9,101.37,2127.27,57.92,
"2012-11-07",3,2012-11-07 09:00:00,2109.125,2012-11-07 08:13:21,2026.27,83.93,2110.2,57.92,
"2012-11-07",4,2012-11-07 09:30:00,2129.8,2012-11-07 08:43:09,2042.76,67.65,2110.41,57.74,
"2012-11-07",5,2012-11-07 10:00:00,2137.58,2012-11-07 09:13:13,2058.64,51.83,2110.47,53.44,
"2012-11-07",6,2012-11-07 10:30:00,2118.406,2012-11-07 09:43:38,2008.87,48.32,2057.19,52.28,
"2012-11-07",7,2012-11-07 11:00:00,2108.612,2012-11-07 10:13:50,2041.9,44.66,2086.56,57.92,
"2012-11-07",8,2012-11-07 11:30:00,2117.312,2012-11-07 10:43:45,2020.97,49.56,2070.53,59.32,
"2012-11-07",9,2012-11-07 12:00:00,2048.334,2012-11-07 11:13:46,1997.68,59.33,2057.01,60.46,
"2012-11-07",10,2012-11-07 12:30:00,2057.134,2012-11-07 11:43:52,1971.29,91.48,2062.77,58.57,
"2012-11-07",11,2012-11-07 13:00:00,2035.286,2012-11-07 12:13:46,1941.06,131.52,2072.58,51.41,
"2012-11-07",12,2012-11-07 13:30:00,2065.387,2012-11-07 12:44:09,1898.18,150.94,2049.12,44.42,
"2012-11-07",13,2012-11-07 14:00:00,2087.496,2012-11-07 13:14:22,1886.55,166.32,2052.87,37.71,
"2012-11-07",14,2012-11-07 14:30:00,2068.426,2012-11-07 13:44:27,1896.52,184.11,2080.63,37.7,
"2012-11-07",15,2012-11-07 15:00:00,2051.064,2012-11-07 14:14:27,1917.64,193.61,2111.25,37.7,
"2012-11-07",16,2012-11-07 15:30:00,2050.315,2012-11-07 14:44:36,1924.98,196.64,2121.62,37.7,
"2012-11-07",17,2012-11-07 16:00:00,2143.632,2012-11-07 15:14:18,1948.08,187.23,2135.31,44.67,
"2012-11-07",18,2012-11-07 16:30:00,2090.402,2012-11-07 15:44:34,1972.59,192.39,2164.98,50.36,
"2012-11-07",19,2012-11-07 17:00:00,2108.601,2012-11-07 16:14:42,1999.69,193.44,2193.13,57.92,
"2012-11-07",20,2012-11-07 17:30:00,2234.145,2012-11-07 16:44:41,2045.55,183.7,2229.25,57.92,
"2012-11-07",21,2012-11-07 18:00:00,2199.85,2012-11-07 17:09:54,2058.22,168.53,2226.75,58.55,
"2012-11-07",22,2012-11-07 18:30:00,2200.481,2012-11-07 17:44:52,2135.41,153.02,2288.43,69.44,
"2012-11-07",23,2012-11-07 19:00:00,2264.239,2012-11-07 18:14:56,2155.56,149.02,2304.58,70.99,
"2012-11-07",24,2012-11-07 19:30:00,2212.579,2012-11-07 18:44:53,2091.63,163.45,2255.08,69.44,
"2012-11-07",25,2012-11-07 20:00:00,2196.517,2012-11-07 19:14:57,2006.03,179.94,2185.97,56.38,
"2012-11-07",26,2012-11-07 20:30:00,2090.245,2012-11-07 19:40:20,1917.41,193.05,2110.46,44.69,
"2012-11-07",27,2012-11-07 21:00:00,2006.688,2012-11-07 20:10:05,1840.69,187.89,2028.58,37.81,
"2012-11-07",28,2012-11-07 21:30:00,1926.647,2012-11-07 20:40:42,1730.06,184.47,1914.53,38.07,
"2012-11-07",29,2012-11-07 22:00:00,1813.284,2012-11-07 21:10:16,1634.89,198.98,1833.87,38.5,
"2012-11-07",30,2012-11-07 22:30:00,1760.705,2012-11-07 21:40:22,1508.96,244.81,1753.77,38.63,
"2012-11-07",31,2012-11-07 23:00:00,1678.77,2012-11-07 22:10:55,1421.08,260.66,1681.74,38.82,
"2012-11-07",32,2012-11-07 23:30:00,1611.807,2012-11-07 22:40:49,1346.33,259.42,1605.75,2.42,
"2012-11-07",33,2012-11-08 00:00:00,1564.49,2012-11-07 23:10:53,1322.26,253.23,1575.49,3.59,
"2012-11-07",34,2012-11-08 00:30:00,1540.567,2012-11-07 23:10:53,1268.83,272.98,1541.81,-40.32,
"2012-11-07",35,2012-11-08 01:00:00,1521.281,2012-11-07 23:10:53,1249.22,263.92,1513.14,-40.44,
"2012-11-07",36,2012-11-08 01:30:00,1515.977,2012-11-08 00:41:09,1257.42,247.42,1504.84,-40.25,
"2012-11-07",37,2012-11-08 02:00:00,1482.151,2012-11-08 01:11:35,1248.72,254.53,1503.25,-40.51,
"2012-11-07",38,2012-11-08 02:30:00,1460.214,2012-11-08 01:41:22,1243.55,255.37,1498.92,-40.45,
"2012-11-07",39,2012-11-08 03:00:00,1482.661,2012-11-08 02:11:45,1259.23,247.88,1507.11,-40.46,
"2012-11-07",40,2012-11-08 03:30:00,1486.011,2012-11-08 02:41:49,1294.69,226.67,1521.36,3.57,
"2012-11-07",41,2012-11-08 04:00:00,1507.766,2012-11-08 03:11:47,1318.82,219.52,1538.34,21.83,
"2012-11-07",42,2012-11-08 04:30:00,1523.873,2012-11-08 03:41:40,1383.25,186.75,1570,38.82,
"2012-11-07",43,2012-11-08 05:00:00,1582.846,2012-11-08 04:11:55,1407.19,202.4,1609.59,38.44,
"2012-11-07",44,2012-11-08 05:30:00,1692.061,2012-11-08 04:41:48,1506.27,190.63,1696.9,38.12,
"2012-11-07",45,2012-11-08 06:00:00,1867.109,2012-11-08 05:12:14,1635.54,198.92,1834.46,37.86,
"2012-11-07",46,2012-11-08 06:30:00,1975.067,2012-11-08 05:42:15,1737.8,207.64,1945.44,37.81,
"2012-11-07",47,2012-11-08 07:00:00,2095.927,2012-11-08 06:11:59,1849.96,199.19,2049.15,43.8,
"2012-11-07",48,2012-11-08 07:30:00,2089.051,2012-11-08 06:42:31,1922.5,176.81,2099.31,50.9,
"2012-11-08",1,2012-11-08 08:00:00,2140.762,2012-11-08 07:12:22,1923.32,153.86,2077.18,37.79,
"2012-11-08",2,2012-11-08 08:30:00,2112.671,2012-11-08 07:42:40,1934.14,139.82,2073.96,35.48,
"2012-11-08",3,2012-11-08 09:00:00,2120.999,2012-11-08 08:12:29,1960.87,118.13,2079,37.79,
"2012-11-08",4,2012-11-08 09:30:00,2076.14,2012-11-08 08:42:39,1999.34,76.58,2075.92,37.7,
"2012-11-08",5,2012-11-08 10:00:00,2079.062,2012-11-08 09:12:47,2025.76,46.31,2072.07,37.7,
"2012-11-08",6,2012-11-08 10:30:00,2081.249,2012-11-08 09:42:36,2056.37,30.83,2087.2,37.79,
"2012-11-08",7,2012-11-08 11:00:00,2092.06,2012-11-08 10:13:08,2065.55,30.03,2095.58,37.79,
"2012-11-08",8,2012-11-08 11:30:00,2036.838,2012-11-08 10:43:08,2027.85,33.41,2061.26,37.7,
"2012-11-08",9,2012-11-08 12:00:00,2087.761,2012-11-08 11:13:16,2043.99,43.36,2087.35,37.7,
"2012-11-08",10,2012-11-08 12:30:00,2072.224,2012-11-08 11:43:09,2005.34,69.25,2074.59,37.7,
"2012-11-08",11,2012-11-08 13:00:00,2036.638,2012-11-08 12:12:58,2026.12,72.63,2098.75,37.7,
"2012-11-08",12,2012-11-08 13:30:00,2093.391,2012-11-08 12:43:33,2005.55,75.99,2081.54,37.7,
"2012-11-08",13,2012-11-08 14:00:00,2083.744,2012-11-08 13:13:18,2016.85,81.07,2097.92,37.7,
"2012-11-08",14,2012-11-08 14:30:00,2121.697,2012-11-08 13:43:21,2020.29,85.05,2105.34,37.7,
"2012-11-08",15,2012-11-08 15:00:00,2102.677,2012-11-08 14:13:29,2019.98,98.41,2118.39,37.7,
"2012-11-08",16,2012-11-08 15:30:00,2111.444,2012-11-08 14:43:41,2044.54,124.21,2168.75,37.79,
"2012-11-08",17,2012-11-08 16:00:00,2129.522,2012-11-08 15:13:38,2069.65,128.26,2197.91,37.79,
"2012-11-08",18,2012-11-08 16:30:00,2148.004,2012-11-08 15:43:47,2063.72,131.48,2195.2,37.79,
"2012-11-08",19,2012-11-08 17:00:00,2134.042,2012-11-08 16:13:53,2088.75,119.22,2207.97,53.44,
"2012-11-08",20,2012-11-08 17:30:00,2197.736,2012-11-08 16:44:13,2113.99,108.04,2222.03,57.92,
"2012-11-08",21,2012-11-08 18:00:00,2178.885,2012-11-08 17:13:59,2126.74,117.57,2244.31,53.44,
"2012-11-08",22,2012-11-08 18:30:00,2255.773,2012-11-08 17:44:05,2171.98,111.01,2282.99,57.92,
"2012-11-08",23,2012-11-08 19:00:00,2223.902,2012-11-08 18:14:01,2198.9,113.91,2312.81,65.13,
"2012-11-08",24,2012-11-08 19:30:00,2215.359,2012-11-08 18:44:30,2176.17,120.93,2297.1,60.86,
"2012-11-08",25,2012-11-08 20:00:00,2150.96,2012-11-08 19:14:27,2075.17,122.66,2197.83,37.86,
"2012-11-08",26,2012-11-08 20:30:00,2101.689,2012-11-08 19:44:23,1980.37,134.39,2114.76,37.86,
"2012-11-08",27,2012-11-08 21:00:00,2034.712,2012-11-08 20:14:18,1878.61,153.24,2031.85,37.81,
"2012-11-08",28,2012-11-08 21:30:00,1944.283,2012-11-08 20:44:54,1728.96,178.05,1907.01,37.96,
"2012-11-08",29,2012-11-08 22:00:00,1805.407,2012-11-08 21:14:36,1587.7,237.53,1825.23,36.06,
"2012-11-08",30,2012-11-08 22:30:00,1741.511,2012-11-08 21:44:31,1489.14,254.81,1743.95,23.45,
"2012-11-08",31,2012-11-08 23:00:00,1653.078,2012-11-08 22:10:09,1383.77,260.78,1644.55,19.94,
"2012-11-08",32,2012-11-08 23:30:00,1632.649,2012-11-08 22:44:43,1409.72,210.2,1619.92,29.95,
"2012-11-08",33,2012-11-09 00:00:00,1539.521,2012-11-08 23:10:02,1368.38,188.01,1556.39,30.27,
"2012-11-08",34,2012-11-09 00:30:00,1511.857,2012-11-08 23:10:02,1328.59,206.28,1534.87,1.78,
"2012-11-08",35,2012-11-09 01:00:00,1486.395,2012-11-08 23:10:02,1318.61,217.07,1535.68,0,
"2012-11-08",36,2012-11-09 01:30:00,1473.767,2012-11-09 00:40:19,1279.21,229.08,1508.29,-39.99,
"2012-11-08",37,2012-11-09 02:00:00,1467.418,2012-11-09 01:10:20,1283.68,236.79,1520.47,-40.51,
"2012-11-08",38,2012-11-09 02:30:00,1481.94,2012-11-09 01:40:13,1267.33,242.45,1509.78,-40.74,
"2012-11-08",39,2012-11-09 03:00:00,1494.214,2012-11-09 02:10:41,1276.57,235.43,1512,-39.12,
"2012-11-08",40,2012-11-09 03:30:00,1499.566,2012-11-09 02:43:30,1248.94,256.22,1505.16,-40.51,
"2012-11-08",41,2012-11-09 04:00:00,1508.99,2012-11-09 03:10:39,1294.23,252.35,1546.58,0,
"2012-11-08",42,2012-11-09 04:30:00,1527.06,2012-11-09 03:40:47,1330.94,227.7,1558.64,18.7,
"2012-11-08",43,2012-11-09 05:00:00,1573.551,2012-11-09 04:10:49,1360.16,246.97,1607.13,32.58,
"2012-11-08",44,2012-11-09 05:30:00,1679.008,2012-11-09 04:41:00,1455.24,240.39,1695.63,34.41,
"2012-11-08",45,2012-11-09 06:00:00,1838.951,2012-11-09 05:11:02,1589.12,236.07,1825.19,36.15,
"2012-11-08",46,2012-11-09 06:30:00,1966.155,2012-11-09 05:41:01,1750.44,211.37,1961.81,37.88,
"2012-11-08",47,2012-11-09 07:00:00,2092.116,2012-11-09 06:11:03,1839.28,216.5,2055.78,37.78,
"2012-11-08",48,2012-11-09 07:30:00,2108.092,2012-11-09 06:41:38,1858.83,251.75,2110.58,37.7,
"2012-11-09",1,2012-11-09 08:00:00,2140.429,2012-11-09 07:11:26,1837.29,278.5,2115.79,37.7,
"2012-11-09",2,2012-11-09 08:30:00,2118.317,2012-11-09 07:41:51,1875.45,281.26,2156.71,37.7,
"2012-11-09",3,2012-11-09 09:00:00,2160.683,2012-11-09 08:11:57,1918.81,242.12,2160.93,37.7,
"2012-11-09",4,2012-11-09 09:30:00,2120.7,2012-11-09 08:42:03,1971.45,216.11,2187.56,37.7,
"2012-11-09",5,2012-11-09 10:00:00,2142.205,2012-11-09 09:11:45,2041.97,164.56,2206.53,37.7,
"2012-11-09",6,2012-11-09 10:30:00,2141.479,2012-11-09 09:42:08,2078.13,123.42,2201.55,53.44,
"2012-11-09",7,2012-11-09 11:00:00,2199.307,2012-11-09 10:11:51,2163.72,74.24,2237.96,56.08,
"2012-11-09",8,2012-11-09 11:30:00,2203.231,2012-11-09 10:42:16,2152.66,65.62,2218.28,54.75,
"2012-11-09",9,2012-11-09 12:00:00,2222.878,2012-11-09 11:12:22,2154.97,59.81,2214.78,57.92,
"2012-11-09",10,2012-11-09 12:30:00,2243.373,2012-11-09 11:42:06,2137.77,87.52,2225.29,54.41,
"2012-11-09",11,2012-11-09 13:00:00,2239.365,2012-11-09 12:12:25,2135.23,109.7,2244.93,56.93,
"2012-11-09",12,2012-11-09 13:30:00,2225.355,2012-11-09 12:42:18,2131.27,123.87,2255.14,57.92,
"2012-11-09",13,2012-11-09 14:00:00,2228.24,2012-11-09 13:12:22,2106.2,138.61,2244.81,49.18,
"2012-11-09",14,2012-11-09 14:30:00,2253.176,2012-11-09 13:42:27,2165.43,118.56,2283.99,57.92,
"2012-11-09",15,2012-11-09 15:00:00,2265.696,2012-11-09 14:12:28,2147.73,124.33,2272.06,54.73,
"2012-11-09",16,2012-11-09 15:30:00,2260.711,2012-11-09 14:43:05,2176.06,124.97,2301.03,57.92,
"2012-11-09",17,2012-11-09 16:00:00,2254.732,2012-11-09 15:12:56,2200.05,125.01,2325.06,58.59,
"2012-11-09",18,2012-11-09 16:30:00,2258.668,2012-11-09 15:43:17,2186.81,111.22,2298.03,58.22,
"2012-11-09",19,2012-11-09 17:00:00,2223.551,2012-11-09 16:13:18,2197.65,105.02,2302.67,57.92,
"2012-11-09",20,2012-11-09 17:30:00,2234.531,2012-11-09 16:43:03,2171.36,100.87,2272.23,54.23,
"2012-11-09",21,2012-11-09 18:00:00,2212.055,2012-11-09 17:13:26,2135.65,93.19,2228.84,55.03,
"2012-11-09",22,2012-11-09 18:30:00,2254.62,2012-11-09 17:43:15,2173.45,87.43,2260.88,57.92,
"2012-11-09",23,2012-11-09 19:00:00,2257.899,2012-11-09 18:13:22,2194.28,98.95,2293.23,65.14,
"2012-11-09",24,2012-11-09 19:30:00,2235.355,2012-11-09 18:43:40,2134.28,100.72,2235,57.92,
"2012-11-09",25,2012-11-09 20:00:00,2171.5,2012-11-09 19:13:50,2085.09,93,2178.09,53.72,
"2012-11-09",26,2012-11-09 20:30:00,2084.15,2012-11-09 19:43:31,2028.06,95.37,2123.43,37.79,
"2012-11-09",27,2012-11-09 21:00:00,2006.286,2012-11-09 20:13:38,1957.29,92.79,2050.08,37.76,
"2012-11-09",28,2012-11-09 21:30:00,1950.927,2012-11-09 20:43:37,1765.21,190.5,1955.71,37.74,
"2012-11-09",29,2012-11-09 22:00:00,1904.731,2012-11-09 21:13:56,1730.28,158.64,1888.92,37.89,
"2012-11-09",30,2012-11-09 22:30:00,1819.856,2012-11-09 21:43:54,1702.49,109.55,1812.04,38.01,
"2012-11-09",31,2012-11-09 23:00:00,1743.323,2012-11-09 22:14:03,1690.89,59.96,1750.85,38.3,
"2012-11-09",32,2012-11-09 23:30:00,1644.082,2012-11-09 22:44:11,1606.94,90.25,1697.19,38.56,
"2012-11-09",33,2012-11-10 00:00:00,1644.429,2012-11-09 23:13:59,1534.33,108.36,1642.69,38.55,
"2012-11-09",34,2012-11-10 00:30:00,1612.026,2012-11-09 23:13:59,1494.52,97.22,1591.74,38.43,
"2012-11-09",35,2012-11-10 01:00:00,1591.252,2012-11-09 23:13:59,1480.16,82.52,1562.68,38.29,
"2012-11-09",36,2012-11-10 01:30:00,1606.192,2012-11-10 00:44:46,1510.77,52.38,1563.15,57.92,
"2012-11-09",37,2012-11-10 02:00:00,1549.889,2012-11-10 01:14:37,1493.74,47.51,1541.25,57.92,
"2012-11-09",38,2012-11-10 02:30:00,1513.847,2012-11-10 01:44:45,1489.69,49.86,1539.55,57.92,
"2012-11-09",39,2012-11-10 03:00:00,1530.384,2012-11-10 02:14:55,1479.53,55.57,1535.1,57.92,
"2012-11-09",40,2012-11-10 03:30:00,1540.649,2012-11-10 02:41:55,1487.47,52.2,1539.67,57.92,
"2012-11-09",41,2012-11-10 04:00:00,1533.419,2012-11-10 03:09:54,1489.06,53.07,1542.13,57.92,
"2012-11-09",42,2012-11-10 04:30:00,1521.622,2012-11-10 03:44:47,1490.31,55.02,1545.33,57.92,
"2012-11-09",43,2012-11-10 05:00:00,1530.452,2012-11-10 04:09:59,1483.67,50.27,1533.94,57.92,
"2012-11-09",44,2012-11-10 05:30:00,1561.239,2012-11-10 04:40:17,1496.68,61.6,1558.28,57.92,
"2012-11-09",45,2012-11-10 06:00:00,1625.992,2012-11-10 05:10:47,1534.3,70.42,1604.72,57.92,
"2012-11-09",46,2012-11-10 06:30:00,1695.337,2012-11-10 05:40:50,1596.73,70.07,1666.8,57.92,
"2012-11-09",47,2012-11-10 07:00:00,1782.015,2012-11-10 06:10:41,1649.3,75.74,1725.04,38,
"2012-11-09",48,2012-11-10 07:30:00,1823.766,2012-11-10 06:40:47,1709.5,79.05,1788.55,37.9,
"2012-11-10",1,2012-11-10 08:00:00,1880.513,2012-11-10 07:10:46,1764.73,66.1,1830.83,53.44,
"2012-11-10",2,2012-11-10 08:30:00,1866.828,2012-11-10 07:40:39,1801.52,65.28,1866.8,53.44,
"2012-11-10",3,2012-11-10 09:00:00,1890.52,2012-11-10 08:10:40,1825.79,63.2,1888.99,53.44,
"2012-11-10",4,2012-11-10 09:30:00,1890.34,2012-11-10 08:41:12,1831.83,61.76,1893.59,53.44,
"2012-11-10",5,2012-11-10 10:00:00,1880.358,2012-11-10 08:41:12,1784.42,70,1854.42,37.87,
"2012-11-10",6,2012-11-10 10:30:00,1882.409,2012-11-10 08:41:12,1761.22,103.73,1864.95,37.88,
"2012-11-10",7,2012-11-10 11:00:00,1869.983,2012-11-10 08:41:12,1733,123.41,1856.41,37.89,
"2012-11-10",8,2012-11-10 11:30:00,1853.839,2012-11-10 08:41:12,1706.79,140.36,1847.15,37.89,
"2012-11-10",9,2012-11-10 12:00:00,1844.753,2012-11-10 08:41:12,1707.39,136.97,1844.36,37.89,
"2012-11-10",10,2012-11-10 12:30:00,1832.798,2012-11-10 11:41:30,1657.22,183.43,1840.65,37.89,
"2012-11-10",11,2012-11-10 13:00:00,1889.371,2012-11-10 12:11:34,1638.76,189.47,1828.23,37.89,
"2012-11-10",12,2012-11-10 13:30:00,1889.316,2012-11-10 12:11:34,1626.28,213.26,1839.54,37.88,
"2012-11-10",13,2012-11-10 14:00:00,1887.34,2012-11-10 12:11:34,1610.31,221.36,1831.67,37.86,
"2012-11-10",14,2012-11-10 14:30:00,1877.076,2012-11-10 12:11:34,1580.49,257.39,1837.88,37.79,
"2012-11-10",15,2012-11-10 15:00:00,1859.111,2012-11-10 12:11:34,1611.8,266.36,1878.16,37.85,
"2012-11-10",16,2012-11-10 15:30:00,1848.644,2012-11-10 14:42:02,1639.02,277.55,1916.57,37.86,
"2012-11-10",17,2012-11-10 16:00:00,1888.098,2012-11-10 15:11:56,1682.7,277.02,1959.72,37.88,
"2012-11-10",18,2012-11-10 16:30:00,1964.97,2012-11-10 15:42:24,1700.09,292.36,1992.45,37.88,
"2012-11-10",19,2012-11-10 17:00:00,1993.201,2012-11-10 16:12:28,1720.75,304.14,2024.89,37.86,
"2012-11-10",20,2012-11-10 17:30:00,2004.001,2012-11-10 16:42:37,1742.37,322.14,2064.51,37.85,
"2012-11-10",21,2012-11-10 18:00:00,2049.806,2012-11-10 17:12:30,1760.17,321.49,2081.66,37.84,
"2012-11-10",22,2012-11-10 18:30:00,2107.38,2012-11-10 17:42:45,1779.67,323.41,2103.08,37.84,
"2012-11-10",23,2012-11-10 19:00:00,2086.386,2012-11-10 18:12:38,1783.81,305.91,2089.72,37.85,
"2012-11-10",24,2012-11-10 19:30:00,2071.066,2012-11-10 18:42:38,1727.6,299.89,2027.49,37.86,
"2012-11-10",25,2012-11-10 20:00:00,2019.633,2012-11-10 19:12:56,1689.17,290.59,1979.76,37.91,
"2012-11-10",26,2012-11-10 20:30:00,1930.199,2012-11-10 19:42:51,1608.87,323.71,1932.58,38.1,
"2012-11-10",27,2012-11-10 21:00:00,1875.779,2012-11-10 20:12:43,1561.3,313.65,1874.95,38.19,
"2012-11-10",28,2012-11-10 21:30:00,1809.454,2012-11-10 20:43:01,1540.05,275.98,1816.03,38.04,
"2012-11-10",29,2012-11-10 22:00:00,1763.592,2012-11-10 21:13:10,1461.87,278.57,1740.44,35.75,
"2012-11-10",30,2012-11-10 22:30:00,1672.549,2012-11-10 21:42:59,1399.71,288.84,1688.55,25.75,
"2012-11-10",31,2012-11-10 23:00:00,1619,2012-11-10 22:13:05,1351.99,278.97,1630.96,4.39,
"2012-11-10",32,2012-11-10 23:30:00,1561.144,2012-11-10 22:43:18,1378.47,193.94,1572.41,21.66,
"2012-11-10",33,2012-11-11 00:00:00,1515.774,2012-11-10 23:13:38,1386.44,145.72,1532.16,52.17,
"2012-11-10",34,2012-11-11 00:30:00,1483.297,2012-11-10 23:13:38,1299.7,216.57,1516.27,-18.04,
"2012-11-10",35,2012-11-11 01:00:00,1458.658,2012-11-10 23:13:38,1312.67,187.96,1500.63,-5.86,
"2012-11-10",36,2012-11-11 01:30:00,1431.44,2012-11-11 00:43:50,1231.26,221.35,1452.61,-40.51,
"2012-11-10",37,2012-11-11 02:00:00,1434.265,2012-11-11 01:13:32,1208.06,258.2,1466.26,-40.38,
"2012-11-10",38,2012-11-11 02:30:00,1392.482,2012-11-11 01:44:02,1211.57,250.15,1461.72,-40.22,
"2012-11-10",39,2012-11-11 03:00:00,1424.998,2012-11-11 02:14:08,1225.58,227.77,1453.35,-36.11,
"2012-11-10",40,2012-11-11 03:30:00,1410.153,2012-11-11 02:44:26,1243.28,214.06,1457.34,9.01,
"2012-11-10",41,2012-11-11 04:00:00,1438.453,2012-11-11 03:14:02,1256.08,207.84,1463.92,-38.23,
"2012-11-10",42,2012-11-11 04:30:00,1409.89,2012-11-11 03:44:37,1282.42,170.06,1452.48,-2.94,
"2012-11-10",43,2012-11-11 05:00:00,1410.952,2012-11-11 04:14:24,1237.72,194.88,1432.6,-40.04,
"2012-11-10",44,2012-11-11 05:30:00,1409.322,2012-11-11 04:44:13,1283.69,183.22,1466.91,2.22,
"2012-11-10",45,2012-11-11 06:00:00,1441.252,2012-11-11 05:14:51,1304.04,188.44,1492.48,-1.19,
"2012-11-10",46,2012-11-11 06:30:00,1493.745,2012-11-11 05:44:33,1325.07,182.61,1507.68,14.75,
"2012-11-10",47,2012-11-11 07:00:00,1585.049,2012-11-11 06:14:45,1337.18,207.57,1544.75,15.2,
"2012-11-10",48,2012-11-11 07:30:00,1646.99,2012-11-11 06:44:33,1391.84,198.46,1590.3,30.25,
"2012-11-11",1,2012-11-11 08:00:00,1683.813,2012-11-11 07:09:44,1438.01,188.8,1626.81,30.25,
"2012-11-11",2,2012-11-11 08:30:00,1682.875,2012-11-11 07:39:44,1495.65,171.76,1667.41,30.19,
"2012-11-11",3,2012-11-11 09:00:00,1640.734,2012-11-11 08:10:01,1535.93,164.65,1700.58,30.04,
"2012-11-11",4,2012-11-11 09:30:00,1647.77,2012-11-11 08:40:32,1534.76,168.32,1703.08,29.9,
"2012-11-11",5,2012-11-11 10:00:00,1723.112,2012-11-11 09:10:15,1533.94,168.63,1702.57,29.71,
"2012-11-11",6,2012-11-11 10:30:00,1679.124,2012-11-11 09:40:30,1550.46,159.14,1709.6,29.59,
"2012-11-11",7,2012-11-11 11:00:00,1746.953,2012-11-11 10:10:43,1574.45,155.7,1730.15,29.51,
"2012-11-11",8,2012-11-11 11:30:00,1681.937,2012-11-11 10:40:41,1568.2,160.92,1729.12,29.45,
"2012-11-11",9,2012-11-11 12:00:00,1702.359,2012-11-11 11:10:25,1536.94,161.81,1698.75,29.45,
"2012-11-11",10,2012-11-11 12:30:00,1683.982,2012-11-11 11:40:40,1504.77,163.34,1668.11,29.46,
"2012-11-11",11,2012-11-11 13:00:00,1723.536,2012-11-11 12:10:51,1495.93,163.75,1659.68,29.46,
"2012-11-11",12,2012-11-11 13:30:00,1598.174,2012-11-11 12:40:55,1474.96,182.06,1657.02,29.46,
"2012-11-11",13,2012-11-11 14:00:00,1577.699,2012-11-11 13:11:02,1481.03,186.29,1667.32,29.5,
"2012-11-11",14,2012-11-11 14:30:00,1631.044,2012-11-11 13:41:06,1518.1,182.77,1700.87,29.55,
"2012-11-11",15,2012-11-11 15:00:00,1648.903,2012-11-11 14:11:25,1566.28,183.42,1749.7,29.55,
"2012-11-11",16,2012-11-11 15:30:00,1684.58,2012-11-11 14:41:23,1575.57,187.06,1762.63,37.95,
"2012-11-11",17,2012-11-11 16:00:00,1779.606,2012-11-11 15:11:20,1638.8,191.83,1830.63,37.93,
"2012-11-11",18,2012-11-11 16:30:00,1853.022,2012-11-11 15:41:13,1671.96,200.7,1872.66,37.89,
"2012-11-11",19,2012-11-11 17:00:00,1954.391,2012-11-11 16:11:16,1702.23,212.03,1914.26,37.79,
"2012-11-11",20,2012-11-11 17:30:00,2004.545,2012-11-11 16:41:35,1752.21,213.52,1965.73,37.79,
"2012-11-11",21,2012-11-11 18:00:00,2042.401,2012-11-11 17:11:40,1837.94,197.57,2035.51,37.8,
"2012-11-11",22,2012-11-11 18:30:00,2088.588,2012-11-11 17:41:34,1881.16,194.04,2075.2,68.78,
"2012-11-11",23,2012-11-11 19:00:00,2063.72,2012-11-11 18:11:40,1941.54,203.36,2144.9,68.82,
"2012-11-11",24,2012-11-11 19:30:00,2105.075,2012-11-11 18:42:33,1895.29,209.21,2104.5,68.89,
"2012-11-11",25,2012-11-11 20:00:00,2012.63,2012-11-11 19:12:15,1849.63,205.26,2054.89,68.96,
"2012-11-11",26,2012-11-11 20:30:00,1985.376,2012-11-11 19:42:23,1794.1,206.8,2000.9,37.94,
"2012-11-11",27,2012-11-11 21:00:00,1906.205,2012-11-11 20:12:17,1728.2,222.84,1951.04,38.09,
"2012-11-11",28,2012-11-11 21:30:00,1832.854,2012-11-11 20:42:30,1619.81,239.27,1859.08,38.38,
"2012-11-11",29,2012-11-11 22:00:00,1735.948,2012-11-11 21:12:09,1502.65,275.78,1778.43,30.62,
"2012-11-11",30,2012-11-11 22:30:00,1671.413,2012-11-11 21:42:36,1442.04,267.56,1709.6,39.21,
"2012-11-11",31,2012-11-11 23:00:00,1629.786,2012-11-11 22:12:47,1398.97,254.84,1653.81,39.56,
"2012-11-11",32,2012-11-11 23:30:00,1583.043,2012-11-11 22:42:21,1327.95,280.7,1608.65,-2.5,
"2012-11-11",33,2012-11-12 00:00:00,1560.173,2012-11-11 23:12:55,1287.71,283.48,1571.19,-22.37,
"2012-11-11",34,2012-11-12 00:30:00,1542.112,2012-11-11 23:12:55,1246.9,290,1536.9,-40.68,
"2012-11-11",35,2012-11-12 01:00:00,1528.751,2012-11-11 23:12:55,1260.04,269.76,1529.8,-40.65,
"2012-11-11",36,2012-11-12 01:30:00,1518.795,2012-11-12 00:42:44,1275.94,249.19,1525.13,-40.56,
"2012-11-11",37,2012-11-12 02:00:00,1497.601,2012-11-12 01:13:03,1261.61,252.07,1513.68,-40.51,
"2012-11-11",38,2012-11-12 02:30:00,1489.781,2012-11-12 01:43:10,1269,238.98,1507.98,-40.74,
"2012-11-11",39,2012-11-12 03:00:00,1511.514,2012-11-12 02:13:35,1285.3,229.32,1514.62,-39.13,
"2012-11-11",40,2012-11-12 03:30:00,1503.483,2012-11-12 02:44:05,1321.27,203.31,1524.58,0,
"2012-11-11",41,2012-11-12 04:00:00,1519.042,2012-11-12 03:13:47,1343.25,209.62,1552.87,39.7,
"2012-11-11",42,2012-11-12 04:30:00,1564.055,2012-11-12 03:43:13,1355.89,225.79,1581.68,39.2,
"2012-11-11",43,2012-11-12 05:00:00,1607.009,2012-11-12 04:13:21,1414.42,208.78,1623.2,38.62,
"2012-11-11",44,2012-11-12 05:30:00,1709.853,2012-11-12 04:43:27,1488.98,226.47,1715.45,38.15,
"2012-11-11",45,2012-11-12 06:00:00,1830.202,2012-11-12 05:13:54,1572.46,280.95,1853.41,37.9,
"2012-11-11",46,2012-11-12 06:30:00,1990.737,2012-11-12 05:43:46,1664.79,309.81,1974.6,37.77,
"2012-11-11",47,2012-11-12 07:00:00,2137.773,2012-11-12 06:13:41,1779.44,293.67,2073.11,37.86,
"2012-11-11",48,2012-11-12 07:30:00,2176.488,2012-11-12 06:43:49,1851.02,262.27,2113.29,37.77,
"2012-11-12",1,2012-11-12 08:00:00,2186.492,2012-11-12 07:14:17,1847.84,256.14,2103.98,37.7,
"2012-11-12",2,2012-11-12 08:30:00,2155.895,2012-11-12 07:44:31,1927,225.73,2152.73,37.7,
"2012-11-12",3,2012-11-12 09:00:00,2122.054,2012-11-12 08:14:16,1943.56,188.8,2132.36,37.7,
"2012-11-12",4,2012-11-12 09:30:00,2122.762,2012-11-12 08:44:32,1984.85,148.65,2133.5,37.7,
"2012-11-12",5,2012-11-12 10:00:00,2123.686,2012-11-12 08:54:33,2036.84,95.03,2131.87,37.79,
"2012-11-12",6,2012-11-12 10:30:00,2056.321,2012-11-12 09:44:31,2086.1,62.92,2149.02,52.28,
"2012-11-12",7,2012-11-12 11:00:00,2169.562,2012-11-12 10:14:45,2078.31,47.31,2125.62,52.28,
"2012-11-12",8,2012-11-12 11:30:00,2180.339,2012-11-12 10:44:56,2098.84,37.59,2136.43,55.5,
"2012-11-12",9,2012-11-12 12:00:00,2178.2,2012-11-12 11:14:42,2097.68,34.2,2131.88,55.5,
"2012-11-12",10,2012-11-12 12:30:00,2141.8,2012-11-12 11:44:57,2060.99,84.08,2145.07,37.79,
"2012-11-12",11,2012-11-12 13:00:00,2113.111,2012-11-12 12:14:54,2049.15,84.75,2133.9,37.79,
"2012-11-12",12,2012-11-12 13:30:00,2138.802,2012-11-12 12:40:15,2055.68,97.8,2153.48,37.79,
"2012-11-12",13,2012-11-12 14:00:00,2144.516,2012-11-12 13:10:20,2079.07,98.07,2177.14,55.5,
"2012-11-12",14,2012-11-12 14:30:00,2140.586,2012-11-12 13:40:16,2041.43,160.13,2201.56,37.79,
"2012-11-12",15,2012-11-12 15:00:00,2154.079,2012-11-12 14:10:26,2020.44,163.86,2184.3,37.7,
"2012-11-12",16,2012-11-12 15:30:00,2195.164,2012-11-12 14:41:04,2046.85,169.18,2216.03,37.79,
"2012-11-12",17,2012-11-12 16:00:00,2224.549,2012-11-12 15:10:31,2051.92,160.84,2212.76,37.7,
"2012-11-12",18,2012-11-12 16:30:00,2239.42,2012-11-12 15:40:41,2078.35,163.48,2241.83,55.31,
"2012-11-12",19,2012-11-12 17:00:00,2175.796,2012-11-12 16:10:41,2105.36,148.49,2253.85,57.33,
"2012-11-12",20,2012-11-12 17:30:00,2250.644,2012-11-12 16:40:43,2133.87,141.66,2275.53,57.92,
"2012-11-12",21,2012-11-12 18:00:00,2263.045,2012-11-12 17:10:42,2150.46,134.4,2284.86,57.33,
"2012-11-12",22,2012-11-12 18:30:00,2258.586,2012-11-12 17:40:59,2191.51,125.09,2316.6,57.92,
"2012-11-12",23,2012-11-12 19:00:00,2290.372,2012-11-12 18:11:03,2180.93,136.76,2317.69,57.92,
"2012-11-12",24,2012-11-12 19:30:00,2262.588,2012-11-12 18:41:09,2115.87,150.6,2266.47,57.92,
"2012-11-12",25,2012-11-12 20:00:00,2209.375,2012-11-12 19:11:14,2037.02,160.92,2197.94,37.79,
"2012-11-12",26,2012-11-12 20:30:00,2121.697,2012-11-12 19:41:28,1929.87,179.08,2108.95,37.71,
"2012-11-12",27,2012-11-12 21:00:00,2036.742,2012-11-12 20:11:26,1854.35,178.72,2033.07,35.49,
"2012-11-12",28,2012-11-12 21:30:00,1962.745,2012-11-12 20:41:13,1780.81,171.81,1952.62,33.35,
"2012-11-12",29,2012-11-12 22:00:00,1847.687,2012-11-12 21:11:31,1673.04,177.38,1850.42,17.28,
"2012-11-12",30,2012-11-12 22:30:00,1768.787,2012-11-12 21:41:37,1578.4,186.16,1764.56,43.41,
"2012-11-12",31,2012-11-12 23:00:00,1689.582,2012-11-12 22:11:39,1473.55,232.97,1706.52,45.08,
"2012-11-12",32,2012-11-12 23:30:00,1646.964,2012-11-12 22:41:33,1433.48,230.39,1663.87,44.6,
"2012-11-12",33,2012-11-13 00:00:00,1626.002,2012-11-12 23:11:36,1370.31,240.14,1610.45,45.11,
"2012-11-12",34,2012-11-13 00:30:00,1601.957,2012-11-12 23:11:36,1348.39,224.93,1573.32,43.73,
"2012-11-12",35,2012-11-13 01:00:00,1583.182,2012-11-12 23:11:36,1336.07,211.44,1547.51,41.46,
"2012-11-12",36,2012-11-13 01:30:00,1541.496,2012-11-13 00:42:27,1353.8,179.53,1533.33,44.78,
"2012-11-12",37,2012-11-13 02:00:00,1510.978,2012-11-13 01:12:15,1362.99,151.1,1514.09,-27.5,
"2012-11-12",38,2012-11-13 02:30:00,1492.595,2012-11-13 01:42:18,1345.68,171.24,1516.92,-27.26,
"2012-11-12",39,2012-11-13 03:00:00,1516.785,2012-11-13 02:13:19,1359.69,166.87,1526.56,0,
"2012-11-12",40,2012-11-13 03:30:00,1512.767,2012-11-13 02:43:31,1384.07,140.92,1524.99,24.43,
"2012-11-12",41,2012-11-13 04:00:00,1528.134,2012-11-13 03:12:35,1375.41,165.49,1540.9,34.72,
"2012-11-12",42,2012-11-13 04:30:00,1543.132,2012-11-13 03:42:49,1403.19,164.43,1567.62,45.24,
"2012-11-12",43,2012-11-13 05:00:00,1603.731,2012-11-13 04:12:55,1439,162.82,1601.82,56.38,
"2012-11-12",44,2012-11-13 05:30:00,1697.203,2012-11-13 04:43:12,1532.06,172.33,1704.39,56.38,
"2012-11-12",45,2012-11-13 06:00:00,1809.004,2012-11-13 05:12:57,1728.59,121.45,1850.04,57.7,
"2012-11-12",46,2012-11-13 06:30:00,1953.069,2012-11-13 05:43:21,1890.77,67.49,1958.26,56.38,
"2012-11-12",47,2012-11-13 07:00:00,2096.343,2012-11-13 06:13:16,2027,42.56,2069.56,56.38,
"2012-11-12",48,2012-11-13 07:30:00,2140.546,2012-11-13 06:43:11,2050.29,37.39,2087.68,40.33,
"2012-11-13",1,2012-11-13 08:00:00,2127.395,2012-11-13 07:13:08,2022.16,53.49,2075.65,40.14,
"2012-11-13",2,2012-11-13 08:30:00,2111.501,2012-11-13 07:43:10,2067.89,46.23,2114.12,40.27,
"2012-11-13",3,2012-11-13 09:00:00,2106.589,2012-11-13 08:13:18,2063.27,57.09,2120.36,40.27,
"2012-11-13",4,2012-11-13 09:30:00,2096.575,2012-11-13 08:43:21,2072.63,58.69,2131.32,40.27,
"2012-11-13",5,2012-11-13 10:00:00,2100.07,2012-11-13 09:13:29,2106.07,43.02,2149.09,40.27,
"2012-11-13",6,2012-11-13 10:30:00,2104.496,2012-11-13 09:43:32,2090.59,47.73,2138.32,40.27,
"2012-11-13",7,2012-11-13 11:00:00,2164.315,2012-11-13 10:14:03,2133.28,46.55,2179.83,53.44,
"2012-11-13",8,2012-11-13 11:30:00,2162.234,2012-11-13 10:43:42,2156.51,59.45,2215.96,53.44,
"2012-11-13",9,2012-11-13 12:00:00,2160.289,2012-11-13 11:13:58,2132.79,79.87,2212.66,40.27,
"2012-11-13",10,2012-11-13 12:30:00,2185.473,2012-11-13 11:43:57,2146.63,72.96,2219.59,40.27,
"2012-11-13",11,2012-11-13 13:00:00,2232.806,2012-11-13 12:13:58,2130.12,79.09,2209.21,40.25,
"2012-11-13",12,2012-11-13 13:30:00,2254.866,2012-11-13 12:44:18,2151.4,87.51,2238.91,40.25,
"2012-11-13",13,2012-11-13 14:00:00,2283,2012-11-13 13:14:27,2179.48,92.21,2271.69,40.25,
"2012-11-13",14,2012-11-13 14:30:00,2251.275,2012-11-13 13:44:41,2139.94,134.58,2274.52,48.38,
"2012-11-13",15,2012-11-13 15:00:00,2257.394,2012-11-13 14:14:46,2172.09,124.61,2296.7,53.44,
"2012-11-13",16,2012-11-13 15:30:00,2271.139,2012-11-13 14:40:13,2213.86,101.83,2315.69,58.43,
"2012-11-13",17,2012-11-13 16:00:00,2309.074,2012-11-13 15:14:29,2191.48,108.17,2299.65,56.38,
"2012-11-13",18,2012-11-13 16:30:00,2336.243,2012-11-13 15:44:49,2194.96,113.58,2308.54,67.34,
"2012-11-13",19,2012-11-13 17:00:00,2295.645,2012-11-13 16:14:54,2209.73,102.64,2312.37,67.34,
"2012-11-13",20,2012-11-13 17:30:00,2312.909,2012-11-13 16:44:56,2212.77,99.51,2312.28,67.34,
"2012-11-13",21,2012-11-13 18:00:00,2298.189,2012-11-13 17:10:02,2196.4,122.62,2319.02,67.34,
"2012-11-13",22,2012-11-13 18:30:00,2370.328,2012-11-13 17:40:00,2204.84,141.56,2346.4,67.34,
"2012-11-13",23,2012-11-13 19:00:00,2360.981,2012-11-13 18:10:21,2149.94,186.58,2336.52,56.38,
"2012-11-13",24,2012-11-13 19:30:00,2279.127,2012-11-13 18:40:24,2086.28,186.36,2272.64,40.28,
"2012-11-13",25,2012-11-13 20:00:00,2276.111,2012-11-13 19:10:37,2014.45,192.82,2207.27,40.15,
"2012-11-13",26,2012-11-13 20:30:00,2143.729,2012-11-13 19:40:35,1937.7,186.2,2123.9,40.12,
"2012-11-13",27,2012-11-13 21:00:00,2054.002,2012-11-13 20:11:10,1794.33,208.6,2002.93,40.38,
"2012-11-13",28,2012-11-13 21:30:00,1965.258,2012-11-13 20:40:40,1697.35,238.55,1935.9,15.14,
"2012-11-13",29,2012-11-13 22:00:00,1831.706,2012-11-13 21:10:59,1588.35,250.54,1838.89,39.49,
"2012-11-13",30,2012-11-13 22:30:00,1764.319,2012-11-13 21:40:36,1518.8,235.35,1754.15,22.56,
"2012-11-13",31,2012-11-13 23:00:00,1693.352,2012-11-13 22:11:03,1444.45,242.25,1686.7,5.42,
"2012-11-13",32,2012-11-13 23:30:00,1633.661,2012-11-13 22:41:15,1382.58,240.85,1623.43,2.72,
"2012-11-13",33,2012-11-14 00:00:00,1612.192,2012-11-13 23:10:59,1347.67,246.19,1593.86,-14.86,
"2012-11-13",34,2012-11-14 00:30:00,1588.201,2012-11-13 23:10:59,1332.57,231.62,1564.19,-37.77,
"2012-11-13",35,2012-11-14 01:00:00,1569.046,2012-11-13 23:10:59,1336.88,195.66,1532.54,-37.77,
"2012-11-13",36,2012-11-14 01:30:00,1485.836,2012-11-14 00:41:12,1354.17,171.64,1525.81,-33.14,
"2012-11-13",37,2012-11-14 02:00:00,1507.818,2012-11-14 01:11:41,1345.52,178.7,1524.22,-15,
"2012-11-13",38,2012-11-14 02:30:00,1495.62,2012-11-14 01:41:44,1331.55,186.63,1518.18,-13.92,
"2012-11-13",39,2012-11-14 03:00:00,1524.461,2012-11-14 02:11:26,1315.36,196.18,1511.54,-35.92,
"2012-11-13",40,2012-11-14 03:30:00,1514.307,2012-11-14 02:43:00,1317.69,201.22,1518.91,-36.07,
"2012-11-13",41,2012-11-14 04:00:00,1538.005,2012-11-14 03:11:40,1343.85,195.89,1539.74,3.94,
"2012-11-13",42,2012-11-14 04:30:00,1547.974,2012-11-14 03:42:00,1385.69,197.91,1583.6,41.18,
"2012-11-13",43,2012-11-14 05:00:00,1614.055,2012-11-14 04:11:58,1382.61,200.48,1583.09,34.88,
"2012-11-13",44,2012-11-14 05:30:00,1675.591,2012-11-14 04:42:28,1503.42,173.41,1676.83,41.13,
"2012-11-13",45,2012-11-14 06:00:00,1852.966,2012-11-14 05:12:42,1714.34,124.09,1838.43,57.92,
"2012-11-13",46,2012-11-14 06:30:00,1952.344,2012-11-14 05:42:29,1852.09,98.65,1950.74,57.83,
"2012-11-13",47,2012-11-14 07:00:00,2069.469,2012-11-14 06:12:38,1958.58,92.86,2051.44,40.38,
"2012-11-13",48,2012-11-14 07:30:00,2097.693,2012-11-14 06:42:27,1968.85,119.15,2088,40.33,
"2012-11-14",1,2012-11-14 08:00:00,2150.292,2012-11-14 07:12:34,1971.98,94.63,2066.61,40.3,
"2012-11-14",2,2012-11-14 08:30:00,2175.259,2012-11-14 07:42:51,2023.43,83.19,2106.62,40.27,
"2012-11-14",3,2012-11-14 09:00:00,2136.183,2012-11-14 08:12:42,1989.82,99.03,2088.85,40.27,
"2012-11-14",4,2012-11-14 09:30:00,2081.607,2012-11-14 08:43:02,1948.6,138.66,2087.26,40.27,
"2012-11-14",5,2012-11-14 10:00:00,2131.746,2012-11-14 09:12:40,1906.76,137.59,2044.35,40.27,
"2012-11-14",6,2012-11-14 10:30:00,2098.662,2012-11-14 09:43:18,1863.52,223.46,2086.98,40.27,
"2012-11-14",7,2012-11-14 11:00:00,2098.349,2012-11-14 10:13:23,1802.82,292.59,2095.41,40.27,
"2012-11-14",8,2012-11-14 11:30:00,2095.588,2012-11-14 10:42:56,1814.32,291.82,2106.14,40.27,
"2012-11-14",9,2012-11-14 12:00:00,2095.24,2012-11-14 11:13:26,1758.02,320.41,2078.43,40.27,
"2012-11-14",10,2012-11-14 12:30:00,2023.528,2012-11-14 11:43:37,1824.12,299.48,2123.6,40.27,
"2012-11-14",11,2012-11-14 13:00:00,2135.337,2012-11-14 12:13:15,1769.6,324.06,2093.66,40.25,
"2012-11-14",12,2012-11-14 13:30:00,2110.846,2012-11-14 12:43:32,1813.5,311.8,2125.3,40.23,
"2012-11-14",13,2012-11-14 14:00:00,2091.016,2012-11-14 13:13:46,1861.39,282.2,2143.59,40.21,
"2012-11-14",14,2012-11-14 14:30:00,2140.33,2012-11-14 13:43:30,1933.66,252.44,2186.1,40.19,
"2012-11-14",15,2012-11-14 15:00:00,2145.733,2012-11-14 14:13:52,1927.35,272.69,2200.04,40.19,
"2012-11-14",16,2012-11-14 15:30:00,2148.137,2012-11-14 14:43:45,1920.51,277.22,2197.73,40.19,
"2012-11-14",17,2012-11-14 16:00:00,2167.941,2012-11-14 15:13:50,1924.76,292.52,2217.28,42.6,
"2012-11-14",18,2012-11-14 16:30:00,2214.157,2012-11-14 15:44:19,1918.25,303.46,2221.71,42.29,
"2012-11-14",19,2012-11-14 17:00:00,2122.859,2012-11-14 16:13:54,1958.69,283.86,2242.55,42,
"2012-11-14",20,2012-11-14 17:30:00,2165.909,2012-11-14 16:44:15,1955.16,261.2,2216.36,41.72,
"2012-11-14",21,2012-11-14 18:00:00,2211.635,2012-11-14 17:14:19,1950.33,235.82,2186.15,39.58,
"2012-11-14",22,2012-11-14 18:30:00,2239,2012-11-14 17:44:39,1979.87,230.47,2210.34,39.59,
"2012-11-14",23,2012-11-14 19:00:00,2222.202,2012-11-14 18:14:26,2022.46,242.8,2265.26,39.68,
"2012-11-14",24,2012-11-14 19:30:00,2176.849,2012-11-14 18:44:36,1936.55,289.52,2226.07,39.78,
"2012-11-14",25,2012-11-14 20:00:00,2123.902,2012-11-14 19:14:40,1888.68,276.32,2165,39.88,
"2012-11-14",26,2012-11-14 20:30:00,2062.604,2012-11-14 19:44:44,1818.51,278.55,2097.06,40.06,
"2012-11-14",27,2012-11-14 21:00:00,1949.397,2012-11-14 20:14:35,1719.74,277.47,1997.21,40.21,
"2012-11-14",28,2012-11-14 21:30:00,1871.503,2012-11-14 20:44:54,1607.03,303.67,1910.7,33.72,
"2012-11-14",29,2012-11-14 22:00:00,1784.756,2012-11-14 21:14:45,1519.51,297.8,1817.31,33.71,
"2012-11-14",30,2012-11-14 22:30:00,1698.898,2012-11-14 21:40:10,1410.18,290.38,1700.56,11.76,
"2012-11-14",31,2012-11-14 23:00:00,1632.041,2012-11-14 22:10:06,1379.64,285.45,1665.09,-8.03,
"2012-11-14",32,2012-11-14 23:30:00,1599.838,2012-11-14 22:40:14,1327.59,276.36,1603.95,-35.55,
"2012-11-14",33,2012-11-15 00:00:00,1533.289,2012-11-14 23:10:05,1326.49,240.84,1567.33,-37.74,
"2012-11-14",34,2012-11-15 00:30:00,1509.033,2012-11-14 23:10:05,1305.91,233.59,1539.5,-39.11,
"2012-11-14",35,2012-11-15 01:00:00,1489.496,2012-11-14 23:10:05,1262.93,257.52,1520.45,-40.44,
"2012-11-14",36,2012-11-15 01:30:00,1495.024,2012-11-15 00:40:52,1270.4,235.89,1506.29,-40.25,
"2012-11-14",37,2012-11-15 02:00:00,1481.551,2012-11-15 01:10:27,1278.97,231.78,1510.75,-39.99,
"2012-11-14",38,2012-11-15 02:30:00,1461.84,2012-11-15 01:41:18,1278.88,236.36,1515.24,-39.99,
"2012-11-14",39,2012-11-15 03:00:00,1470.204,2012-11-15 02:11:00,1271.61,239.15,1510.76,-39.99,
"2012-11-14",40,2012-11-15 03:30:00,1490.716,2012-11-15 02:41:36,1303.81,206.89,1510.7,-35.86,
"2012-11-14",41,2012-11-15 04:00:00,1530.653,2012-11-15 03:11:23,1341.87,173.54,1515.41,-10.63,
"2012-11-14",42,2012-11-15 04:30:00,1564.516,2012-11-15 03:41:12,1387.13,152.11,1539.24,30.73,
"2012-11-14",43,2012-11-15 05:00:00,1595.11,2012-11-15 04:11:36,1391.21,165.67,1556.88,30.89,
"2012-11-14",44,2012-11-15 05:30:00,1690.366,2012-11-15 04:41:45,1523.25,131.29,1654.54,43.19,
"2012-11-14",45,2012-11-15 06:00:00,1831.62,2012-11-15 05:11:52,1677.86,130.93,1808.79,43.06,
"2012-11-14",46,2012-11-15 06:30:00,1935.665,2012-11-15 05:41:39,1743.21,157.5,1900.71,42.89,
"2012-11-14",47,2012-11-15 07:00:00,2047.3,2012-11-15 06:11:40,1833.36,182.9,2016.26,42.86,
"2012-11-14",48,2012-11-15 07:30:00,2076.248,2012-11-15 06:41:30,1861.4,174.16,2035.56,42.83,
"2012-11-15",1,2012-11-15 08:00:00,2111.479,2012-11-15 07:11:33,1919.3,154.05,2073.35,42.83,
"2012-11-15",2,2012-11-15 08:30:00,2102.578,2012-11-15 07:41:46,1948.95,141.95,2090.9,42.81,
"2012-11-15",3,2012-11-15 09:00:00,2083.021,2012-11-15 08:11:59,1963.53,140.15,2103.68,42.83,
"2012-11-15",4,2012-11-15 09:30:00,2099.7,2012-11-15 08:42:07,1951.8,111.07,2062.87,42.86,
"2012-11-15",5,2012-11-15 10:00:00,2116.8,2012-11-15 09:12:21,1982.77,79.46,2062.23,42.87,
"2012-11-15",6,2012-11-15 10:30:00,2071.179,2012-11-15 09:42:03,2014.97,64.89,2079.86,42.89,
"2012-11-15",7,2012-11-15 11:00:00,2087.843,2012-11-15 10:12:30,2054.76,55.1,2109.86,48.38,
"2012-11-15",8,2012-11-15 11:30:00,2072.448,2012-11-15 10:42:33,2046.31,49.47,2095.78,48.38,
"2012-11-15",9,2012-11-15 12:00:00,2065.032,2012-11-15 11:12:25,2034.05,45.49,2079.54,42.81,
"2012-11-15",10,2012-11-15 12:30:00,2084.701,2012-11-15 11:42:45,2020.75,47.4,2068.15,42.8,
"2012-11-15",11,2012-11-15 13:00:00,2095.638,2012-11-15 12:12:56,1922.5,148.08,2070.58,42.61,
"2012-11-15",12,2012-11-15 13:30:00,2111.507,2012-11-15 12:42:49,1913.76,158.91,2072.67,42.33,
"2012-11-15",13,2012-11-15 14:00:00,2109.774,2012-11-15 13:12:37,1916.41,172.69,2089.1,42.04,
"2012-11-15",14,2012-11-15 14:30:00,2021.28,2012-11-15 13:43:02,1947.07,174.35,2121.42,41.76,
"2012-11-15",15,2012-11-15 15:00:00,2097.349,2012-11-15 14:13:06,1984.45,174.45,2158.9,41.81,
"2012-11-15",16,2012-11-15 15:30:00,2118.198,2012-11-15 14:43:31,1999.73,178.51,2178.24,41.99,
"2012-11-15",17,2012-11-15 16:00:00,2168.718,2012-11-15 15:13:08,2004.84,179.69,2184.53,42.22,
"2012-11-15",18,2012-11-15 16:30:00,2196.459,2012-11-15 15:43:04,2006.46,175.88,2182.34,42.44,
"2012-11-15",19,2012-11-15 17:00:00,2166.396,2012-11-15 16:13:26,2003.44,181.3,2184.74,42.53,
"2012-11-15",20,2012-11-15 17:30:00,2215.577,2012-11-15 16:43:24,2004.54,187.75,2192.29,42.5,
"2012-11-15",21,2012-11-15 18:00:00,2187.244,2012-11-15 17:13:42,2016.77,192.15,2208.92,42.44,
"2012-11-15",22,2012-11-15 18:30:00,2205.229,2012-11-15 17:43:52,2055,205.42,2260.42,42.4,
"2012-11-15",23,2012-11-15 19:00:00,2232.412,2012-11-15 18:13:47,2066.21,209.06,2275.27,42.37,
"2012-11-15",24,2012-11-15 19:30:00,2215.057,2012-11-15 18:43:48,2009.58,220.24,2229.82,42.44,
"2012-11-15",25,2012-11-15 20:00:00,2207.132,2012-11-15 19:14:02,1927.7,246.69,2174.39,42.5,
"2012-11-15",26,2012-11-15 20:30:00,2113.57,2012-11-15 19:43:59,1823.71,266.08,2089.79,42.51,
"2012-11-15",27,2012-11-15 21:00:00,2035.503,2012-11-15 20:14:03,1714.17,264.04,1978.21,42.59,
"2012-11-15",28,2012-11-15 21:30:00,1926.046,2012-11-15 20:44:19,1614.12,269.85,1883.97,34.46,
"2012-11-15",29,2012-11-15 22:00:00,1794.029,2012-11-15 21:14:28,1487.35,291.76,1779.11,32.42,
"2012-11-15",30,2012-11-15 22:30:00,1718.057,2012-11-15 21:44:17,1427.99,276.92,1704.91,14.58,
"2012-11-15",31,2012-11-15 23:00:00,1648.714,2012-11-15 22:14:08,1374.82,284.89,1659.71,-6.17,
"2012-11-15",32,2012-11-15 23:30:00,1558.195,2012-11-15 22:44:33,1361.27,246.08,1607.35,-11.33,
"2012-11-15",33,2012-11-16 00:00:00,1550.256,2012-11-15 23:14:29,1364.7,220.51,1585.21,14.46,
"2012-11-15",34,2012-11-16 00:30:00,1521.99,2012-11-15 23:14:29,1323.47,237.8,1561.27,-35.73,
"2012-11-15",35,2012-11-16 01:00:00,1498.896,2012-11-15 23:14:29,1309.92,247.37,1557.29,-39.99,
"2012-11-15",36,2012-11-16 01:30:00,1509.294,2012-11-16 00:44:50,1289.84,251.01,1540.85,-39.99,
"2012-11-15",37,2012-11-16 02:00:00,1518.155,2012-11-16 01:14:50,1259.8,258.94,1518.74,-40.36,
"2012-11-15",38,2012-11-16 02:30:00,1542.532,2012-11-16 01:44:57,1273.77,248.33,1522.1,-40.41,
"2012-11-15",39,2012-11-16 03:00:00,1527.923,2012-11-16 02:10:24,1281.47,239.7,1521.17,-40.51,
"2012-11-15",40,2012-11-16 03:30:00,1519.596,2012-11-16 02:41:57,1283.42,233.41,1516.83,-40.41,
"2012-11-15",41,2012-11-16 04:00:00,1517.822,2012-11-16 03:10:22,1320.86,217.01,1537.87,-34.23,
"2012-11-15",42,2012-11-16 04:30:00,1573.557,2012-11-16 03:40:36,1339.4,221.3,1560.7,6.52,
"2012-11-15",43,2012-11-16 05:00:00,1601.781,2012-11-16 04:10:40,1380.82,217.29,1598.11,5.45,
"2012-11-15",44,2012-11-16 05:30:00,1703.393,2012-11-16 04:40:53,1471.16,206.55,1677.71,23.72,
"2012-11-15",45,2012-11-16 06:00:00,1851.735,2012-11-16 05:11:36,1648.8,190.7,1839.5,40.38,
"2012-11-15",46,2012-11-16 06:30:00,1985.173,2012-11-16 05:40:41,1758.18,173.87,1932.05,40.39,
"2012-11-15",47,2012-11-16 07:00:00,2123.334,2012-11-16 06:11:09,1876.39,158.91,2035.3,40,
"2012-11-15",48,2012-11-16 07:30:00,2152.955,2012-11-16 06:41:09,1939.31,134.88,2074.19,39.8,
"2012-11-16",1,2012-11-16 08:00:00,2180.617,2012-11-16 07:11:08,1985.62,102.84,2088.46,39.83,
"2012-11-16",2,2012-11-16 08:30:00,2150.007,2012-11-16 07:41:10,2029.17,77.65,2106.82,39.74,
"2012-11-16",3,2012-11-16 09:00:00,2186.617,2012-11-16 08:11:15,2056.72,71.44,2128.16,39.65,
"2012-11-16",4,2012-11-16 09:30:00,2168.576,2012-11-16 08:41:12,2077.84,65.11,2142.95,48.38,
"2012-11-16",5,2012-11-16 10:00:00,2158.183,2012-11-16 09:11:34,2125.98,55.92,2181.9,48.38,
"2012-11-16",6,2012-11-16 10:30:00,2173.777,2012-11-16 09:41:33,2115.56,59.16,2174.72,53.44,
"2012-11-16",7,2012-11-16 11:00:00,2208.465,2012-11-16 10:11:34,2151.28,51.57,2202.85,56.08,
"2012-11-16",8,2012-11-16 11:30:00,2227.209,2012-11-16 10:41:49,2153.81,60.31,2214.12,53.44,
"2012-11-16",9,2012-11-16 12:00:00,2239.642,2012-11-16 11:11:26,2130.56,74.53,2205.09,56.38,
"2012-11-16",10,2012-11-16 12:30:00,2267.989,2012-11-16 11:41:54,2137.03,89.55,2226.58,56.38,
"2012-11-16",11,2012-11-16 13:00:00,2256.029,2012-11-16 12:12:02,2119.03,111.21,2230.24,56.38,
"2012-11-16",12,2012-11-16 13:30:00,2261.548,2012-11-16 12:41:52,2120.44,125.14,2245.58,41.99,
"2012-11-16",13,2012-11-16 14:00:00,2309.343,2012-11-16 13:12:04,2126.16,125.33,2251.49,41.75,
"2012-11-16",14,2012-11-16 14:30:00,2266.463,2012-11-16 13:42:18,2131.6,123.79,2255.39,41.57,
"2012-11-16",15,2012-11-16 15:00:00,2282.656,2012-11-16 14:12:13,2132.34,132,2264.34,41.63,
"2012-11-16",16,2012-11-16 15:30:00,2252.033,2012-11-16 14:42:47,2175.73,134.45,2310.18,41.81,
"2012-11-16",17,2012-11-16 16:00:00,2277.843,2012-11-16 15:12:27,2188.84,137.94,2326.78,41.99,
"2012-11-16",18,2012-11-16 16:30:00,2200.868,2012-11-16 15:42:40,2186.24,137.72,2323.96,41.72,
"2012-11-16",19,2012-11-16 17:00:00,2242.514,2012-11-16 16:12:30,2141.62,147.64,2289.26,41.65,
"2012-11-16",20,2012-11-16 17:30:00,2243.266,2012-11-16 16:42:35,2083.14,153.86,2237,47.01,
"2012-11-16",21,2012-11-16 18:00:00,2259.931,2012-11-16 17:12:45,2038.4,175.08,2213.48,52.27,
"2012-11-16",22,2012-11-16 18:30:00,2253.648,2012-11-16 17:42:36,2074.11,174.72,2248.83,56.64,
"2012-11-16",23,2012-11-16 19:00:00,2218.558,2012-11-16 18:12:56,2083.06,175.85,2258.91,59.75,
"2012-11-16",24,2012-11-16 19:30:00,2194.58,2012-11-16 18:42:50,2064.12,171.08,2235.2,60.17,
"2012-11-16",25,2012-11-16 20:00:00,2216.312,2012-11-16 19:13:21,1935.54,238.38,2173.92,56.08,
"2012-11-16",26,2012-11-16 20:30:00,2085.119,2012-11-16 19:43:06,1800.11,283.38,2083.49,41.83,
"2012-11-16",27,2012-11-16 21:00:00,2033.313,2012-11-16 20:14:06,1777.08,229.72,2006.8,42.26,
"2012-11-16",28,2012-11-16 21:30:00,1924.697,2012-11-16 20:43:23,1667.86,215.66,1883.52,42.17,
"2012-11-16",29,2012-11-16 22:00:00,1851.94,2012-11-16 21:13:26,1562.66,280.56,1843.22,40.22,
"2012-11-16",30,2012-11-16 22:30:00,1754.554,2012-11-16 21:43:31,1525.68,273.04,1798.72,40.28,
"2012-11-16",31,2012-11-16 23:00:00,1679.203,2012-11-16 22:14:17,1461.46,271.09,1732.55,40.35,
"2012-11-16",32,2012-11-16 23:30:00,1624.296,2012-11-16 22:43:39,1405.99,274.1,1680.09,40.44,
"2012-11-16",33,2012-11-17 00:00:00,1589.251,2012-11-16 23:13:44,1376.32,261.22,1637.54,40.47,
"2012-11-16",34,2012-11-17 00:30:00,1544.63,2012-11-16 23:13:44,1347.75,249.4,1597.15,26.78,
"2012-11-16",35,2012-11-17 01:00:00,1512.136,2012-11-16 23:13:44,1327.58,240.88,1568.46,10.01,
"2012-11-16",36,2012-11-17 01:30:00,1555.739,2012-11-17 00:43:50,1328.21,225.33,1553.54,0,
"2012-11-16",37,2012-11-17 02:00:00,1540.226,2012-11-17 01:14:11,1306.39,234.12,1540.51,0,
"2012-11-16",38,2012-11-17 02:30:00,1532.123,2012-11-17 01:44:13,1303.03,223.75,1526.78,24.32,
"2012-11-16",39,2012-11-17 03:00:00,1513.401,2012-11-17 02:14:48,1294.66,226.67,1521.33,-32.74,
"2012-11-16",40,2012-11-17 03:30:00,1514.649,2012-11-17 02:40:08,1286.61,219.54,1506.15,-32.74,
"2012-11-16",41,2012-11-17 04:00:00,1523.251,2012-11-17 03:14:30,1298.75,218.92,1517.67,-32.76,
"2012-11-16",42,2012-11-17 04:30:00,1511.299,2012-11-17 03:44:38,1298.64,225.35,1523.99,-35.99,
"2012-11-16",43,2012-11-17 05:00:00,1486.94,2012-11-17 04:14:56,1288.4,231.58,1519.98,-14.94,
"2012-11-16",44,2012-11-17 05:30:00,1538.452,2012-11-17 04:44:34,1311.74,229.5,1541.24,6.34,
"2012-11-16",45,2012-11-17 06:00:00,1580.38,2012-11-17 05:14:42,1391.42,202.09,1593.51,24.02,
"2012-11-16",46,2012-11-17 06:30:00,1674.615,2012-11-17 05:40:02,1456.34,209.35,1665.69,40.48,
"2012-11-16",47,2012-11-17 07:00:00,1757.961,2012-11-17 06:10:22,1517.07,219.75,1736.82,40.43,
"2012-11-16",48,2012-11-17 07:30:00,1830.134,2012-11-17 06:40:11,1594.59,220.69,1815.28,40.39,
"2012-11-17",1,2012-11-17 08:00:00,1907.33,2012-11-17 07:10:10,1637.04,244.48,1881.52,40.37,
"2012-11-17",2,2012-11-17 08:30:00,1912.335,2012-11-17 07:40:16,1667.47,285.67,1953.14,40.33,
"2012-11-17",3,2012-11-17 09:00:00,1971.334,2012-11-17 08:10:26,1720.68,253.43,1974.11,40.26,
"2012-11-17",4,2012-11-17 09:30:00,1996.804,2012-11-17 08:40:24,1796.41,208.9,2005.31,40.24,
"2012-11-17",5,2012-11-17 10:00:00,1992.743,2012-11-17 09:10:53,1875.61,144.61,2020.22,51.62,
"2012-11-17",6,2012-11-17 10:30:00,2027.955,2012-11-17 09:40:41,1944.83,95.88,2040.71,56.38,
"2012-11-17",7,2012-11-17 11:00:00,2082.757,2012-11-17 10:11:07,2009.79,65.22,2075.01,61.24,
"2012-11-17",8,2012-11-17 11:30:00,2098.833,2012-11-17 10:40:52,2044.32,57.86,2102.18,65.14,
"2012-11-17",9,2012-11-17 12:00:00,2094.63,2012-11-17 11:10:58,2034.74,69.7,2104.44,65.14,
"2012-11-17",10,2012-11-17 12:30:00,2111.124,2012-11-17 11:41:19,2040.19,74.75,2114.94,65.14,
"2012-11-17",11,2012-11-17 13:00:00,2132.858,2012-11-17 12:11:05,2050.78,83.84,2134.62,65.14,
"2012-11-17",12,2012-11-17 13:30:00,2168.316,2012-11-17 12:41:14,2053.53,97.84,2151.37,65.14,
"2012-11-17",13,2012-11-17 14:00:00,2173.303,2012-11-17 13:11:36,2078.26,107.37,2185.63,67.53,
"2012-11-17",14,2012-11-17 14:30:00,2212.934,2012-11-17 13:41:20,2096.77,111.83,2208.6,72.47,
"2012-11-17",15,2012-11-17 15:00:00,2202.546,2012-11-17 14:11:17,2088.19,116.89,2205.08,67.53,
"2012-11-17",16,2012-11-17 15:30:00,2222.643,2012-11-17 14:41:46,2099.42,115.01,2214.43,67.53,
"2012-11-17",17,2012-11-17 16:00:00,2262.158,2012-11-17 15:11:32,2129.96,116.95,2246.91,67.53,
"2012-11-17",18,2012-11-17 16:30:00,2298.94,2012-11-17 15:41:55,2120.79,131.91,2252.7,67.25,
"2012-11-17",19,2012-11-17 17:00:00,2249.019,2012-11-17 16:11:46,2096.09,122.87,2218.96,65.14,
"2012-11-17",20,2012-11-17 17:30:00,2288.563,2012-11-17 16:41:58,2073.09,127.48,2200.57,61.52,
"2012-11-17",21,2012-11-17 18:00:00,2206.181,2012-11-17 17:11:55,2042.17,136.52,2178.69,56.38,
"2012-11-17",22,2012-11-17 18:30:00,2246.553,2012-11-17 17:42:05,2032.84,156.28,2189.12,57.92,
"2012-11-17",23,2012-11-17 19:00:00,2230.727,2012-11-17 18:12:29,2018.86,179.17,2198.03,57.92,
"2012-11-17",24,2012-11-17 19:30:00,2168.269,2012-11-17 18:42:13,1961.42,197.28,2158.7,56.38,
"2012-11-17",25,2012-11-17 20:00:00,2079.602,2012-11-17 19:12:26,1884.63,202.34,2086.97,40,
"2012-11-17",26,2012-11-17 20:30:00,2011.646,2012-11-17 19:42:28,1789.6,248.11,2037.71,40.13,
"2012-11-17",27,2012-11-17 21:00:00,1969.158,2012-11-17 20:12:27,1736.58,232.79,1969.37,40.21,
"2012-11-17",28,2012-11-17 21:30:00,1903.371,2012-11-17 20:42:50,1654.42,245.18,1899.6,40.33,
"2012-11-17",29,2012-11-17 22:00:00,1823.134,2012-11-17 21:12:44,1557.72,279.73,1837.45,40.4,
"2012-11-17",30,2012-11-17 22:30:00,1775.23,2012-11-17 21:42:45,1517.05,260.4,1777.45,40.49,
"2012-11-17",31,2012-11-17 23:00:00,1699.66,2012-11-17 22:12:50,1465.44,259.9,1725.34,40.5,
"2012-11-17",32,2012-11-17 23:30:00,1614.843,2012-11-17 22:42:57,1396.7,276.86,1673.56,40.43,
"2012-11-17",33,2012-11-18 00:00:00,1605.892,2012-11-17 23:12:45,1370,269.84,1639.84,24.27,
"2012-11-17",34,2012-11-18 00:30:00,1572.823,2012-11-17 23:12:45,1303.99,280.68,1584.67,-13.78,
"2012-11-17",35,2012-11-18 01:00:00,1545.404,2012-11-17 23:12:45,1261.91,283.34,1545.25,-36.38,
"2012-11-17",36,2012-11-18 01:30:00,1518.482,2012-11-18 00:43:21,1240.5,279.76,1520.26,-38.13,
"2012-11-17",37,2012-11-18 02:00:00,1499.258,2012-11-18 01:13:08,1243.35,268.13,1511.48,-38.13,
"2012-11-17",38,2012-11-18 02:30:00,1417.888,2012-11-18 01:43:19,1242.66,265.96,1508.62,-39.99,
"2012-11-17",39,2012-11-18 03:00:00,1477.221,2012-11-18 02:13:32,1218.58,277,1495.58,-39.99,
"2012-11-17",40,2012-11-18 03:30:00,1463.178,2012-11-18 02:40:19,1191.71,287.96,1479.67,-39.99,
"2012-11-17",41,2012-11-18 04:00:00,1467.63,2012-11-18 03:13:43,1189.42,285.84,1475.26,-39.99,
"2012-11-17",42,2012-11-18 04:30:00,1452.604,2012-11-18 03:44:14,1186.51,292.94,1479.45,-39.99,
"2012-11-17",43,2012-11-18 05:00:00,1445.346,2012-11-18 04:13:56,1189.31,259.09,1448.4,-39.99,
"2012-11-17",44,2012-11-18 05:30:00,1412.742,2012-11-18 04:43:59,1222.18,244.01,1466.19,-39.99,
"2012-11-17",45,2012-11-18 06:00:00,1467.709,2012-11-18 05:14:06,1236.39,265,1501.39,-39.99,
"2012-11-17",46,2012-11-18 06:30:00,1520.987,2012-11-18 05:44:07,1241.9,282.55,1524.45,-17.19,
"2012-11-17",47,2012-11-18 07:00:00,1591.631,2012-11-18 06:14:05,1281.29,296.52,1577.81,4.4,
"2012-11-17",48,2012-11-18 07:30:00,1668.034,2012-11-18 06:44:13,1311.34,311.3,1622.64,-39.99,
"2012-11-18",1,2012-11-18 08:00:00,1669.514,2012-11-18 07:14:29,1354.5,322.16,1676.66,1.78,
"2012-11-18",2,2012-11-18 08:30:00,1696.598,2012-11-18 07:44:28,1384.31,326.83,1711.14,21.29,
"2012-11-18",3,2012-11-18 09:00:00,1728.178,2012-11-18 08:14:43,1434.79,309.82,1744.61,40.24,
"2012-11-18",4,2012-11-18 09:30:00,1762.553,2012-11-18 08:44:45,1474.83,307.14,1781.97,40,
"2012-11-18",5,2012-11-18 10:00:00,1759.713,2012-11-18 09:10:06,1506.48,273.23,1779.71,40.15,
"2012-11-18",6,2012-11-18 10:30:00,1773.915,2012-11-18 09:44:59,1541.69,282.36,1824.05,40.14,
"2012-11-18",7,2012-11-18 11:00:00,1791.131,2012-11-18 10:10:10,1565.82,267.71,1833.53,40.13,
"2012-11-18",8,2012-11-18 11:30:00,1812.437,2012-11-18 10:40:09,1547.74,270.75,1818.49,40.11,
"2012-11-18",9,2012-11-18 12:00:00,1860.886,2012-11-18 11:10:08,1552.67,256.98,1809.65,40.11,
"2012-11-18",10,2012-11-18 12:30:00,1804.23,2012-11-18 11:40:19,1566.71,254.62,1821.33,40.14,
"2012-11-18",11,2012-11-18 13:00:00,1813.881,2012-11-18 12:10:24,1571.24,249.5,1820.74,40.14,
"2012-11-18",12,2012-11-18 13:30:00,1789.334,2012-11-18 12:40:16,1552.92,281.1,1834.02,40.14,
"2012-11-18",13,2012-11-18 14:00:00,1818.426,2012-11-18 13:10:32,1613.31,241.6,1854.91,40.14,
"2012-11-18",14,2012-11-18 14:30:00,1839.38,2012-11-18 13:40:27,1566.72,291.02,1857.74,40.1,
"2012-11-18",15,2012-11-18 15:00:00,1868.671,2012-11-18 14:10:36,1557.34,305.94,1863.28,40.09,
"2012-11-18",16,2012-11-18 15:30:00,1849.368,2012-11-18 14:40:47,1577.73,324.03,1901.76,40.07,
"2012-11-18",17,2012-11-18 16:00:00,1944.243,2012-11-18 15:10:52,1628.6,310.49,1939.09,40.04,
"2012-11-18",18,2012-11-18 16:30:00,1932.554,2012-11-18 15:40:46,1637.21,336.74,1973.95,40.02,
"2012-11-18",19,2012-11-18 17:00:00,2008.667,2012-11-18 16:11:07,1644.56,341.91,1986.47,40.01,
"2012-11-18",20,2012-11-18 17:30:00,2134.538,2012-11-18 16:40:55,1674.21,339.37,2013.58,40.02,
"2012-11-18",21,2012-11-18 18:00:00,2062.967,2012-11-18 17:11:01,1707,326.17,2033.17,40.04,
"2012-11-18",22,2012-11-18 18:30:00,2098.693,2012-11-18 17:41:23,1802.32,271.64,2073.96,40.07,
"2012-11-18",23,2012-11-18 19:00:00,2126.041,2012-11-18 18:11:43,1837.09,276.16,2113.25,51.69,
"2012-11-18",24,2012-11-18 19:30:00,2074.132,2012-11-18 18:41:15,1802.58,284.15,2086.73,40.09,
"2012-11-18",25,2012-11-18 20:00:00,2055.4,2012-11-18 19:11:38,1751.46,284.94,2036.4,40.1,
"2012-11-18",26,2012-11-18 20:30:00,1949.806,2012-11-18 19:41:34,1684.95,277.91,1962.86,40.28,
"2012-11-18",27,2012-11-18 21:00:00,1905.653,2012-11-18 20:11:42,1606.85,261.24,1868.09,40.08,
"2012-11-18",28,2012-11-18 21:30:00,1825.047,2012-11-18 20:41:46,1559.18,239.91,1799.09,39.96,
"2012-11-18",29,2012-11-18 22:00:00,1727.918,2012-11-18 21:11:42,1488.82,232.26,1721.08,24.09,
"2012-11-18",30,2012-11-18 22:30:00,1615.477,2012-11-18 21:41:54,1463.85,181.62,1645.47,23.55,
"2012-11-18",31,2012-11-18 23:00:00,1557.884,2012-11-18 22:11:53,1412.37,194.86,1607.23,40.77,
"2012-11-18",32,2012-11-18 23:30:00,1523.633,2012-11-18 22:42:07,1402.22,176.07,1578.29,40.84,
"2012-11-18",33,2012-11-19 00:00:00,1545.798,2012-11-18 23:12:09,1371.28,188.17,1559.45,40.77,
"2012-11-18",34,2012-11-19 00:30:00,1526.884,2012-11-18 23:12:09,1366.51,163.25,1529.76,40.59,
"2012-11-18",35,2012-11-19 01:00:00,1511.37,2012-11-18 23:12:09,1361.66,148.5,1510.16,40.55,
"2012-11-18",36,2012-11-19 01:30:00,1481.234,2012-11-19 00:42:34,1362.28,149.09,1511.37,40.53,
"2012-11-18",37,2012-11-19 02:00:00,1468.292,2012-11-19 01:12:42,1348.67,146.98,1495.65,40.47,
"2012-11-18",38,2012-11-19 02:30:00,1452.835,2012-11-19 01:42:38,1373.61,135.24,1508.85,40.46,
"2012-11-18",39,2012-11-19 03:00:00,1507.598,2012-11-19 02:13:06,1351.06,139.11,1490.17,40.45,
"2012-11-18",40,2012-11-19 03:30:00,1501.86,2012-11-19 02:43:50,1320.83,152.7,1473.53,40.43,
"2012-11-18",41,2012-11-19 04:00:00,1514.506,2012-11-19 03:12:47,1362.96,130.14,1493.1,40.45,
"2012-11-18",42,2012-11-19 04:30:00,1536.087,2012-11-19 03:43:07,1396.24,114.13,1510.37,40.43,
"2012-11-18",43,2012-11-19 05:00:00,1591.421,2012-11-19 04:13:13,1448.45,121.59,1570.04,40.28,
"2012-11-18",44,2012-11-19 05:30:00,1675.43,2012-11-19 04:43:13,1557.27,91.38,1648.65,40.07,
"2012-11-18",45,2012-11-19 06:00:00,1801.618,2012-11-19 05:13:43,1732.57,77.39,1809.96,39.84,
"2012-11-18",46,2012-11-19 06:30:00,1944.722,2012-11-19 05:43:13,1828.23,86.88,1915.11,39.64,
"2012-11-18",47,2012-11-19 07:00:00,2072.393,2012-11-19 06:13:48,1941.47,102.72,2044.19,61.24,
"2012-11-18",48,2012-11-19 07:30:00,2136.389,2012-11-19 06:43:54,2009.36,99.57,2108.93,56.19,
"2012-11-19",1,2012-11-19 08:00:00,2140.938,2012-11-19 07:13:46,2036.68,100.01,2136.69,52.26,
"2012-11-19",2,2012-11-19 08:30:00,2140.964,2012-11-19 07:43:47,2055.12,114.43,2169.55,56.38,
"2012-11-19",3,2012-11-19 09:00:00,2150.922,2012-11-19 08:13:55,2084.53,114.7,2199.23,56.38,
"2012-11-19",4,2012-11-19 09:30:00,2152.619,2012-11-19 08:44:00,2092.74,111.93,2204.67,56.38,
"2012-11-19",5,2012-11-19 10:00:00,2165.428,2012-11-19 09:14:18,2094.41,109.68,2204.09,56.38,
"2012-11-19",6,2012-11-19 10:30:00,2251.633,2012-11-19 09:44:07,2085.47,125.3,2210.77,58.59,
"2012-11-19",7,2012-11-19 11:00:00,2262.195,2012-11-19 10:14:25,2096.71,119.49,2216.2,56.38,
"2012-11-19",8,2012-11-19 11:30:00,2214.276,2012-11-19 10:44:20,2092.74,116.6,2209.34,58.59,
"2012-11-19",9,2012-11-19 12:00:00,2176.564,2012-11-19 11:14:37,2063.3,124.04,2187.34,56.38,
"2012-11-19",10,2012-11-19 12:30:00,2213.076,2012-11-19 11:44:27,2060.54,131.33,2191.87,56.38,
"2012-11-19",11,2012-11-19 13:00:00,2181.458,2012-11-19 12:14:21,2058.84,137.45,2196.29,56.38,
"2012-11-19",12,2012-11-19 13:30:00,2227.64,2012-11-19 12:44:36,2052.49,150.61,2203.1,56.38,
"2012-11-19",13,2012-11-19 14:00:00,2189.338,2012-11-19 13:14:32,2069.71,158.22,2227.93,56.38,
"2012-11-19",14,2012-11-19 14:30:00,2205.281,2012-11-19 13:44:52,2092.26,167.05,2259.31,56.38,
"2012-11-19",15,2012-11-19 15:00:00,2204.717,2012-11-19 14:14:48,2124.33,172.52,2296.85,58.59,
"2012-11-19",16,2012-11-19 15:30:00,2225.976,2012-11-19 14:40:12,2156.98,164.18,2321.16,63.99,
"2012-11-19",17,2012-11-19 16:00:00,2298.605,2012-11-19 15:10:10,2157.66,165.64,2323.3,60.65,
"2012-11-19",18,2012-11-19 16:30:00,2282.648,2012-11-19 15:39:58,2147.72,173.38,2321.1,61.7,
"2012-11-19",19,2012-11-19 17:00:00,2302.087,2012-11-19 16:10:35,2148.75,176.8,2325.55,66.05,
"2012-11-19",20,2012-11-19 17:30:00,2256.786,2012-11-19 16:40:16,2168.39,168.51,2336.9,66.17,
"2012-11-19",21,2012-11-19 18:00:00,2331.921,2012-11-19 17:10:43,2137.31,172.48,2309.79,67.67,
"2012-11-19",22,2012-11-19 18:30:00,2313.652,2012-11-19 17:40:32,2196.15,139.65,2335.8,74.56,
"2012-11-19",23,2012-11-19 19:00:00,2318.563,2012-11-19 18:10:31,2225.42,139.21,2364.63,103.46,
"2012-11-19",24,2012-11-19 19:30:00,2288.421,2012-11-19 18:40:39,2164.39,151.9,2316.29,72.38,
"2012-11-19",25,2012-11-19 20:00:00,2216.795,2012-11-19 19:10:49,2051.76,154.27,2206.03,56.38,
"2012-11-19",26,2012-11-19 20:30:00,2134.085,2012-11-19 19:40:51,1975.46,174.57,2150.03,49.54,
"2012-11-19",27,2012-11-19 21:00:00,2077.692,2012-11-19 20:10:51,1862.59,177.81,2040.4,44.72,
"2012-11-19",28,2012-11-19 21:30:00,1959.023,2012-11-19 20:40:48,1772.7,199.29,1971.99,40.28,
"2012-11-19",29,2012-11-19 22:00:00,1876.295,2012-11-19 21:10:59,1664.44,203.38,1867.82,40.44,
"2012-11-19",30,2012-11-19 22:30:00,1762.162,2012-11-19 21:41:18,1563.01,220.14,1783.15,40.58,
"2012-11-19",31,2012-11-19 23:00:00,1698.05,2012-11-19 22:11:22,1506.92,216.92,1723.84,40.64,
"2012-11-19",32,2012-11-19 23:30:00,1600.238,2012-11-19 22:41:20,1451.66,225.16,1676.82,52.23,
"2012-11-19",33,2012-11-20 00:00:00,1631.33,2012-11-19 23:11:19,1419.95,213.01,1632.96,54.73,
"2012-11-19",34,2012-11-20 00:30:00,1607.038,2012-11-19 23:11:19,1415.56,177.91,1593.47,52.15,
"2012-11-19",35,2012-11-20 01:00:00,1587.311,2012-11-19 23:11:19,1366.31,190.43,1556.74,51.6,
"2012-11-19",36,2012-11-20 01:30:00,1562.862,2012-11-20 00:41:54,1365.16,193.94,1559.1,51.6,
"2012-11-19",37,2012-11-20 02:00:00,1556.411,2012-11-20 01:11:50,1376.08,173.76,1549.84,51.6,
"2012-11-19",38,2012-11-20 02:30:00,1552.587,2012-11-20 01:42:10,1367.42,178.96,1546.38,51.6,
"2012-11-19",39,2012-11-20 03:00:00,1549.788,2012-11-20 02:11:59,1358.98,172.68,1531.66,40.63,
"2012-11-19",40,2012-11-20 03:30:00,1554.755,2012-11-20 02:43:06,1379.63,173.86,1553.49,51.6,
"2012-11-19",41,2012-11-20 04:00:00,1572.929,2012-11-20 03:12:35,1419.22,149.49,1568.71,52.38,
"2012-11-19",42,2012-11-20 04:30:00,1608.959,2012-11-20 03:42:22,1434.75,149.66,1584.41,51.6,
"2012-11-19",43,2012-11-20 05:00:00,1681.72,2012-11-20 04:12:26,1505.4,136.55,1641.95,51.6,
"2012-11-19",44,2012-11-20 05:30:00,1810.058,2012-11-20 04:42:14,1603.93,115.26,1719.19,56.38,
"2012-11-19",45,2012-11-20 06:00:00,1959.591,2012-11-20 05:12:21,1749.75,104.58,1854.33,61.79,
"2012-11-19",46,2012-11-20 06:30:00,2098.264,2012-11-20 05:42:30,1839.92,116.86,1956.78,56.38,
"2012-11-19",47,2012-11-20 07:00:00,2201.941,2012-11-20 06:12:42,1927.59,138.5,2066.09,70.99,
"2012-11-19",48,2012-11-20 07:30:00,2235.07,2012-11-20 06:42:58,1938.73,158.89,2097.62,52.47,
"2012-11-20",1,2012-11-20 08:00:00,2254.163,2012-11-20 07:13:14,1985.28,136.09,2121.37,52.26,
"2012-11-20",2,2012-11-20 08:30:00,1915.559,2012-11-20 07:43:15,2023.36,107.73,2131.09,63.72,
"2012-11-20",3,2012-11-20 09:00:00,2130.356,2012-11-20 08:13:04,2027.9,103.15,2131.05,63.55,
"2012-11-20",4,2012-11-20 09:30:00,2121.535,2012-11-20 08:43:30,2059.35,83.92,2143.27,63.55,
"2012-11-20",5,2012-11-20 10:00:00,2119.614,2012-11-20 09:13:13,2067.18,71.52,2138.7,63.34,
"2012-11-20",6,2012-11-20 10:30:00,2161.285,2012-11-20 09:43:22,2084.71,69.78,2154.49,61.88,
"2012-11-20",7,2012-11-20 11:00:00,2139.422,2012-11-20 10:03:51,2114.57,57.06,2171.63,64.6,
"2012-11-20",8,2012-11-20 11:30:00,2139.221,2012-11-20 10:03:51,2126.46,53.86,2180.32,63.49,
"2012-11-20",9,2012-11-20 12:00:00,2136.696,2012-11-20 11:13:46,2112.93,72.83,2185.76,58.59,
"2012-11-20",10,2012-11-20 12:30:00,2175.327,2012-11-20 11:43:27,2090.14,106.13,2196.27,56.38,
"2012-11-20",11,2012-11-20 13:00:00,2204.977,2012-11-20 12:13:24,2056.35,148.05,2204.4,52.26,
"2012-11-20",12,2012-11-20 13:30:00,2207.807,2012-11-20 12:43:36,2047.97,167.69,2215.66,56.21,
"2012-11-20",13,2012-11-20 14:00:00,2233.458,2012-11-20 13:13:45,2034.61,173.15,2207.76,58.59,
"2012-11-20",14,2012-11-20 14:30:00,2218.26,2012-11-20 13:44:14,2038.62,171.39,2210.01,58.59,
"2012-11-20",15,2012-11-20 15:00:00,2232.713,2012-11-20 14:14:05,2046.78,174.1,2220.88,61.28,
"2012-11-20",16,2012-11-20 15:30:00,2192.662,2012-11-20 14:44:30,2047.24,176.72,2223.96,56.38,
"2012-11-20",17,2012-11-20 16:00:00,2230.768,2012-11-20 15:13:59,2072.76,176.28,2249.04,58.21,
"2012-11-20",18,2012-11-20 16:30:00,2218.579,2012-11-20 15:44:03,1974.52,182.35,2156.87,49.54,
"2012-11-20",19,2012-11-20 17:00:00,2199.127,2012-11-20 16:14:27,1989.83,180.38,2170.21,49.54,
"2012-11-20",20,2012-11-20 17:30:00,2206.305,2012-11-20 16:44:25,1989.56,184.38,2173.94,49.54,
"2012-11-20",21,2012-11-20 18:00:00,2092.454,2012-11-20 17:14:30,1954.12,204.25,2158.37,39.58,
"2012-11-20",22,2012-11-20 18:30:00,2184.674,2012-11-20 17:44:23,2002.17,182.35,2184.52,49.54,
"2012-11-20",23,2012-11-20 19:00:00,2149.353,2012-11-20 18:14:45,2080.71,194.52,2275.23,56.38,
"2012-11-20",24,2012-11-20 19:30:00,2127.039,2012-11-20 18:44:33,2046.89,193.22,2240.11,56.38,
"2012-11-20",25,2012-11-20 20:00:00,2051.784,2012-11-20 19:14:40,1992,210.42,2202.42,53.75,
"2012-11-20",26,2012-11-20 20:30:00,2066.354,2012-11-20 19:44:44,1866.79,256.45,2123.24,39.68,
"2012-11-20",27,2012-11-20 21:00:00,1985.595,2012-11-20 20:10:15,1792.63,274.27,2066.9,39.87,
"2012-11-20",28,2012-11-20 21:30:00,1900.902,2012-11-20 20:39:51,1707.91,283.41,1991.32,40.31,
"2012-11-20",29,2012-11-20 22:00:00,1845.618,2012-11-20 21:09:56,1572.81,292.93,1865.74,40.35,
"2012-11-20",30,2012-11-20 22:30:00,1770.036,2012-11-20 21:40:32,1494.81,290.26,1785.07,40.48,
"2012-11-20",31,2012-11-20 23:00:00,1696.511,2012-11-20 22:10:19,1418.42,302.68,1721.1,40.55,
"2012-11-20",32,2012-11-20 23:30:00,1645.753,2012-11-20 22:40:19,1385.44,298.7,1684.14,40.6,
"2012-11-20",33,2012-11-21 00:00:00,1586.344,2012-11-20 23:10:30,1343.55,301.31,1644.86,40.54,
"2012-11-20",34,2012-11-21 00:30:00,1550.604,2012-11-20 23:10:30,1336.25,290.82,1627.07,40.53,
"2012-11-20",35,2012-11-21 01:00:00,1524.489,2012-11-20 23:10:30,1312.04,287.54,1599.58,40.54,
"2012-11-20",36,2012-11-21 01:30:00,1544.283,2012-11-21 00:40:45,1301.86,284.81,1586.67,24.2,
"2012-11-20",37,2012-11-21 02:00:00,1556.526,2012-11-21 01:10:50,1308.29,279.41,1587.7,40.59,
"2012-11-20",38,2012-11-21 02:30:00,1546.708,2012-11-21 01:41:32,1284.68,295.24,1579.92,40.59,
"2012-11-20",39,2012-11-21 03:00:00,1547.825,2012-11-21 02:11:01,1296.51,291.62,1588.13,40.58,
"2012-11-20",40,2012-11-21 03:30:00,1553.169,2012-11-21 02:42:36,1291.18,287.76,1578.94,24.04,
"2012-11-20",41,2012-11-21 04:00:00,1576.312,2012-11-21 03:11:15,1318.96,287.32,1606.28,41.45,
"2012-11-20",42,2012-11-21 04:30:00,1599.975,2012-11-21 03:41:19,1324.25,286.94,1611.19,41.59,
"2012-11-20",43,2012-11-21 05:00:00,1647.695,2012-11-21 04:11:26,1385.8,278.23,1664.03,52.79,
"2012-11-20",44,2012-11-21 05:30:00,1754.123,2012-11-21 04:41:20,1479.72,290.06,1769.78,50.92,
"2012-11-20",45,2012-11-21 06:00:00,1879.587,2012-11-21 05:11:22,1607.41,291.85,1899.26,46.45,
"2012-11-20",46,2012-11-21 06:30:00,2042.751,2012-11-21 05:41:39,1709.98,307.05,2017.03,40.42,
"2012-11-20",47,2012-11-21 07:00:00,2220.842,2012-11-21 06:11:56,1811.86,324.44,2136.3,50.48,
"2012-11-20",48,2012-11-21 07:30:00,2220.598,2012-11-21 06:41:38,1850.41,323.84,2174.25,55.25,
"2012-11-21",1,2012-11-21 08:00:00,2298.724,2012-11-21 07:11:56,1877.31,328.03,2205.34,49.54,
"2012-11-21",2,2012-11-21 08:30:00,2274.125,2012-11-21 07:41:48,1912.95,321.91,2234.86,49.54,
"2012-11-21",3,2012-11-21 09:00:00,2297.856,2012-11-21 08:12:26,1937.61,320.37,2257.98,52.26,
"2012-11-21",4,2012-11-21 09:30:00,2260.211,2012-11-21 08:42:02,2021.35,280.27,2301.62,54.6,
"2012-11-21",5,2012-11-21 10:00:00,2342.575,2012-11-21 09:12:26,2071.31,272.41,2343.72,51.33,
"2012-11-21",6,2012-11-21 10:30:00,2351.04,2012-11-21 09:42:33,2104.8,241.18,2345.98,51.44,
"2012-11-21",7,2012-11-21 11:00:00,2355.754,2012-11-21 10:12:39,2201.34,180.55,2381.89,56.38,
"2012-11-21",8,2012-11-21 11:30:00,2422.159,2012-11-21 10:42:51,2271.63,168.87,2440.5,63.32,
"2012-11-21",9,2012-11-21 12:00:00,2426.728,2012-11-21 11:12:45,2278.35,187.36,2465.71,61.53,
"2012-11-21",10,2012-11-21 12:30:00,2511.536,2012-11-21 11:42:56,2320.92,178.44,2499.36,66.22,
"2012-11-21",11,2012-11-21 13:00:00,2527.572,2012-11-21 12:13:02,2381.02,179.94,2560.96,71.53,
"2012-11-21",12,2012-11-21 13:30:00,2557.487,2012-11-21 12:43:11,2476.27,142.01,2618.28,76.35,
"2012-11-21",13,2012-11-21 14:00:00,2576.294,2012-11-21 13:13:13,2413.98,204.44,2618.42,66.07,
"2012-11-21",14,2012-11-21 14:30:00,2599.965,2012-11-21 13:43:17,2496.75,151.89,2648.64,62.86,
"2012-11-21",15,2012-11-21 15:00:00,2651.399,2012-11-21 14:13:15,2470.62,184.42,2655.04,61.79,
"2012-11-21",16,2012-11-21 15:30:00,2672.161,2012-11-21 14:43:03,2419.96,259.45,2679.41,56.48,
"2012-11-21",17,2012-11-21 16:00:00,2678.008,2012-11-21 15:13:29,2513.87,133.8,2647.67,63.59,
"2012-11-21",18,2012-11-21 16:30:00,2606.443,2012-11-21 15:43:29,2522.47,119.38,2641.85,60.6,
"2012-11-21",19,2012-11-21 17:00:00,2608.992,2012-11-21 16:13:46,2398.24,172.95,2571.19,59.59,
"2012-11-21",20,2012-11-21 17:30:00,2571.996,2012-11-21 16:43:21,2335.1,179.61,2514.71,58.59,
"2012-11-21",21,2012-11-21 18:00:00,2511.59,2012-11-21 17:13:59,2252.92,215.12,2468.04,56.34,
"2012-11-21",22,2012-11-21 18:30:00,2488.633,2012-11-21 17:43:49,2320.02,165.48,2485.5,56.38,
"2012-11-21",23,2012-11-21 19:00:00,2437.805,2012-11-21 18:14:04,2281.61,175.19,2456.8,56.38,
"2012-11-21",24,2012-11-21 19:30:00,2422.714,2012-11-21 18:43:59,2375.35,52.53,2427.88,58.59,
"2012-11-21",25,2012-11-21 20:00:00,2334.094,2012-11-21 19:13:49,2192.06,164.74,2356.8,50.5,
"2012-11-21",26,2012-11-21 20:30:00,2217.633,2012-11-21 19:44:11,2082.72,178.14,2260.86,44.48,
"2012-11-21",27,2012-11-21 21:00:00,2112.22,2012-11-21 20:14:12,1973.75,211.01,2184.76,42.92,
"2012-11-21",28,2012-11-21 21:30:00,2017.532,2012-11-21 20:44:34,1811.66,269.57,2081.23,42.44,
"2012-11-21",29,2012-11-21 22:00:00,1937.858,2012-11-21 21:14:28,1846.73,129.92,1976.65,42.63,
"2012-11-21",30,2012-11-21 22:30:00,1860.173,2012-11-21 21:44:26,1747.86,156.16,1904.02,42.76,
"2012-11-21",31,2012-11-21 23:00:00,1764.832,2012-11-21 22:14:19,1660.34,162.92,1823.26,40.38,
"2012-11-21",32,2012-11-21 23:30:00,1693.849,2012-11-21 22:44:51,1622.38,167.13,1789.51,40.24,
"2012-11-21",33,2012-11-22 00:00:00,1733.228,2012-11-21 23:14:45,1537.92,201.33,1739.25,40.23,
"2012-11-21",34,2012-11-22 00:30:00,1699.132,2012-11-21 23:14:46,1388.26,318.33,1706.59,37.18,
"2012-11-21",35,2012-11-22 01:00:00,1674.851,2012-11-21 23:14:46,1451.71,229.14,1680.85,40.42,
"2012-11-21",36,2012-11-22 01:30:00,1618.416,2012-11-22 00:44:59,1504.68,162.57,1667.25,40.47,
"2012-11-21",37,2012-11-22 02:00:00,1626.882,2012-11-22 01:10:25,1495.12,164.41,1659.53,40.5,
"2012-11-21",38,2012-11-22 02:30:00,1572.697,2012-11-22 01:39:54,1457.32,186.96,1644.28,40.51,
"2012-11-21",39,2012-11-22 03:00:00,1622.502,2012-11-22 02:10:47,1490.46,140.61,1631.07,40.5,
"2012-11-21",40,2012-11-22 03:30:00,1634.65,2012-11-22 02:42:36,1466.1,157.88,1623.98,40.48,
"2012-11-21",41,2012-11-22 04:00:00,1639.746,2012-11-22 03:10:42,1419.22,234.92,1654.14,40.51,
"2012-11-21",42,2012-11-22 04:30:00,1674.362,2012-11-22 03:40:53,1466.91,232.22,1699.13,40.44,
"2012-11-21",43,2012-11-22 05:00:00,1689.906,2012-11-22 04:10:46,1479.29,252.39,1731.68,40.57,
"2012-11-21",44,2012-11-22 05:30:00,1790.096,2012-11-22 04:41:09,1657.15,170.82,1827.97,42.15,
"2012-11-21",45,2012-11-22 06:00:00,1963.427,2012-11-22 05:10:43,1900.62,106.01,2006.63,58.59,
"2012-11-21",46,2012-11-22 06:30:00,2107.818,2012-11-22 05:41:00,2117.47,38.08,2155.55,71.32,
"2012-11-21",47,2012-11-22 07:00:00,2259.832,2012-11-22 06:10:54,2241.09,61.16,2302.25,79.66,
"2012-11-21",48,2012-11-22 07:30:00,2345.224,2012-11-22 06:41:10,2324.02,46.38,2370.4,82.89,
"2012-11-22",1,2012-11-22 08:00:00,2429.337,2012-11-22 07:11:51,2393.75,57.75,2451.5,67.78,
"2012-11-22",2,2012-11-22 08:30:00,2437.753,2012-11-22 07:41:23,2438.01,67.27,2505.28,78.51,
"2012-11-22",3,2012-11-22 09:00:00,2501.411,2012-11-22 08:11:28,2445.84,102.06,2547.9,73.28,
"2012-11-22",4,2012-11-22 09:30:00,2515.802,2012-11-22 08:41:29,2535.14,45.19,2580.33,77.25,
"2012-11-22",5,2012-11-22 10:00:00,2570.032,2012-11-22 09:11:29,2557.19,35.61,2592.8,83.35,
"2012-11-22",6,2012-11-22 10:30:00,2648.406,2012-11-22 09:41:55,2574.86,23.54,2598.4,83.66,
"2012-11-22",7,2012-11-22 11:00:00,2643.743,2012-11-22 10:11:32,2592.22,31.08,2623.3,80.64,
"2012-11-22",8,2012-11-22 11:30:00,2670.986,2012-11-22 10:41:53,2578.51,40.75,2619.26,82.22,
"2012-11-22",9,2012-11-22 12:00:00,2743.1,2012-11-22 11:11:54,2528.92,80.23,2609.15,77.21,
"2012-11-22",10,2012-11-22 12:30:00,2732.165,2012-11-22 11:41:58,2575.06,54.13,2629.19,81.4,
"2012-11-22",11,2012-11-22 13:00:00,2687.327,2012-11-22 12:11:48,2452.1,122.54,2574.64,79.74,
"2012-11-22",12,2012-11-22 13:30:00,2665.656,2012-11-22 12:42:07,2497.26,126.5,2623.76,81.13,
"2012-11-22",13,2012-11-22 14:00:00,2651.096,2012-11-22 13:12:31,2525.1,121.38,2646.48,83.84,
"2012-11-22",14,2012-11-22 14:30:00,2604.312,2012-11-22 13:42:32,2541.24,120.97,2662.21,82.26,
"2012-11-22",15,2012-11-22 15:00:00,2663.968,2012-11-22 14:12:26,2531.99,141.49,2673.48,79.97,
"2012-11-22",16,2012-11-22 15:30:00,2659.766,2012-11-22 14:42:45,2424.28,246.54,2670.82,79.92,
"2012-11-22",17,2012-11-22 16:00:00,2673.29,2012-11-22 15:12:47,2483.21,192.72,2675.93,73.71,
"2012-11-22",18,2012-11-22 16:30:00,2620.747,2012-11-22 15:42:40,2530.77,100.53,2631.3,68.24,
"2012-11-22",19,2012-11-22 17:00:00,2592.423,2012-11-22 16:12:59,2503.33,111.47,2614.8,63.25,
"2012-11-22",20,2012-11-22 17:30:00,2604.885,2012-11-22 16:42:44,2417.55,135.7,2553.25,66.34,
"2012-11-22",21,2012-11-22 18:00:00,2508.595,2012-11-22 17:12:51,2351.88,144,2495.88,64.21,
"2012-11-22",22,2012-11-22 18:30:00,2531.5,2012-11-22 17:42:58,2376.52,98.68,2475.2,63.76,
"2012-11-22",23,2012-11-22 19:00:00,2484.94,2012-11-22 18:12:50,2409.76,96.48,2506.24,63.19,
"2012-11-22",24,2012-11-22 19:30:00,2421.347,2012-11-22 18:43:09,2356.88,96.16,2453.04,60.39,
"2012-11-22",25,2012-11-22 20:00:00,2342.785,2012-11-22 19:13:14,2294.06,101.43,2395.49,56.86,
"2012-11-22",26,2012-11-22 20:30:00,2260.989,2012-11-22 19:43:21,2225.55,78.94,2304.49,56.38,
"2012-11-22",27,2012-11-22 21:00:00,2130.138,2012-11-22 20:13:40,2130.08,69.61,2199.69,55.19,
"2012-11-22",28,2012-11-22 21:30:00,2053.224,2012-11-22 20:43:30,1964.61,101.66,2066.27,54.41,
"2012-11-22",29,2012-11-22 22:00:00,1942.838,2012-11-22 21:13:23,1878.87,103.73,1982.6,48.96,
"2012-11-22",30,2012-11-22 22:30:00,1845.529,2012-11-22 21:43:29,1773.46,101.38,1874.84,42.18,
"2012-11-22",31,2012-11-22 23:00:00,1747.392,2012-11-22 22:13:58,1723.98,83.01,1806.99,40.34,
"2012-11-22",32,2012-11-22 23:30:00,1698.826,2012-11-22 22:44:04,1669.43,92.05,1761.48,40.02,
"2012-11-22",33,2012-11-23 00:00:00,1672.029,2012-11-22 23:13:52,1619.21,99.28,1718.49,39.92,
"2012-11-22",34,2012-11-23 00:30:00,1645.586,2012-11-22 23:13:52,1563.32,121.83,1685.15,40.06,
"2012-11-22",35,2012-11-23 01:00:00,1623.217,2012-11-22 23:13:52,1535.58,120.9,1656.48,40.16,
"2012-11-22",36,2012-11-23 01:30:00,1594.839,2012-11-23 00:43:58,1482.49,159.37,1641.86,40.22,
"2012-11-22",37,2012-11-23 02:00:00,1599.416,2012-11-23 01:14:15,1489.55,145.97,1635.52,40.36,
"2012-11-22",38,2012-11-23 02:30:00,1590.627,2012-11-23 01:44:09,1506.57,123.97,1630.54,40.4,
"2012-11-22",39,2012-11-23 03:00:00,1592.988,2012-11-23 02:14:27,1529.67,87.46,1617.13,40.43,
"2012-11-22",40,2012-11-23 03:30:00,1607.277,2012-11-23 02:44:56,1547.32,97.25,1644.57,40.45,
"2012-11-22",41,2012-11-23 04:00:00,1608.33,2012-11-23 03:14:38,1585.24,74.81,1660.05,58.07,
"2012-11-22",42,2012-11-23 04:30:00,1608.04,2012-11-23 03:44:38,1611.6,61.1,1672.7,58.01,
"2012-11-22",43,2012-11-23 05:00:00,1704.095,2012-11-23 04:14:42,1665.79,55.75,1721.54,63.21,
"2012-11-22",44,2012-11-23 05:30:00,1797.475,2012-11-23 04:39:55,1745.85,47.17,1793.02,67.27,
"2012-11-22",45,2012-11-23 06:00:00,1889.461,2012-11-23 05:10:19,1908.4,51.04,1959.44,72.22,
"2012-11-22",46,2012-11-23 06:30:00,2055.668,2012-11-23 05:44:56,2014.24,39.5,2053.74,67.12,
"2012-11-22",47,2012-11-23 07:00:00,2169.705,2012-11-23 06:10:11,2136.69,34.45,2171.14,71.34,
"2012-11-22",48,2012-11-23 07:30:00,2226.2,2012-11-23 06:40:12,2200.29,51.43,2251.72,78.51,
"2012-11-23",1,2012-11-23 08:00:00,2232.242,2012-11-23 07:11:05,2252.23,35.01,2287.24,71.34,
"2012-11-23",2,2012-11-23 08:30:00,2212.889,2012-11-23 07:40:38,2245.05,40.87,2285.92,66.76,
"2012-11-23",3,2012-11-23 09:00:00,2261.234,2012-11-23 08:10:14,2225.27,58.01,2283.28,63.99,
"2012-11-23",4,2012-11-23 09:30:00,2274.326,2012-11-23 08:40:44,2227.81,61,2288.81,63.99,
"2012-11-23",5,2012-11-23 10:00:00,2273.554,2012-11-23 09:10:41,2161.85,91.12,2252.97,55.6,
"2012-11-23",6,2012-11-23 10:30:00,2263.98,2012-11-23 09:40:46,2158.01,98.03,2256.04,55.35,
"2012-11-23",7,2012-11-23 11:00:00,2274.962,2012-11-23 10:11:30,2178.85,86.75,2265.6,51.94,
"2012-11-23",8,2012-11-23 11:30:00,2280.938,2012-11-23 10:41:08,2159.32,92.03,2251.35,51.86,
"2012-11-23",9,2012-11-23 12:00:00,2262.775,2012-11-23 11:10:50,2182.8,91.39,2274.19,51.88,
"2012-11-23",10,2012-11-23 12:30:00,2241.915,2012-11-23 11:41:20,2183.1,93.36,2276.46,52.16,
"2012-11-23",11,2012-11-23 13:00:00,2244.32,2012-11-23 12:11:11,2163.37,100.05,2263.42,56.02,
"2012-11-23",12,2012-11-23 13:30:00,2258.858,2012-11-23 12:41:25,2201.93,82.38,2284.31,60.05,
"2012-11-23",13,2012-11-23 14:00:00,2235.324,2012-11-23 13:11:31,2188.51,101.9,2290.41,58.59,
"2012-11-23",14,2012-11-23 14:30:00,2287.277,2012-11-23 13:41:41,2147.19,107.85,2255.04,56.38,
"2012-11-23",15,2012-11-23 15:00:00,2264.398,2012-11-23 14:11:54,2164.93,108.51,2273.44,54.49,
"2012-11-23",16,2012-11-23 15:30:00,2251.112,2012-11-23 14:42:01,2144.95,119.26,2264.21,56.33,
"2012-11-23",17,2012-11-23 16:00:00,2249.487,2012-11-23 15:12:20,2139.97,125.75,2265.72,52.53,
"2012-11-23",18,2012-11-23 16:30:00,2217.454,2012-11-23 15:42:00,2117.17,119.17,2236.34,51.01,
"2012-11-23",19,2012-11-23 17:00:00,2224.54,2012-11-23 16:12:18,2127.86,118.1,2245.96,56.38,
"2012-11-23",20,2012-11-23 17:30:00,2167.255,2012-11-23 16:42:22,2079.54,131.78,2211.32,51.5,
"2012-11-23",21,2012-11-23 18:00:00,2123.426,2012-11-23 17:11:56,2075.9,128.02,2203.92,54.55,
"2012-11-23",22,2012-11-23 18:30:00,2192,2012-11-23 17:42:15,2103.42,125.42,2228.84,59.17,
"2012-11-23",23,2012-11-23 19:00:00,2214.036,2012-11-23 18:12:34,2123.72,137.8,2261.52,60.87,
"2012-11-23",24,2012-11-23 19:30:00,2197.663,2012-11-23 18:42:27,2051.04,164.1,2215.14,67.89,
"2012-11-23",25,2012-11-23 20:00:00,2143.406,2012-11-23 19:12:29,1955.19,170.89,2126.08,59.18,
"2012-11-23",26,2012-11-23 20:30:00,2071.4,2012-11-23 19:42:49,1880.33,185.54,2065.87,45.3,
"2012-11-23",27,2012-11-23 21:00:00,1995.97,2012-11-23 20:12:40,1806.75,197.54,2004.29,43.83,
"2012-11-23",28,2012-11-23 21:30:00,1893.479,2012-11-23 20:42:45,1699.15,237.11,1936.26,42.5,
"2012-11-23",29,2012-11-23 22:00:00,1826.099,2012-11-23 21:13:03,1615.17,261.64,1876.81,39.95,
"2012-11-23",30,2012-11-23 22:30:00,1746.286,2012-11-23 21:42:40,1543.33,269.95,1813.28,40.82,
"2012-11-23",31,2012-11-23 23:00:00,1710.264,2012-11-23 22:13:16,1473.96,270.49,1744.45,40.19,
"2012-11-23",32,2012-11-23 23:30:00,1640.042,2012-11-23 22:42:57,1418.77,279.04,1697.81,38.12,
"2012-11-23",33,2012-11-24 00:00:00,1601.515,2012-11-23 23:13:15,1370.54,274.28,1644.82,20.86,
"2012-11-23",34,2012-11-24 00:30:00,1564.604,2012-11-23 23:13:13,1368.27,247.23,1615.5,39.47,
"2012-11-23",35,2012-11-24 01:00:00,1540.654,2012-11-23 23:13:13,1340.15,246.4,1586.55,38.06,
"2012-11-23",36,2012-11-24 01:30:00,1512.126,2012-11-24 00:43:25,1335.54,237.52,1573.06,37.85,
"2012-11-23",37,2012-11-24 02:00:00,1531.036,2012-11-24 01:13:35,1341.57,220.57,1562.14,36.27,
"2012-11-23",38,2012-11-24 02:30:00,1511.973,2012-11-24 01:43:33,1337.01,224.96,1561.97,36.27,
"2012-11-23",39,2012-11-24 03:00:00,1535.911,2012-11-24 02:13:42,1331.42,216.56,1547.98,36.27,
"2012-11-23",40,2012-11-24 03:30:00,1511.17,2012-11-24 02:44:23,1335.49,213.47,1548.96,36.27,
"2012-11-23",41,2012-11-24 04:00:00,1534.232,2012-11-24 03:14:14,1363.29,202.31,1565.6,36.27,
"2012-11-23",42,2012-11-24 04:30:00,1501.603,2012-11-24 03:43:46,1374.44,193.65,1568.09,37.91,
"2012-11-23",43,2012-11-24 05:00:00,1528.175,2012-11-24 04:14:15,1357.75,199.98,1557.73,37.87,
"2012-11-23",44,2012-11-24 05:30:00,1584.271,2012-11-24 04:44:13,1391.62,197.1,1588.72,39,
"2012-11-23",45,2012-11-24 06:00:00,1639.275,2012-11-24 05:14:21,1461.84,191.13,1652.97,40.06,
"2012-11-23",46,2012-11-24 06:30:00,1697.693,2012-11-24 05:44:38,1487.61,225.36,1712.97,40.22,
"2012-11-23",47,2012-11-24 07:00:00,1782.171,2012-11-24 06:14:24,1553.13,215.74,1768.87,40.01,
"2012-11-23",48,2012-11-24 07:30:00,1843.302,2012-11-24 06:44:27,1640.53,209.79,1850.32,39.74,
"2012-11-24",1,2012-11-24 08:00:00,1904.98,2012-11-24 07:14:54,1725.38,191.15,1916.53,39.89,
"2012-11-24",2,2012-11-24 08:30:00,1932.005,2012-11-24 07:39:38,1767.87,176.59,1944.46,39.88,
"2012-11-24",3,2012-11-24 09:00:00,2001.291,2012-11-24 08:14:50,1835.95,114.27,1950.22,52.84,
"2012-11-24",4,2012-11-24 09:30:00,1980.653,2012-11-24 08:40:16,1846.4,104.37,1950.77,56.75,
"2012-11-24",5,2012-11-24 10:00:00,1946.834,2012-11-24 09:14:50,1841.29,128.02,1969.31,39.87,
"2012-11-24",6,2012-11-24 10:30:00,1948.649,2012-11-24 09:40:06,1818,133.85,1951.85,39.81,
"2012-11-24",7,2012-11-24 11:00:00,1942.449,2012-11-24 10:10:13,1822.8,122.57,1945.37,39.74,
"2012-11-24",8,2012-11-24 11:30:00,1971.521,2012-11-24 10:40:14,1825.9,98.51,1924.41,39.74,
"2012-11-24",9,2012-11-24 12:00:00,1968.518,2012-11-24 11:10:24,1806.47,132.42,1938.89,39.85,
"2012-11-24",10,2012-11-24 12:30:00,1938.266,2012-11-24 11:40:40,1778.73,152.93,1931.66,39.83,
"2012-11-24",11,2012-11-24 13:00:00,1866.722,2012-11-24 12:10:52,1714.36,207.71,1922.07,39.89,
"2012-11-24",12,2012-11-24 13:30:00,1930.866,2012-11-24 12:40:55,1711.56,236.49,1948.05,39.81,
"2012-11-24",13,2012-11-24 14:00:00,1901.384,2012-11-24 13:10:56,1688.4,275.87,1964.27,39.97,
"2012-11-24",14,2012-11-24 14:30:00,1928.491,2012-11-24 13:40:38,1710.1,278.17,1988.27,39.85,
"2012-11-24",15,2012-11-24 15:00:00,1947.71,2012-11-24 14:10:56,1785.55,244.17,2029.72,39.78,
"2012-11-24",16,2012-11-24 15:30:00,1973.315,2012-11-24 14:40:59,1876.66,177.25,2053.91,46.51,
"2012-11-24",17,2012-11-24 16:00:00,2017.045,2012-11-24 15:11:00,1907.69,172.86,2080.55,56.38,
"2012-11-24",18,2012-11-24 16:30:00,2056.615,2012-11-24 15:40:54,1827.72,259.64,2087.36,46.56,
"2012-11-24",19,2012-11-24 17:00:00,2075.334,2012-11-24 16:11:30,1792.98,315.1,2108.08,39.81,
"2012-11-24",20,2012-11-24 17:30:00,2040.993,2012-11-24 16:41:25,1839.74,283.64,2123.38,46.68,
"2012-11-24",21,2012-11-24 18:00:00,2055.014,2012-11-24 17:11:20,1795.83,329.93,2125.76,39.92,
"2012-11-24",22,2012-11-24 18:30:00,2121.475,2012-11-24 17:41:44,1757.58,319.79,2077.37,40.01,
"2012-11-24",23,2012-11-24 19:00:00,2114.241,2012-11-24 18:11:35,1741.84,359.71,2101.55,40.06,
"2012-11-24",24,2012-11-24 19:30:00,2050.924,2012-11-24 18:41:49,1715.12,351.43,2066.55,39.92,
"2012-11-24",25,2012-11-24 20:00:00,1958.646,2012-11-24 19:11:38,1680.6,341.01,2021.61,39.69,
"2012-11-24",26,2012-11-24 20:30:00,1904.194,2012-11-24 19:42:04,1664.1,329.96,1994.06,39.83,
"2012-11-24",27,2012-11-24 21:00:00,1846.181,2012-11-24 20:11:52,1707.44,224.51,1931.95,40.12,
"2012-11-24",28,2012-11-24 21:30:00,1791.43,2012-11-24 20:42:02,1592.11,287.39,1879.5,40.01,
"2012-11-24",29,2012-11-24 22:00:00,1743.708,2012-11-24 21:11:52,1558.14,258.08,1816.22,40.64,
"2012-11-24",30,2012-11-24 22:30:00,1687.873,2012-11-24 21:41:58,1535.53,212.46,1747.99,40.89,
"2012-11-24",31,2012-11-24 23:00:00,1663.513,2012-11-24 22:12:04,1495.54,189.53,1685.07,41.17,
"2012-11-24",32,2012-11-24 23:30:00,1594.892,2012-11-24 22:42:17,1479.32,175.67,1654.99,41.36,
"2012-11-24",33,2012-11-25 00:00:00,1551.135,2012-11-24 23:12:25,1436.33,174.39,1610.72,40.37,
"2012-11-24",34,2012-11-25 00:30:00,1516.601,2012-11-24 23:12:25,1504.26,62.71,1566.97,57.76,
"2012-11-24",35,2012-11-25 01:00:00,1488.527,2012-11-24 23:12:25,1368.81,171.93,1540.74,37.76,
"2012-11-24",36,2012-11-25 01:30:00,1472.368,2012-11-25 00:42:39,1327.58,193.25,1520.83,36.27,
"2012-11-24",37,2012-11-25 02:00:00,1456.626,2012-11-25 01:12:59,1278.08,216.4,1494.48,36.27,
"2012-11-24",38,2012-11-25 02:30:00,1492.531,2012-11-25 01:42:54,1278.45,219.69,1498.14,36.27,
"2012-11-24",39,2012-11-25 03:00:00,1464.344,2012-11-25 02:12:45,1278.68,203.37,1482.05,36.27,
"2012-11-24",40,2012-11-25 03:30:00,1405.297,2012-11-25 02:44:45,1286.97,200.83,1487.8,37.96,
"2012-11-24",41,2012-11-25 04:00:00,1451.624,2012-11-25 03:13:05,1381.11,112.77,1493.88,56.65,
"2012-11-24",42,2012-11-25 04:30:00,1422.845,2012-11-25 03:43:23,1409.87,72.96,1482.83,56.6,
"2012-11-24",43,2012-11-25 05:00:00,1433.963,2012-11-25 04:13:14,1393.64,81.76,1475.4,56.84,
"2012-11-24",44,2012-11-25 05:30:00,1437.872,2012-11-25 04:43:43,1378.19,117.34,1495.53,57.23,
"2012-11-24",45,2012-11-25 06:00:00,1442.311,2012-11-25 05:13:52,1412.52,108.45,1520.97,57.44,
"2012-11-24",46,2012-11-25 06:30:00,1521.945,2012-11-25 05:43:52,1465.5,90.78,1556.28,57.55,
"2012-11-24",47,2012-11-25 07:00:00,1604.439,2012-11-25 06:13:28,1546.33,56.96,1603.29,40.57,
"2012-11-24",48,2012-11-25 07:30:00,1632.783,2012-11-25 06:44:03,1587.5,68.72,1656.22,39.96,
"2012-11-25",1,2012-11-25 08:00:00,1686.077,2012-11-25 07:13:53,1618.04,83.79,1701.83,39.89,
"2012-11-25",2,2012-11-25 08:30:00,1735.125,2012-11-25 07:43:50,1652.31,70.11,1722.42,39.88,
"2012-11-25",3,2012-11-25 09:00:00,1748.322,2012-11-25 08:14:02,1707.12,53.96,1761.08,39.88,
"2012-11-25",4,2012-11-25 09:30:00,1747.079,2012-11-25 08:44:08,1735.07,46.69,1781.76,39.88,
"2012-11-25",5,2012-11-25 10:00:00,1742.321,2012-11-25 09:14:09,1729.58,57.33,1786.91,39.88,
"2012-11-25",6,2012-11-25 10:30:00,1785.023,2012-11-25 09:44:17,1733.2,83.24,1816.44,39.88,
"2012-11-25",7,2012-11-25 11:00:00,1806.084,2012-11-25 10:14:27,1730.5,91.69,1822.19,39.92,
"2012-11-25",8,2012-11-25 11:30:00,1826.083,2012-11-25 10:44:29,1804.74,70.06,1874.8,39.86,
"2012-11-25",9,2012-11-25 12:00:00,1801.708,2012-11-25 11:14:35,1781.18,86.18,1867.36,39.8,
"2012-11-25",10,2012-11-25 12:30:00,1825.754,2012-11-25 11:44:56,1766.85,97.66,1864.51,39.74,
"2012-11-25",11,2012-11-25 13:00:00,1794.932,2012-11-25 12:14:32,1713.04,135.07,1848.11,39.72,
"2012-11-25",12,2012-11-25 13:30:00,1830.849,2012-11-25 12:44:53,1728.18,152.95,1881.13,39.73,
"2012-11-25",13,2012-11-25 14:00:00,1859.5,2012-11-25 13:14:54,1730.64,157.26,1887.9,39.73,
"2012-11-25",14,2012-11-25 14:30:00,1817.881,2012-11-25 13:39:57,1747.36,172.69,1920.05,39.73,
"2012-11-25",15,2012-11-25 15:00:00,1901.29,2012-11-25 14:10:18,1719.17,193.53,1912.7,39.79,
"2012-11-25",16,2012-11-25 15:30:00,1887.588,2012-11-25 14:40:36,1744.73,206.35,1951.08,39.84,
"2012-11-25",17,2012-11-25 16:00:00,1948.201,2012-11-25 15:10:14,1776.19,226.08,2002.27,39.91,
"2012-11-25",18,2012-11-25 16:30:00,2037.966,2012-11-25 15:40:07,1784.37,239.63,2024,39.81,
"2012-11-25",19,2012-11-25 17:00:00,2029.083,2012-11-25 16:10:44,1800.56,239.27,2039.83,41.73,
"2012-11-25",20,2012-11-25 17:30:00,2080.152,2012-11-25 16:40:49,1851.36,211.36,2062.72,42.84,
"2012-11-25",21,2012-11-25 18:00:00,2086.439,2012-11-25 17:10:52,1865.61,219.25,2084.86,42.84,
"2012-11-25",22,2012-11-25 18:30:00,2081.997,2012-11-25 17:40:59,1894.29,194.44,2088.73,47.39,
"2012-11-25",23,2012-11-25 19:00:00,2120.684,2012-11-25 18:10:32,1956.65,180.24,2136.89,66.17,
"2012-11-25",24,2012-11-25 19:30:00,2082.305,2012-11-25 18:41:08,1950.92,182.67,2133.59,56.43,
"2012-11-25",25,2012-11-25 20:00:00,2017.512,2012-11-25 19:10:42,1867.5,211.26,2078.76,42.84,
"2012-11-25",26,2012-11-25 20:30:00,1968.227,2012-11-25 19:41:16,1786.46,217.29,2003.75,40,
"2012-11-25",27,2012-11-25 21:00:00,1868.616,2012-11-25 20:11:09,1740.17,207.38,1947.55,39.86,
"2012-11-25",28,2012-11-25 21:30:00,1832.247,2012-11-25 20:41:28,1684.03,186.68,1870.71,39.92,
"2012-11-25",29,2012-11-25 22:00:00,1724.466,2012-11-25 21:11:30,1631.85,171.01,1802.86,40.09,
"2012-11-25",30,2012-11-25 22:30:00,1683.16,2012-11-25 21:41:35,1531.5,173.75,1705.25,40.31,
"2012-11-25",31,2012-11-25 23:00:00,1625.572,2012-11-25 22:11:26,1467.61,192.85,1660.46,40.63,
"2012-11-25",32,2012-11-25 23:30:00,1593.693,2012-11-25 22:41:18,1453.6,175.08,1628.68,40.98,
"2012-11-25",33,2012-11-26 00:00:00,1526.836,2012-11-25 23:11:40,1430.98,165.55,1596.53,41.15,
"2012-11-25",34,2012-11-26 00:30:00,1505.029,2012-11-25 23:11:40,1410.92,160.19,1571.11,41.27,
"2012-11-25",35,2012-11-26 01:00:00,1490.316,2012-11-25 23:11:40,1412.83,143.15,1555.98,41.39,
"2012-11-25",36,2012-11-26 01:30:00,1528.53,2012-11-26 00:41:57,1418.25,126.35,1544.6,41.45,
"2012-11-25",37,2012-11-26 02:00:00,1519.91,2012-11-26 01:11:58,1428.23,118.46,1546.69,51.5,
"2012-11-25",38,2012-11-26 02:30:00,1519.477,2012-11-26 01:42:27,1405.93,124.4,1530.33,40.18,
"2012-11-25",39,2012-11-26 03:00:00,1473.366,2012-11-26 02:12:08,1412.3,116.71,1529.01,39.26,
"2012-11-25",40,2012-11-26 03:30:00,1525.011,2012-11-26 02:43:59,1446.23,108.01,1554.24,53.96,
"2012-11-25",41,2012-11-26 04:00:00,1520.168,2012-11-26 03:12:11,1445.98,121.95,1567.93,51.82,
"2012-11-25",42,2012-11-26 04:30:00,1550.208,2012-11-26 03:42:21,1477.69,112.97,1590.66,40.44,
"2012-11-25",43,2012-11-26 05:00:00,1622.856,2012-11-26 04:12:36,1536.64,107.05,1643.69,43.11,
"2012-11-25",44,2012-11-26 05:30:00,1713.906,2012-11-26 04:42:27,1649.01,80.8,1729.81,70.6,
"2012-11-25",45,2012-11-26 06:00:00,1849.011,2012-11-26 05:12:31,1793.03,73.39,1866.42,71.34,
"2012-11-25",46,2012-11-26 06:30:00,1988.723,2012-11-26 05:43:05,1921.9,61.84,1983.74,56.38,
"2012-11-25",47,2012-11-26 07:00:00,2122.939,2012-11-26 06:13:11,2044.53,72.4,2116.93,71.34,
"2012-11-25",48,2012-11-26 07:30:00,2139.182,2012-11-26 06:43:01,2119.19,68.92,2188.11,70.11,
"2012-11-26",1,2012-11-26 08:00:00,2191.221,2012-11-26 07:13:11,2104.63,52.3,2156.93,56.38,
"2012-11-26",2,2012-11-26 08:30:00,2188.293,2012-11-26 07:43:19,2184.49,45.06,2229.55,67.53,
"2012-11-26",3,2012-11-26 09:00:00,2239.955,2012-11-26 08:13:10,2186.44,38.1,2224.54,56.38,
"2012-11-26",4,2012-11-26 09:30:00,2181.836,2012-11-26 08:43:24,2207.41,28.02,2235.43,56.38,
"2012-11-26",5,2012-11-26 10:00:00,2207.493,2012-11-26 09:13:37,2235.53,24,2259.53,66.7,
"2012-11-26",6,2012-11-26 10:30:00,2247.012,2012-11-26 09:43:51,2261.48,28.83,2290.31,66.7,
"2012-11-26",7,2012-11-26 11:00:00,2283.099,2012-11-26 10:08:53,2279.84,28.63,2308.47,67.53,
"2012-11-26",8,2012-11-26 11:30:00,2300.232,2012-11-26 10:08:53,2271.43,44.18,2315.61,67.53,
"2012-11-26",9,2012-11-26 12:00:00,2271.776,2012-11-26 11:13:41,2220.09,80.14,2300.23,56.38,
"2012-11-26",10,2012-11-26 12:30:00,2286.246,2012-11-26 11:43:43,2241.95,84.99,2326.94,56.38,
"2012-11-26",11,2012-11-26 13:00:00,2279.489,2012-11-26 12:13:45,2249.12,89.43,2338.55,56.38,
"2012-11-26",12,2012-11-26 13:30:00,2310.725,2012-11-26 12:44:13,2289.17,90.49,2379.66,66.7,
"2012-11-26",13,2012-11-26 14:00:00,2371.642,2012-11-26 13:14:19,2306.52,90.98,2397.5,66.7,
"2012-11-26",14,2012-11-26 14:30:00,2357.503,2012-11-26 13:44:12,2346.99,82.9,2429.89,66.7,
"2012-11-26",15,2012-11-26 15:00:00,2366.423,2012-11-26 14:14:16,2353.16,78.46,2431.62,78.24,
"2012-11-26",16,2012-11-26 15:30:00,2430.833,2012-11-26 14:44:34,2361.88,96.76,2458.64,78.52,
"2012-11-26",17,2012-11-26 16:00:00,2408.762,2012-11-26 15:14:38,2365.77,98.84,2464.61,80.14,
"2012-11-26",18,2012-11-26 16:30:00,2396.303,2012-11-26 15:44:33,2336.86,101.95,2438.81,74.59,
"2012-11-26",19,2012-11-26 17:00:00,2405.082,2012-11-26 16:14:42,2316.58,97.9,2414.48,71.34,
"2012-11-26",20,2012-11-26 17:30:00,2344.146,2012-11-26 16:44:45,2320.73,87.34,2408.07,75.65,
"2012-11-26",21,2012-11-26 18:00:00,2341.922,2012-11-26 17:14:48,2281.27,78.03,2359.3,71.34,
"2012-11-26",22,2012-11-26 18:30:00,2387.779,2012-11-26 17:44:58,2293.65,66.37,2360.02,71.34,
"2012-11-26",23,2012-11-26 19:00:00,2295.454,2012-11-26 18:14:39,2316.13,62.41,2378.54,75.65,
"2012-11-26",24,2012-11-26 19:30:00,2309.677,2012-11-26 18:44:47,2227.13,95.06,2322.19,70.6,
"2012-11-26",25,2012-11-26 20:00:00,2232.011,2012-11-26 19:14:55,2138.79,102.51,2241.3,45.17,
"2012-11-26",26,2012-11-26 20:30:00,2151.126,2012-11-26 19:40:24,2059.17,120.93,2180.1,42.32,
"2012-11-26",27,2012-11-26 21:00:00,2018.124,2012-11-26 20:10:40,1889.2,182.71,2071.91,40.1,
"2012-11-26",28,2012-11-26 21:30:00,1912.386,2012-11-26 20:40:13,1802.48,170.78,1973.26,40.31,
"2012-11-26",29,2012-11-26 22:00:00,1818.911,2012-11-26 21:10:33,1692.82,191.89,1884.71,39.1,
"2012-11-26",30,2012-11-26 22:30:00,1747.097,2012-11-26 21:40:26,1608.35,193.74,1802.09,37.45,
"2012-11-26",31,2012-11-26 23:00:00,1714.916,2012-11-26 22:10:59,1528.72,198.19,1726.91,39.74,
"2012-11-26",32,2012-11-26 23:30:00,1628.638,2012-11-26 22:40:25,1470.83,217.89,1688.72,37.44,
"2012-11-26",33,2012-11-27 00:00:00,1589.587,2012-11-26 23:10:41,1440.05,201.9,1641.95,34.74,
"2012-11-26",34,2012-11-27 00:30:00,1564.397,2012-11-26 23:10:41,1418.91,191.42,1610.33,32.58,
"2012-11-26",35,2012-11-27 01:00:00,1543.735,2012-11-26 23:10:41,1400.23,191.7,1591.93,33.17,
"2012-11-26",36,2012-11-27 01:30:00,1533.534,2012-11-27 00:40:47,1376,202.73,1578.73,33.71,
"2012-11-26",37,2012-11-27 02:00:00,1536.289,2012-11-27 01:11:05,1372.64,202.24,1574.88,40.47,
"2012-11-26",38,2012-11-27 02:30:00,1516.253,2012-11-27 01:41:20,1374.34,197.7,1572.04,40.51,
"2012-11-26",39,2012-11-27 03:00:00,1543.788,2012-11-27 02:11:26,1375.49,188.12,1563.61,40.37,
"2012-11-26",40,2012-11-27 03:30:00,1534.188,2012-11-27 02:43:28,1361.33,196.02,1557.35,40.08,
"2012-11-26",41,2012-11-27 04:00:00,1552.998,2012-11-27 03:11:28,1386.53,194.12,1580.65,39.85,
"2012-11-26",42,2012-11-27 04:30:00,1560.142,2012-11-27 03:41:41,1397.56,194.96,1592.52,41.25,
"2012-11-26",43,2012-11-27 05:00:00,1619.169,2012-11-27 04:12:01,1461.55,189.91,1651.46,42.61,
"2012-11-26",44,2012-11-27 05:30:00,1711.106,2012-11-27 04:41:47,1523.82,193.33,1717.15,43.79,
"2012-11-26",45,2012-11-27 06:00:00,1843.099,2012-11-27 05:12:17,1670.19,198.73,1868.92,54.46,
"2012-11-26",46,2012-11-27 06:30:00,1981.797,2012-11-27 05:41:54,1970.91,16.28,1987.19,70.6,
"2012-11-26",47,2012-11-27 07:00:00,2097.155,2012-11-27 06:12:53,2065.16,26.54,2091.7,71.34,
"2012-11-26",48,2012-11-27 07:30:00,2113.995,2012-11-27 06:42:24,2113.83,38.43,2152.26,70.6,
"2012-11-27",1,2012-11-27 08:00:00,2172.559,2012-11-27 07:12:02,2134.97,45.36,2180.33,67.53,
"2012-11-27",2,2012-11-27 08:30:00,2117.359,2012-11-27 07:42:36,2168.9,37.96,2206.86,71.34,
"2012-11-27",3,2012-11-27 09:00:00,2193.042,2012-11-27 08:12:39,2200.37,38.69,2239.06,94.96,
"2012-11-27",4,2012-11-27 09:30:00,2184.403,2012-11-27 08:42:47,2168.74,50.17,2218.91,71.34,
"2012-11-27",5,2012-11-27 10:00:00,2171.437,2012-11-27 09:12:58,2155.16,72.96,2228.12,67.53,
"2012-11-27",6,2012-11-27 10:30:00,2199.97,2012-11-27 09:42:54,2106.61,90.78,2197.39,66.7,
"2012-11-27",7,2012-11-27 11:00:00,2241.183,2012-11-27 10:12:46,2090.3,101.52,2191.82,66.7,
"2012-11-27",8,2012-11-27 11:30:00,2268.075,2012-11-27 10:42:56,2095.32,113.36,2208.68,67.53,
"2012-11-27",9,2012-11-27 12:00:00,2166.295,2012-11-27 11:13:00,2089.75,130.42,2220.17,67.53,
"2012-11-27",10,2012-11-27 12:30:00,2187.733,2012-11-27 11:43:01,2066.38,149.31,2215.69,67.53,
"2012-11-27",11,2012-11-27 13:00:00,2156.364,2012-11-27 12:13:17,2048.15,168.48,2216.63,66.7,
"2012-11-27",12,2012-11-27 13:30:00,2223.705,2012-11-27 12:42:59,2049.51,171.17,2220.68,66.7,
"2012-11-27",13,2012-11-27 14:00:00,2204.2,2012-11-27 13:13:16,2067.58,178.69,2246.27,67.53,
"2012-11-27",14,2012-11-27 14:30:00,2199.946,2012-11-27 13:43:10,2068.38,180.78,2249.16,71.34,
"2012-11-27",15,2012-11-27 15:00:00,2196.011,2012-11-27 14:13:23,2075.79,181.85,2257.64,71.34,
"2012-11-27",16,2012-11-27 15:30:00,2213.641,2012-11-27 14:43:43,2104.71,178.62,2283.33,76.28,
"2012-11-27",17,2012-11-27 16:00:00,2221.894,2012-11-27 15:13:45,2118.92,179.05,2297.97,76.28,
"2012-11-27",18,2012-11-27 16:30:00,2244.14,2012-11-27 15:43:51,2117.01,173.15,2290.16,78.51,
"2012-11-27",19,2012-11-27 17:00:00,2236.781,2012-11-27 16:13:44,2120.62,168.58,2289.2,78.51,
"2012-11-27",20,2012-11-27 17:30:00,2169.532,2012-11-27 16:43:59,2107.17,160.08,2267.25,78.51,
"2012-11-27",21,2012-11-27 18:00:00,2214.412,2012-11-27 17:14:11,2102.9,157.76,2260.66,71.34,
"2012-11-27",22,2012-11-27 18:30:00,2285.354,2012-11-27 17:43:57,2113.84,147.11,2260.95,71.34,
"2012-11-27",23,2012-11-27 19:00:00,2281.273,2012-11-27 18:13:58,2115.57,182.45,2298.02,71.34,
"2012-11-27",24,2012-11-27 19:30:00,2212.563,2012-11-27 18:44:22,2062.17,210.28,2272.45,70.6,
"2012-11-27",25,2012-11-27 20:00:00,2190.907,2012-11-27 19:14:20,1998.13,204.92,2203.05,56.38,
"2012-11-27",26,2012-11-27 20:30:00,2108.706,2012-11-27 19:44:19,1901.38,226.53,2127.91,44.92,
"2012-11-27",27,2012-11-27 21:00:00,2014.943,2012-11-27 20:14:38,1795.58,236.27,2031.85,42.23,
"2012-11-27",28,2012-11-27 21:30:00,1926.108,2012-11-27 20:44:36,1724.04,226.22,1950.26,40.72,
"2012-11-27",29,2012-11-27 22:00:00,1810.22,2012-11-27 21:14:48,1602.86,249.14,1852,40.62,
"2012-11-27",30,2012-11-27 22:30:00,1722.389,2012-11-27 21:44:53,1550.95,212.55,1763.5,40.66,
"2012-11-27",31,2012-11-27 23:00:00,1659.764,2012-11-27 22:14:51,1518.61,183.26,1701.87,40.81,
"2012-11-27",32,2012-11-27 23:30:00,1612.127,2012-11-27 22:44:55,1509.35,146.96,1656.31,58.11,
"2012-11-27",33,2012-11-28 00:00:00,1577.942,2012-11-27 23:09:51,1550.54,82.52,1633.06,58.03,
"2012-11-27",34,2012-11-28 00:30:00,1550.433,2012-11-27 23:09:51,1486.13,110.3,1596.43,57.64,
"2012-11-27",35,2012-11-28 01:00:00,1524.703,2012-11-27 23:09:51,1422.38,150.62,1573,41.82,
"2012-11-27",36,2012-11-28 01:30:00,1514.748,2012-11-28 00:40:11,1392.77,159.56,1552.33,41.35,
"2012-11-27",37,2012-11-28 02:00:00,1510.349,2012-11-28 01:10:33,1364.87,172.33,1537.2,40.61,
"2012-11-27",38,2012-11-28 02:30:00,1508.847,2012-11-28 01:41:08,1368.25,170.19,1538.44,40.6,
"2012-11-27",39,2012-11-28 03:00:00,1507.704,2012-11-28 02:11:00,1259.83,256.43,1516.26,-39.99,
"2012-11-27",40,2012-11-28 03:30:00,1516.986,2012-11-28 02:43:28,1230.6,278.57,1509.17,-39.99,
"2012-11-27",41,2012-11-28 04:00:00,1539.42,2012-11-28 03:10:59,1193.39,281.57,1474.96,-40.06,
"2012-11-27",42,2012-11-28 04:30:00,1577.004,2012-11-28 03:40:54,1288.67,214.83,1503.5,-18.16,
"2012-11-27",43,2012-11-28 05:00:00,1650.996,2012-11-28 04:11:31,1292.76,248.01,1540.77,-15.03,
"2012-11-27",44,2012-11-28 05:30:00,1780.178,2012-11-28 04:41:03,1416.54,209.06,1625.6,21.99,
"2012-11-27",45,2012-11-28 06:00:00,1925.198,2012-11-28 05:11:17,1486.43,264.25,1750.68,24.61,
"2012-11-27",46,2012-11-28 06:30:00,2056.681,2012-11-28 05:41:18,1654.12,225.35,1879.47,40.98,
"2012-11-27",47,2012-11-28 07:00:00,2151.926,2012-11-28 06:11:31,1862.36,187.23,2049.59,60.25,
"2012-11-27",48,2012-11-28 07:30:00,2176.705,2012-11-28 06:41:25,1855.36,239.41,2094.77,60.01,
"2012-11-28",1,2012-11-28 08:00:00,2180.048,2012-11-28 07:11:41,1772.84,293.1,2065.94,40.2,
"2012-11-28",2,2012-11-28 08:30:00,2087.663,2012-11-28 07:41:25,1759.98,307.81,2067.79,39.83,
"2012-11-28",3,2012-11-28 09:00:00,2094.413,2012-11-28 08:11:29,1695.58,320.54,2016.12,39.84,
"2012-11-28",4,2012-11-28 09:30:00,2028.151,2012-11-28 08:36:58,1688.39,331.15,2019.54,39.8,
"2012-11-28",5,2012-11-28 10:00:00,2078.683,2012-11-28 09:11:57,1766.84,252.89,2019.73,39.74,
"2012-11-28",6,2012-11-28 10:30:00,2012.275,2012-11-28 09:41:41,1797.45,220.79,2018.24,39.74,
"2012-11-28",7,2012-11-28 11:00:00,1992.427,2012-11-28 10:12:01,1736.24,235.74,1971.98,39.75,
"2012-11-28",8,2012-11-28 11:30:00,1979.01,2012-11-28 10:42:21,1810.92,228.17,2039.09,39.8,
"2012-11-28",9,2012-11-28 12:00:00,2016.171,2012-11-28 11:11:59,1783.6,223.88,2007.48,39.86,
"2012-11-28",10,2012-11-28 12:30:00,1999.862,2012-11-28 11:42:21,1648.07,303.02,1951.09,39.92,
"2012-11-28",11,2012-11-28 13:00:00,2068.623,2012-11-28 12:12:38,1693.47,313.34,2006.81,39.96,
"2012-11-28",12,2012-11-28 13:30:00,1966.578,2012-11-28 12:42:32,1770.19,216.94,1987.13,39.98,
"2012-11-28",13,2012-11-28 14:00:00,1992.337,2012-11-28 13:12:36,1714.81,203.7,1918.51,39.99,
"2012-11-28",14,2012-11-28 14:30:00,1916.018,2012-11-28 13:42:33,1775.67,180.66,1956.33,40.01,
"2012-11-28",15,2012-11-28 15:00:00,1972.842,2012-11-28 14:12:27,1849.8,128.06,1977.86,40.01,
"2012-11-28",16,2012-11-28 15:30:00,1873.505,2012-11-28 14:42:37,1887.2,119.09,2006.29,40.03,
"2012-11-28",17,2012-11-28 16:00:00,1918.339,2012-11-28 15:12:49,1925.49,129.72,2055.21,40.02,
"2012-11-28",18,2012-11-28 16:30:00,1994.161,2012-11-28 15:42:59,1896.17,192.25,2088.42,39.97,
"2012-11-28",19,2012-11-28 17:00:00,1990.486,2012-11-28 16:13:53,1924.19,181.47,2105.66,39.89,
"2012-11-28",20,2012-11-28 17:30:00,1964.531,2012-11-28 16:43:22,1836.09,268.67,2104.76,39.91,
"2012-11-28",21,2012-11-28 18:00:00,2024.798,2012-11-28 17:13:29,1893.81,210.12,2103.93,39.88,
"2012-11-28",22,2012-11-28 18:30:00,2101.431,2012-11-28 17:43:32,1791.42,303.43,2094.85,39.91,
"2012-11-28",23,2012-11-28 19:00:00,2073.918,2012-11-28 18:13:24,1828.32,265.89,2094.21,39.96,
"2012-11-28",24,2012-11-28 19:30:00,2040.623,2012-11-28 18:13:24,1752.73,311.68,2064.41,40.04,
"2012-11-28",25,2012-11-28 20:00:00,1973.335,2012-11-28 18:13:24,1706.39,269.64,1976.03,40.01,
"2012-11-28",26,2012-11-28 20:30:00,1896.997,2012-11-28 18:13:24,1630.54,304.44,1934.98,39.84,
"2012-11-28",27,2012-11-28 21:00:00,1793.59,2012-11-28 20:13:29,1552.79,308.82,1861.61,38.21,
"2012-11-28",28,2012-11-28 21:30:00,1680.017,2012-11-28 20:43:46,1474.65,289.59,1764.24,17.91,
"2012-11-28",29,2012-11-28 22:00:00,1634.872,2012-11-28 21:13:57,1395.39,267.88,1663.27,33.8,
"2012-11-28",30,2012-11-28 22:30:00,1577.902,2012-11-28 21:43:55,1282.75,304.73,1587.48,-32.7,
"2012-11-28",31,2012-11-28 23:00:00,1500.942,2012-11-28 22:14:03,1235,269.84,1504.84,-40.16,
"2012-11-28",32,2012-11-28 23:30:00,1449.949,2012-11-28 22:44:26,1171.64,302.61,1474.25,-40.05,
"2012-11-28",33,2012-11-29 00:00:00,1416.339,2012-11-28 23:14:06,1141.4,303.92,1445.32,-40.22,
"2012-11-28",34,2012-11-29 00:30:00,1389.874,2012-11-28 23:14:06,1127.94,289.16,1417.1,-40.04,
"2012-11-28",35,2012-11-29 01:00:00,1367.389,2012-11-28 23:14:06,1100.19,288.77,1388.96,-39.99,
"2012-11-28",36,2012-11-29 01:30:00,1343.722,2012-11-29 00:44:43,1096.92,288.39,1385.31,-39.99,
"2012-11-28",37,2012-11-29 02:00:00,1330.715,2012-11-29 01:14:19,1081.59,298.13,1379.72,-39.99,
"2012-11-28",38,2012-11-29 02:30:00,1330.768,2012-11-29 01:44:41,1059.26,304.85,1364.11,-39.99,
"2012-11-28",39,2012-11-29 03:00:00,1333.07,2012-11-29 02:14:48,1072.28,305.02,1377.3,-39.99,
"2012-11-28",40,2012-11-29 03:30:00,1324.149,2012-11-29 02:41:04,1088.97,304.55,1393.52,-39.99,
"2012-11-28",41,2012-11-29 04:00:00,1343.044,2012-11-29 03:14:54,1118.16,298.35,1416.51,-39.99,
"2012-11-28",42,2012-11-29 04:30:00,1373.689,2012-11-29 03:40:02,1132.03,299.68,1431.71,-39.99,
"2012-11-28",43,2012-11-29 05:00:00,1463.528,2012-11-29 04:10:20,1215.53,295.25,1510.78,10.13,
"2012-11-28",44,2012-11-29 05:30:00,1545.725,2012-11-29 04:40:29,1298.64,304.14,1602.78,30.92,
"2012-11-28",45,2012-11-29 06:00:00,1668.784,2012-11-29 05:10:14,1471.92,295.31,1767.23,33.41,
"2012-11-28",46,2012-11-29 06:30:00,1829.418,2012-11-29 05:40:33,1626.77,301.6,1928.37,35.46,
"2012-11-28",47,2012-11-29 07:00:00,1955.181,2012-11-29 06:10:35,1719.43,306.44,2025.87,37.63,
"2012-11-28",48,2012-11-29 07:30:00,2011.831,2012-11-29 06:40:34,1744.27,315.52,2059.79,39.88,
"2012-11-29",1,2012-11-29 08:00:00,2073.678,2012-11-29 07:10:38,1740.4,320.5,2060.9,39.81,
"2012-11-29",2,2012-11-29 08:30:00,2059.617,2012-11-29 07:40:45,1709.7,322.51,2032.21,39.74,
"2012-11-29",3,2012-11-29 09:00:00,2040.849,2012-11-29 08:10:39,1719.93,318.42,2038.35,39.71,
"2012-11-29",4,2012-11-29 09:30:00,2048.129,2012-11-29 08:40:37,1826.42,208.56,2034.98,39.7,
"2012-11-29",5,2012-11-29 10:00:00,2031.016,2012-11-29 09:10:59,1816.35,199.84,2016.19,39.7,
"2012-11-29",6,2012-11-29 10:30:00,1997.72,2012-11-29 09:40:58,1825.75,191.57,2017.32,39.7,
"2012-11-29",7,2012-11-29 11:00:00,2006.934,2012-11-29 10:10:55,1818.83,196.91,2015.74,39.7,
"2012-11-29",8,2012-11-29 11:30:00,1996.352,2012-11-29 10:41:15,1792.8,196.47,1989.27,39.7,
"2012-11-29",9,2012-11-29 12:00:00,2002.145,2012-11-29 11:11:34,1767.39,199.83,1967.22,39.7,
"2012-11-29",10,2012-11-29 12:30:00,1988.781,2012-11-29 11:41:06,1780.52,196.9,1977.42,39.7,
"2012-11-29",11,2012-11-29 13:00:00,1964.397,2012-11-29 12:11:33,1803.04,186.27,1989.31,39.7,
"2012-11-29",12,2012-11-29 13:30:00,1950.32,2012-11-29 12:41:25,1780.61,211.32,1991.93,39.77,
"2012-11-29",13,2012-11-29 14:00:00,1899.269,2012-11-29 13:11:48,1778.93,197.2,1976.13,39.85,
"2012-11-29",14,2012-11-29 14:30:00,2021.272,2012-11-29 13:41:26,1803.09,207.01,2010.1,39.93,
"2012-11-29",15,2012-11-29 15:00:00,1982.067,2012-11-29 14:11:42,1720.88,263,1983.88,40.01,
"2012-11-29",16,2012-11-29 15:30:00,1987.854,2012-11-29 14:42:22,1728.53,321.69,2050.22,40.01,
"2012-11-29",17,2012-11-29 16:00:00,2009.227,2012-11-29 15:12:11,1774.04,323.44,2097.48,39.99,
"2012-11-29",18,2012-11-29 16:30:00,2009.79,2012-11-29 15:42:01,1774.76,320.66,2095.42,39.92,
"2012-11-29",19,2012-11-29 17:00:00,2056.881,2012-11-29 16:12:18,1851.38,310.38,2161.76,39.85,
"2012-11-29",20,2012-11-29 17:30:00,2060.256,2012-11-29 16:42:05,1871.25,309.25,2180.5,39.78,
"2012-11-29",21,2012-11-29 18:00:00,2063.346,2012-11-29 17:12:21,1898.33,307.54,2205.87,39.73,
"2012-11-29",22,2012-11-29 18:30:00,2158.196,2012-11-29 17:42:29,1910.31,288.7,2199.01,39.7,
"2012-11-29",23,2012-11-29 19:00:00,2185.155,2012-11-29 18:12:15,1957.41,274.84,2232.25,39.7,
"2012-11-29",24,2012-11-29 19:30:00,2177.698,2012-11-29 18:42:20,1976.71,251.89,2228.6,39.78,
"2012-11-29",25,2012-11-29 20:00:00,2126.91,2012-11-29 19:12:47,1912.07,260.17,2172.24,39.88,
"2012-11-29",26,2012-11-29 20:30:00,2046.472,2012-11-29 19:42:42,1829.2,251.81,2081.01,40.02,
"2012-11-29",27,2012-11-29 21:00:00,1965.68,2012-11-29 20:12:51,1727.26,251,1978.26,40.13,
"2012-11-29",28,2012-11-29 21:30:00,1870.766,2012-11-29 20:43:00,1615.91,255.93,1871.84,40.4,
"2012-11-29",29,2012-11-29 22:00:00,1748.486,2012-11-29 21:12:43,1512.57,258.02,1770.59,38.77,
"2012-11-29",30,2012-11-29 22:30:00,1699.171,2012-11-29 21:43:08,1413.7,256.91,1670.61,36.65,
"2012-11-29",31,2012-11-29 23:00:00,1606.154,2012-11-29 22:13:11,1357.5,224.33,1581.83,22.01,
"2012-11-29",32,2012-11-29 23:30:00,1537.9,2012-11-29 22:43:11,1335.79,206.5,1542.29,32.05,
"2012-11-29",33,2012-11-30 00:00:00,1497.498,2012-11-29 23:13:23,1272.71,228.66,1501.37,32.36,
"2012-11-29",34,2012-11-30 00:30:00,1470.651,2012-11-29 23:13:23,1244.93,220.57,1465.5,3.29,
"2012-11-29",35,2012-11-30 01:00:00,1446.081,2012-11-29 23:13:23,1218.9,228.15,1447.05,0,
"2012-11-29",36,2012-11-30 01:30:00,1421.488,2012-11-30 00:43:28,1184.71,241.26,1425.97,-32.08,
"2012-11-29",37,2012-11-30 02:00:00,1406.637,2012-11-30 01:14:09,1207.92,217.78,1425.7,-33.14,
"2012-11-29",38,2012-11-30 02:30:00,1391.604,2012-11-30 01:43:42,1226.89,181.58,1408.47,-33.19,
"2012-11-29",39,2012-11-30 03:00:00,1412.486,2012-11-30 02:13:35,1217.79,191.48,1409.27,-33.33,
"2012-11-29",40,2012-11-30 03:30:00,1408.206,2012-11-30 02:42:23,1251.63,190.19,1441.82,0,
"2012-11-29",41,2012-11-30 04:00:00,1403.335,2012-11-30 03:09:21,1299.57,159.84,1459.41,40.59,
"2012-11-29",42,2012-11-30 04:30:00,1434.703,2012-11-30 03:43:52,1314.56,163.15,1477.71,40.55,
"2012-11-29",43,2012-11-30 05:00:00,1516.509,2012-11-30 04:13:59,1413.92,136.44,1550.36,52.9,
"2012-11-29",44,2012-11-30 05:30:00,1565.93,2012-11-30 04:44:39,1475.76,151.9,1627.66,51.3,
"2012-11-29",45,2012-11-30 06:00:00,1749.103,2012-11-30 05:14:09,1618.17,140.14,1758.31,51.3,
"2012-11-29",46,2012-11-30 06:30:00,1890.654,2012-11-30 05:44:26,1721.99,167.66,1889.65,44.95,
"2012-11-29",47,2012-11-30 07:00:00,2034.37,2012-11-30 06:14:36,1813.35,208.87,2022.22,45.08,
"2012-11-29",48,2012-11-30 07:30:00,2016.782,2012-11-30 06:44:44,1838.83,211.48,2050.31,44.88,
"2012-11-30",1,2012-11-30 08:00:00,2102.62,2012-11-30 07:14:52,1827.95,237.37,2065.32,45.49,
"2012-11-30",2,2012-11-30 08:30:00,2058.924,2012-11-30 07:39:59,1881.05,193.96,2075.01,46.83,
"2012-11-30",3,2012-11-30 09:00:00,2075.396,2012-11-30 08:14:42,1872.96,179.32,2052.28,42.33,
"2012-11-30",4,2012-11-30 09:30:00,2048.846,2012-11-30 08:44:45,1868.43,170.34,2038.77,42.51,
"2012-11-30",5,2012-11-30 10:00:00,2042.24,2012-11-30 09:14:55,1822.58,189.63,2012.21,-16.04,
"2012-11-30",6,2012-11-30 10:30:00,2005.137,2012-11-30 09:40:14,1826.57,171.3,1997.87,-41.15,
"2012-11-30",7,2012-11-30 11:00:00,2015.827,2012-11-30 10:10:13,1841.47,161.64,2003.11,-14.49,
"2012-11-30",8,2012-11-30 11:30:00,2004.961,2012-11-30 10:40:11,1813.43,175.38,1988.81,-41.33,
"2012-11-30",9,2012-11-30 12:00:00,1960.846,2012-11-30 11:10:26,1763.63,210.19,1973.82,-41.15,
"2012-11-30",10,2012-11-30 12:30:00,1940.485,2012-11-30 11:40:23,1778.47,175.58,1954.05,-39.8,
"2012-11-30",11,2012-11-30 13:00:00,1976.557,2012-11-30 12:10:35,1800.45,160.22,1960.67,-11.67,
"2012-11-30",12,2012-11-30 13:30:00,1935.622,2012-11-30 12:40:51,1823.88,126.09,1949.97,39.69,
"2012-11-30",13,2012-11-30 14:00:00,1933.561,2012-11-30 13:10:41,1780.76,170.04,1950.8,22.18,
"2012-11-30",14,2012-11-30 14:30:00,1945.245,2012-11-30 13:40:37,1778.1,171.2,1949.3,37.85,
"2012-11-30",15,2012-11-30 15:00:00,1917.899,2012-11-30 14:10:44,1829.97,155.4,1985.37,40.23,
"2012-11-30",16,2012-11-30 15:30:00,1928.624,2012-11-30 14:41:10,1858.92,153.65,2012.57,40.23,
"2012-11-30",17,2012-11-30 16:00:00,1947.614,2012-11-30 15:11:04,1858.73,159.12,2017.85,40.23,
"2012-11-30",18,2012-11-30 16:30:00,1944.576,2012-11-30 15:41:05,1837.55,178.26,2015.81,40.23,
"2012-11-30",19,2012-11-30 17:00:00,1956.89,2012-11-30 16:11:09,1858.16,163.8,2021.96,40.21,
"2012-11-30",20,2012-11-30 17:30:00,1898.904,2012-11-30 16:41:35,1882.85,193.8,2076.65,40.2,
"2012-11-30",21,2012-11-30 18:00:00,1982.461,2012-11-30 17:11:27,1862.73,182.03,2044.76,40.19,
"2012-11-30",22,2012-11-30 18:30:00,1949.776,2012-11-30 17:41:38,1912.6,161.28,2073.88,40.2,
"2012-11-30",23,2012-11-30 19:00:00,2023.57,2012-11-30 18:11:19,1952.22,140.97,2093.19,40.25,
"2012-11-30",24,2012-11-30 19:30:00,2049.515,2012-11-30 18:41:31,1940.01,138.18,2078.19,40.28,
"2012-11-30",25,2012-11-30 20:00:00,1986.701,2012-11-30 19:11:41,1874.58,137.98,2012.56,40.3,
"2012-11-30",26,2012-11-30 20:30:00,1938.755,2012-11-30 19:41:49,1795.59,169.27,1964.86,40.33,
"2012-11-30",27,2012-11-30 21:00:00,1877.577,2012-11-30 20:11:42,1695.89,186.28,1882.17,40.36,
"2012-11-30",28,2012-11-30 21:30:00,1817.832,2012-11-30 20:41:46,1599.56,212.19,1811.75,40.36,
"2012-11-30",29,2012-11-30 22:00:00,1737.399,2012-11-30 21:11:56,1542.64,206.97,1749.61,38.52,
"2012-11-30",30,2012-11-30 22:30:00,1671.674,2012-11-30 21:41:55,1488.28,189,1677.28,36.4,
"2012-11-30",31,2012-11-30 23:00:00,1573.254,2012-11-30 22:12:04,1409.85,200.59,1610.44,34.55,
"2012-11-30",32,2012-11-30 23:30:00,1527.261,2012-11-30 22:42:26,1346.48,195.55,1542.03,32,
"2012-11-30",33,2012-12-01 00:00:00,1476.77,2012-11-30 23:12:18,1303.46,190.69,1494.15,11.79,
"2012-11-30",34,2012-12-01 00:30:00,1438.32,2012-11-30 23:12:18,1274.94,184.45,1459.39,7.48,
"2012-11-30",35,2012-12-01 01:00:00,1405.981,2012-11-30 23:12:19,1254.84,176.75,1431.59,-12.33,
"2012-11-30",36,2012-12-01 01:30:00,1347.496,2012-12-01 00:42:38,1235.07,176.33,1411.4,-32.63,
"2012-11-30",37,2012-12-01 02:00:00,1369.172,2012-12-01 01:12:32,1226.25,191.46,1417.71,40.46,
"2012-11-30",38,2012-12-01 02:30:00,1385.689,2012-12-01 01:42:51,1209.16,190.19,1399.35,41.1,
"2012-11-30",39,2012-12-01 03:00:00,1365.207,2012-12-01 02:12:54,1195.65,210.37,1406.02,1.76,
"2012-11-30",40,2012-12-01 03:30:00,1367.931,2012-12-01 02:43:04,1183.17,222.58,1405.75,-18.74,
"2012-11-30",41,2012-12-01 04:00:00,1368.055,2012-12-01 03:13:20,1222.99,197.15,1420.14,39.95,
"2012-11-30",42,2012-12-01 04:30:00,1381.437,2012-12-01 03:43:18,1220.06,181.16,1401.22,39.41,
"2012-11-30",43,2012-12-01 05:00:00,1394.037,2012-12-01 04:13:11,1207.95,198.8,1406.75,41.26,
"2012-11-30",44,2012-12-01 05:30:00,1446.765,2012-12-01 04:43:21,1284.52,153.48,1438,41.47,
"2012-11-30",45,2012-12-01 06:00:00,1476.981,2012-12-01 05:13:56,1357.34,125,1482.34,41.34,
"2012-11-30",46,2012-12-01 06:30:00,1556.821,2012-12-01 05:43:45,1403.27,129.25,1532.52,41.33,
"2012-11-30",47,2012-12-01 07:00:00,1647.268,2012-12-01 06:13:37,1436.42,155,1591.42,41.74,
"2012-11-30",48,2012-12-01 07:30:00,1674.86,2012-12-01 06:44:00,1487.59,171.17,1658.76,41.99,
"2012-12-01",1,2012-12-01 08:00:00,1737.406,2012-12-01 07:14:00,1542.33,160.49,1702.82,53.67,
"2012-12-01",2,2012-12-01 08:30:00,1702.096,2012-12-01 07:43:46,1594.97,131.1,1726.07,53.35,
"2012-12-01",3,2012-12-01 09:00:00,1786.449,2012-12-01 08:14:10,1649.27,93,1742.27,55.09,
"2012-12-01",4,2012-12-01 09:30:00,1762.905,2012-12-01 08:43:56,1661.28,79.28,1740.56,55.02,
"2012-12-01",5,2012-12-01 10:00:00,1717.899,2012-12-01 09:14:08,1643.68,64.65,1708.33,55.02,
"2012-12-01",6,2012-12-01 10:30:00,1721.477,2012-12-01 09:44:12,1655.78,56.59,1712.37,55.02,
"2012-12-01",7,2012-12-01 11:00:00,1717.18,2012-12-01 10:14:28,1643.78,60.02,1703.8,55.04,
"2012-12-01",8,2012-12-01 11:30:00,1659.945,2012-12-01 10:44:40,1655.68,43.15,1698.83,55.11,
"2012-12-01",9,2012-12-01 12:00:00,1635.037,2012-12-01 11:14:30,1646.18,32.72,1678.9,55.11,
"2012-12-01",10,2012-12-01 12:30:00,1683.554,2012-12-01 11:44:56,1656.87,28.03,1684.9,55.11,
"2012-12-01",11,2012-12-01 13:00:00,1641.394,2012-12-01 12:12:43,1634.68,38.44,1673.12,55.09,
"2012-12-01",12,2012-12-01 13:30:00,1634.548,2012-12-01 12:12:43,1581.48,117.61,1699.09,41.45,
"2012-12-01",13,2012-12-01 14:00:00,1644.396,2012-12-01 12:12:43,1529.33,155.62,1684.95,41.55,
"2012-12-01",14,2012-12-01 14:30:00,1645.654,2012-12-01 12:12:43,1554.38,148.2,1702.58,41.68,
"2012-12-01",15,2012-12-01 15:00:00,1671.843,2012-12-01 14:12:05,1562.88,148.71,1711.59,54.13,
"2012-12-01",16,2012-12-01 15:30:00,1693.38,2012-12-01 14:42:27,1600.16,143.1,1743.26,56.02,
"2012-12-01",17,2012-12-01 16:00:00,1733.271,2012-12-01 15:12:04,1598.51,151.71,1750.22,55.74,
"2012-12-01",18,2012-12-01 16:30:00,1757.451,2012-12-01 15:42:21,1626.98,186.43,1813.41,55.45,
"2012-12-01",19,2012-12-01 17:00:00,1755.129,2012-12-01 16:12:35,1630.05,190.7,1820.75,53.38,
"2012-12-01",20,2012-12-01 17:30:00,1788.313,2012-12-01 16:42:20,1652.6,192.14,1844.74,55,
"2012-12-01",21,2012-12-01 18:00:00,1776.763,2012-12-01 17:12:36,1672.51,192.69,1865.2,55,
"2012-12-01",22,2012-12-01 18:30:00,1789.164,2012-12-01 17:42:50,1708.4,182.6,1891,55,
"2012-12-01",23,2012-12-01 19:00:00,1843.817,2012-12-01 18:12:30,1762.12,179.66,1941.78,55,
"2012-12-01",24,2012-12-01 19:30:00,1867.635,2012-12-01 18:42:53,1760.39,183.72,1944.11,55.02,
"2012-12-01",25,2012-12-01 20:00:00,1871.437,2012-12-01 19:12:39,1703.94,190.95,1894.89,55.02,
"2012-12-01",26,2012-12-01 20:30:00,1832.684,2012-12-01 19:42:47,1646.42,195.66,1842.08,55.02,
"2012-12-01",27,2012-12-01 21:00:00,1761.823,2012-12-01 20:13:38,1568.12,225.38,1793.5,41.48,
"2012-12-01",28,2012-12-01 21:30:00,1739.184,2012-12-01 20:43:20,1491.11,251.16,1742.27,41.54,
"2012-12-01",29,2012-12-01 22:00:00,1649.497,2012-12-01 21:13:00,1428.45,256.43,1684.88,20.1,
"2012-12-01",30,2012-12-01 22:30:00,1624.455,2012-12-01 21:43:05,1341.81,266.84,1608.65,2.96,
"2012-12-01",31,2012-12-01 23:00:00,1522.429,2012-12-01 22:13:05,1246.06,298.51,1544.57,-21.95,
"2012-12-01",32,2012-12-01 23:30:00,1484.54,2012-12-01 22:43:36,1211.43,297.16,1508.59,-28.26,
"2012-12-01",33,2012-12-02 00:00:00,1447.387,2012-12-01 23:13:31,1177.26,285.24,1462.5,-32.12,
"2012-12-01",34,2012-12-02 00:30:00,1404.571,2012-12-01 23:13:31,1164.67,273.34,1438.01,-18.91,
"2012-12-01",35,2012-12-02 01:00:00,1373.346,2012-12-01 23:13:31,1137.53,275.73,1413.26,-39.99,
"2012-12-01",36,2012-12-02 01:30:00,1367.214,2012-12-02 00:43:33,1121.26,266.61,1387.87,-39.99,
"2012-12-01",37,2012-12-02 02:00:00,1334.462,2012-12-02 01:13:43,1129.05,259.12,1388.17,-39.99,
"2012-12-01",38,2012-12-02 02:30:00,1289.082,2012-12-02 01:44:23,1115.23,260.17,1375.4,-39.99,
"2012-12-01",39,2012-12-02 03:00:00,1347.495,2012-12-02 02:13:52,1117.74,259.73,1377.47,-39.99,
"2012-12-01",40,2012-12-02 03:30:00,1313.867,2012-12-02 02:43:56,1106.53,265.23,1371.76,-39.99,
"2012-12-01",41,2012-12-02 04:00:00,1315.481,2012-12-02 03:14:26,1099.11,272.11,1371.22,-39.99,
"2012-12-01",42,2012-12-02 04:30:00,1295.839,2012-12-02 03:44:32,1093.37,278.94,1372.31,-39.99,
"2012-12-01",43,2012-12-02 05:00:00,1332.076,2012-12-02 04:14:31,1070.28,283.47,1353.75,-39.99,
"2012-12-01",44,2012-12-02 05:30:00,1349.147,2012-12-02 04:44:12,1089.62,278.6,1368.22,-39.99,
"2012-12-01",45,2012-12-02 06:00:00,1385.08,2012-12-02 05:14:56,1130.83,271.78,1402.61,-39.99,
"2012-12-01",46,2012-12-02 06:30:00,1444.026,2012-12-02 05:44:40,1168.37,262.94,1431.31,-37.97,
"2012-12-01",47,2012-12-02 07:00:00,1512.699,2012-12-02 06:14:46,1251.28,252.85,1504.13,5.96,
"2012-12-01",48,2012-12-02 07:30:00,1542.76,2012-12-02 06:44:54,1337.78,208.86,1546.64,23.98,
"2012-12-02",1,2012-12-02 08:00:00,1597.402,2012-12-02 07:14:40,1389.95,198.5,1588.45,24.01,
"2012-12-02",2,2012-12-02 08:30:00,1603.884,2012-12-02 07:44:51,1390.74,176.19,1566.93,40.46,
"2012-12-02",3,2012-12-02 09:00:00,1671.733,2012-12-02 08:14:59,1433.4,172.08,1605.48,40.46,
"2012-12-02",4,2012-12-02 09:30:00,1663.716,2012-12-02 08:40:18,1483.92,141.14,1625.06,40.45,
"2012-12-02",5,2012-12-02 10:00:00,1613.978,2012-12-02 09:10:20,1505.36,125.19,1630.55,40.43,
"2012-12-02",6,2012-12-02 10:30:00,1694.057,2012-12-02 09:40:27,1536.88,104.16,1641.04,40.41,
"2012-12-02",7,2012-12-02 11:00:00,1647.518,2012-12-02 10:10:18,1564.51,82.34,1646.85,40.38,
"2012-12-02",8,2012-12-02 11:30:00,1663.489,2012-12-02 10:40:44,1617.03,65.71,1682.74,40.35,
"2012-12-02",9,2012-12-02 12:00:00,1697.665,2012-12-02 11:10:52,1636.53,54.78,1691.31,40.3,
"2012-12-02",10,2012-12-02 12:30:00,1660.095,2012-12-02 11:40:29,1647.83,54.89,1702.72,40.28,
"2012-12-02",11,2012-12-02 13:00:00,1692.303,2012-12-02 12:10:53,1590.75,86.97,1677.72,40.21,
"2012-12-02",12,2012-12-02 13:30:00,1670.343,2012-12-02 12:40:40,1574.85,131.96,1706.81,40.12,
"2012-12-02",13,2012-12-02 14:00:00,1624.333,2012-12-02 13:11:12,1594.91,121.56,1716.47,40.1,
"2012-12-02",14,2012-12-02 14:30:00,1678.112,2012-12-02 13:41:01,1626.06,122.23,1748.29,40.07,
"2012-12-02",15,2012-12-02 15:00:00,1700.614,2012-12-02 14:10:55,1626.54,152.78,1779.32,40.1,
"2012-12-02",16,2012-12-02 15:30:00,1761.241,2012-12-02 14:41:12,1647.31,174.23,1821.54,40.13,
"2012-12-02",17,2012-12-02 16:00:00,1788.763,2012-12-02 15:11:13,1692.69,179.38,1872.07,40.16,
"2012-12-02",18,2012-12-02 16:30:00,1809.915,2012-12-02 15:41:09,1747.22,180.78,1928,40.14,
"2012-12-02",19,2012-12-02 17:00:00,1886.408,2012-12-02 16:11:31,1759.2,176.95,1936.15,40.1,
"2012-12-02",20,2012-12-02 17:30:00,1948.063,2012-12-02 16:41:17,1777.12,173.41,1950.53,40.09,
"2012-12-02",21,2012-12-02 18:00:00,1970.862,2012-12-02 17:11:23,1800.96,173.63,1974.59,40.07,
"2012-12-02",22,2012-12-02 18:30:00,1959.347,2012-12-02 17:41:42,1801.61,180.28,1981.89,40.06,
"2012-12-02",23,2012-12-02 19:00:00,1960.821,2012-12-02 18:11:47,1792.11,248.25,2040.36,40.1,
"2012-12-02",24,2012-12-02 19:30:00,1969.931,2012-12-02 18:42:01,1755.79,290.46,2046.25,40.18,
"2012-12-02",25,2012-12-02 20:00:00,1970.801,2012-12-02 19:11:41,1707.84,316.64,2024.48,40.21,
"2012-12-02",26,2012-12-02 20:30:00,1931.372,2012-12-02 19:42:00,1658.11,324.29,1982.4,40.18,
"2012-12-02",27,2012-12-02 21:00:00,1852.187,2012-12-02 20:12:00,1599.24,331.42,1930.66,40.03,
"2012-12-02",28,2012-12-02 21:30:00,1777.309,2012-12-02 20:41:55,1539.05,337.48,1876.53,39.93,
"2012-12-02",29,2012-12-02 22:00:00,1705.377,2012-12-02 21:12:14,1403.66,339.03,1742.69,37.77,
"2012-12-02",30,2012-12-02 22:30:00,1675.175,2012-12-02 21:42:21,1377.25,336.12,1713.37,36.07,
"2012-12-02",31,2012-12-02 23:00:00,1683.501,2012-12-02 22:12:32,1332.17,339.9,1672.07,20.97,
"2012-12-02",32,2012-12-02 23:30:00,1566.245,2012-12-02 22:42:30,1296.46,335.53,1631.99,6.86,
"2012-12-02",33,2012-12-03 00:00:00,1519.094,2012-12-02 23:12:19,1269.29,336.48,1605.77,0,
"2012-12-02",34,2012-12-03 00:30:00,1487.576,2012-12-02 23:12:19,1253.69,342.71,1596.4,0,
"2012-12-02",35,2012-12-03 01:00:00,1458.981,2012-12-02 23:12:19,1222.33,330.09,1552.42,-36.39,
"2012-12-02",36,2012-12-03 01:30:00,1507.973,2012-12-03 00:43:01,1230.6,327.9,1558.5,-32.16,
"2012-12-02",37,2012-12-03 02:00:00,1506.014,2012-12-03 01:13:07,1232.86,322.16,1555.02,-32.99,
"2012-12-02",38,2012-12-03 02:30:00,1492.973,2012-12-03 01:43:01,1231.31,315.78,1547.09,-32.85,
"2012-12-02",39,2012-12-03 03:00:00,1508.363,2012-12-03 02:13:12,1239.75,317.06,1556.81,0,
"2012-12-02",40,2012-12-03 03:30:00,1494.123,2012-12-03 02:42:55,1245.02,309.07,1554.09,0,
"2012-12-02",41,2012-12-03 04:00:00,1541.547,2012-12-03 03:13:06,1300.98,277.44,1578.42,31.79,
"2012-12-02",42,2012-12-03 04:30:00,1575.015,2012-12-03 03:43:27,1309.54,271.39,1580.93,31.75,
"2012-12-02",43,2012-12-03 05:00:00,1608.122,2012-12-03 04:13:16,1365.21,278.8,1644.01,34.21,
"2012-12-02",44,2012-12-03 05:30:00,1693.332,2012-12-03 04:43:44,1470.69,268.64,1739.33,36.33,
"2012-12-02",45,2012-12-03 06:00:00,1879.878,2012-12-03 05:13:26,1617.86,268.35,1886.21,38.41,
"2012-12-02",46,2012-12-03 06:30:00,2016.036,2012-12-03 05:43:58,1708.32,286.7,1995.02,39.26,
"2012-12-02",47,2012-12-03 07:00:00,2158.149,2012-12-03 06:13:37,1799.14,316.82,2115.96,40.16,
"2012-12-02",48,2012-12-03 07:30:00,2165.499,2012-12-03 06:43:42,1784.06,352.17,2136.23,40.04,
"2012-12-03",1,2012-12-03 08:00:00,2315.16,2012-12-03 07:13:41,1834.7,342.39,2177.09,39.87,
"2012-12-03",2,2012-12-03 08:30:00,2297.115,2012-12-03 07:44:05,1868.38,333.49,2201.87,40,
"2012-12-03",3,2012-12-03 09:00:00,2256.611,2012-12-03 08:14:16,1877,326.75,2203.75,39.99,
"2012-12-03",4,2012-12-03 09:30:00,2234.175,2012-12-03 08:44:16,1895.21,313.44,2208.65,40.06,
"2012-12-03",5,2012-12-03 10:00:00,2280.189,2012-12-03 08:54:27,1943.24,291.49,2234.73,47.63,
"2012-12-03",6,2012-12-03 10:30:00,2281.665,2012-12-03 09:44:25,1977.78,270.47,2248.25,47.48,
"2012-12-03",7,2012-12-03 11:00:00,2294.548,2012-12-03 10:14:07,2040.36,249.66,2290.02,54.8,
"2012-12-03",8,2012-12-03 11:30:00,2318.661,2012-12-03 10:44:33,2092.5,233.82,2326.32,57.95,
"2012-12-03",9,2012-12-03 12:00:00,2323.91,2012-12-03 11:14:17,2145.2,197.98,2343.18,58.17,
"2012-12-03",10,2012-12-03 12:30:00,2375.752,2012-12-03 11:44:22,2204.79,207.37,2412.16,60.05,
"2012-12-03",11,2012-12-03 13:00:00,2373.617,2012-12-03 12:14:50,2238.02,203.16,2441.18,60.3,
"2012-12-03",12,2012-12-03 13:30:00,2430.227,2012-12-03 12:44:36,2279.66,217.66,2497.32,67.98,
"2012-12-03",13,2012-12-03 14:00:00,2504.417,2012-12-03 13:09:52,2325.74,205.66,2531.4,68.72,
"2012-12-03",14,2012-12-03 14:30:00,2507.239,2012-12-03 13:44:44,2306.87,243.91,2550.78,69.71,
"2012-12-03",15,2012-12-03 15:00:00,2543.835,2012-12-03 14:14:47,2395.82,203.95,2599.77,70.13,
"2012-12-03",16,2012-12-03 15:30:00,2591.503,2012-12-03 14:39:55,2442.64,198.4,2641.04,65.24,
"2012-12-03",17,2012-12-03 16:00:00,2582.223,2012-12-03 15:10:08,2387.07,273.9,2660.97,61.66,
"2012-12-03",18,2012-12-03 16:30:00,2575.539,2012-12-03 15:40:35,2356.93,299.05,2655.98,62.41,
"2012-12-03",19,2012-12-03 17:00:00,2527.768,2012-12-03 16:10:28,2335.61,315.01,2650.62,63.44,
"2012-12-03",20,2012-12-03 17:30:00,2519.071,2012-12-03 16:40:36,2283.36,336.78,2620.14,62.11,
"2012-12-03",21,2012-12-03 18:00:00,2467.544,2012-12-03 17:10:24,2240.07,348.15,2588.22,58.82,
"2012-12-03",22,2012-12-03 18:30:00,2483.724,2012-12-03 17:40:51,2282.79,288.7,2571.49,60.35,
"2012-12-03",23,2012-12-03 19:00:00,2479.826,2012-12-03 18:10:31,2298.79,273.92,2572.71,59.85,
"2012-12-03",24,2012-12-03 19:30:00,2502.037,2012-12-03 18:40:56,2272.47,304.52,2576.99,58.69,
"2012-12-03",25,2012-12-03 20:00:00,2409.756,2012-12-03 19:10:41,2182.42,300.04,2482.46,57.5,
"2012-12-03",26,2012-12-03 20:30:00,2328.943,2012-12-03 19:40:51,2085.2,310.57,2395.77,55.52,
"2012-12-03",27,2012-12-03 21:00:00,2238.984,2012-12-03 20:10:55,1979.72,317.04,2296.76,44.34,
"2012-12-03",28,2012-12-03 21:30:00,2112.304,2012-12-03 20:41:17,1851.53,319.9,2171.43,37.95,
"2012-12-03",29,2012-12-03 22:00:00,2008.13,2012-12-03 21:11:24,1753.06,322.44,2075.5,39.26,
"2012-12-03",30,2012-12-03 22:30:00,1904.05,2012-12-03 21:41:10,1660.67,312.72,1973.39,40.82,
"2012-12-03",31,2012-12-03 23:00:00,1869.95,2012-12-03 22:11:13,1576,315.72,1891.72,53.42,
"2012-12-03",32,2012-12-03 23:30:00,1797.139,2012-12-03 22:41:35,1515.6,316.54,1832.14,40.79,
"2012-12-03",33,2012-12-04 00:00:00,1727.883,2012-12-03 23:11:21,1489.05,288.13,1777.18,40.37,
"2012-12-03",34,2012-12-04 00:30:00,1674.574,2012-12-03 23:11:21,1455.1,264.69,1719.79,31.56,
"2012-12-03",35,2012-12-04 01:00:00,1638.873,2012-12-03 23:11:21,1450.11,271.36,1721.47,31.57,
"2012-12-03",36,2012-12-04 01:30:00,1647.592,2012-12-04 00:41:59,1431.49,271.81,1703.3,31.59,
"2012-12-03",37,2012-12-04 02:00:00,1659.609,2012-12-04 01:12:04,1450.81,238.51,1689.32,40.41,
"2012-12-03",38,2012-12-04 02:30:00,1643.601,2012-12-04 01:41:46,1440.98,210.56,1651.54,40.43,
"2012-12-03",39,2012-12-04 03:00:00,1638.314,2012-12-04 02:11:51,1438.83,214.16,1652.99,40.44,
"2012-12-03",40,2012-12-04 03:30:00,1620.161,2012-12-04 02:42:03,1425.59,215.57,1641.16,40.44,
"2012-12-03",41,2012-12-04 04:00:00,1627.327,2012-12-04 03:12:16,1441.45,239.95,1681.4,40.44,
"2012-12-03",42,2012-12-04 04:30:00,1634.897,2012-12-04 03:42:21,1459.72,237.67,1697.39,40.43,
"2012-12-03",43,2012-12-04 05:00:00,1708.004,2012-12-04 04:12:13,1533.41,226.48,1759.89,40.31,
"2012-12-03",44,2012-12-04 05:30:00,1811.165,2012-12-04 04:42:23,1604.09,240.28,1844.37,53.42,
"2012-12-03",45,2012-12-04 06:00:00,1965.499,2012-12-04 05:12:20,1786.35,224.86,2011.21,67.78,
"2012-12-03",46,2012-12-04 06:30:00,2113.441,2012-12-04 05:42:28,1878.6,231.14,2109.74,65.24,
"2012-12-03",47,2012-12-04 07:00:00,2279.537,2012-12-04 06:12:29,1997.65,247.68,2245.33,46.81,
"2012-12-03",48,2012-12-04 07:30:00,2307.601,2012-12-04 06:43:00,2087.92,237.23,2325.15,65.24,
"2012-12-04",1,2012-12-04 08:00:00,2387.254,2012-12-04 07:12:42,2139.74,240.17,2379.91,60.3,
"2012-12-04",2,2012-12-04 08:30:00,2391.613,2012-12-04 07:42:50,2209.74,253.42,2463.16,65.24,
"2012-12-04",3,2012-12-04 09:00:00,2479.788,2012-12-04 08:12:50,2285.75,235.95,2521.7,65.24,
"2012-12-04",4,2012-12-04 09:30:00,2480.88,2012-12-04 08:42:59,2315.31,207.69,2523,59.84,
"2012-12-04",5,2012-12-04 10:00:00,2512.814,2012-12-04 09:13:02,2410.23,170.22,2580.45,69.11,
"2012-12-04",6,2012-12-04 10:30:00,2539.062,2012-12-04 09:43:37,2566.01,96.11,2662.12,75.76,
"2012-12-04",7,2012-12-04 11:00:00,2630.56,2012-12-04 10:13:38,2622.88,56.03,2678.91,82.32,
"2012-12-04",8,2012-12-04 11:30:00,2773.508,2012-12-04 10:43:17,2690.06,40.5,2730.56,81,
"2012-12-04",9,2012-12-04 12:00:00,2654.435,2012-12-04 11:13:52,2686.06,56.16,2742.22,65.08,
"2012-12-04",10,2012-12-04 12:30:00,2699.332,2012-12-04 11:43:26,2701.92,98.35,2800.27,74.03,
"2012-12-04",11,2012-12-04 13:00:00,2806.493,2012-12-04 12:13:36,2732.45,130.26,2862.71,69.27,
"2012-12-04",12,2012-12-04 13:30:00,2808.563,2012-12-04 12:44:02,2773.89,129.53,2903.42,78.97,
"2012-12-04",13,2012-12-04 14:00:00,2861.964,2012-12-04 13:13:45,2839.46,125.81,2965.27,85.33,
"2012-12-04",14,2012-12-04 14:30:00,2890.578,2012-12-04 13:43:47,2879.01,126.98,3005.99,84.54,
"2012-12-04",15,2012-12-04 15:00:00,2939.278,2012-12-04 14:13:55,2953.76,118.96,3072.72,86.13,
"2012-12-04",16,2012-12-04 15:30:00,2975.297,2012-12-04 14:44:01,3021.93,116.83,3138.76,86.36,
"2012-12-04",17,2012-12-04 16:00:00,3034.855,2012-12-04 15:14:07,3007.59,115.78,3123.37,87.56,
"2012-12-04",18,2012-12-04 16:30:00,3054.111,2012-12-04 15:44:08,2980.68,102.07,3082.75,88.55,
"2012-12-04",19,2012-12-04 17:00:00,3024.537,2012-12-04 16:14:27,2950.71,78.02,3028.73,89.83,
"2012-12-04",20,2012-12-04 17:30:00,2978.8,2012-12-04 16:44:16,2902.43,60.73,2963.16,91.44,
"2012-12-04",21,2012-12-04 18:00:00,2788.148,2012-12-04 17:14:38,2811.56,42.56,2854.12,78.97,
"2012-12-04",22,2012-12-04 18:30:00,2845.077,2012-12-04 17:44:51,2757.48,58.06,2815.54,75.6,
"2012-12-04",23,2012-12-04 19:00:00,2818.166,2012-12-04 18:14:30,2754.64,91.22,2845.86,81.69,
"2012-12-04",24,2012-12-04 19:30:00,2826.15,2012-12-04 18:44:35,2688.34,126.26,2814.6,80.58,
"2012-12-04",25,2012-12-04 20:00:00,2713.789,2012-12-04 19:09:37,2618.07,129.46,2747.53,84.96,
"2012-12-04",26,2012-12-04 20:30:00,2657.145,2012-12-04 19:44:43,2522.05,129.88,2651.93,88.01,
"2012-12-04",27,2012-12-04 21:00:00,2482.853,2012-12-04 20:10:10,2391.71,144.76,2536.47,78.57,
"2012-12-04",28,2012-12-04 21:30:00,2368.123,2012-12-04 20:39:55,2242.44,153.02,2395.46,75.79,
"2012-12-04",29,2012-12-04 22:00:00,2230.847,2012-12-04 21:10:02,2089.1,165.67,2254.77,54.09,
"2012-12-04",30,2012-12-04 22:30:00,2100.984,2012-12-04 21:40:23,1994.11,144.28,2138.39,51.47,
"2012-12-04",31,2012-12-04 23:00:00,2027.176,2012-12-04 22:10:14,1924.74,122.83,2047.57,49.87,
"2012-12-04",32,2012-12-04 23:30:00,1938.897,2012-12-04 22:40:11,1844.91,122.33,1967.24,53.67,
"2012-12-04",33,2012-12-05 00:00:00,1923.652,2012-12-04 23:10:39,1778.34,123.39,1901.73,49.87,
"2012-12-04",34,2012-12-05 00:30:00,1881.102,2012-12-04 23:10:39,1728.06,124.33,1852.39,59.57,
"2012-12-04",35,2012-12-05 01:00:00,1857.924,2012-12-04 23:10:39,1698.49,105.07,1803.56,49.87,
"2012-12-04",36,2012-12-05 01:30:00,1752.268,2012-12-05 00:40:34,1647.84,123.75,1771.59,44.81,
"2012-12-04",37,2012-12-05 02:00:00,1745.28,2012-12-05 01:10:44,1596.94,142.57,1739.51,40.1,
"2012-12-04",38,2012-12-05 02:30:00,1705.077,2012-12-05 01:41:15,1620.74,112.27,1733.01,44.81,
"2012-12-04",39,2012-12-05 03:00:00,1707.738,2012-12-05 02:10:51,1618.33,107.34,1725.67,44.81,
"2012-12-04",40,2012-12-05 03:30:00,1678.42,2012-12-05 02:41:00,1604.7,120.06,1724.76,44.81,
"2012-12-04",41,2012-12-05 04:00:00,1690.888,2012-12-05 03:11:44,1687.36,55.84,1743.2,56.75,
"2012-12-04",42,2012-12-05 04:30:00,1718.725,2012-12-05 03:41:16,1714.92,51.13,1766.05,71.85,
"2012-12-04",43,2012-12-05 05:00:00,1749.887,2012-12-05 04:11:14,1768,31.4,1799.4,73.99,
"2012-12-04",44,2012-12-05 05:30:00,1842.026,2012-12-05 04:41:48,1866.34,26.6,1892.94,114.95,
"2012-12-04",45,2012-12-05 06:00:00,2024.758,2012-12-05 05:11:29,2013.37,31.51,2044.88,135.06,
"2012-12-04",46,2012-12-05 06:30:00,2130.145,2012-12-05 05:41:32,2125.1,26.13,2151.23,78.77,
"2012-12-04",47,2012-12-05 07:00:00,2254.62,2012-12-05 06:11:39,2267.12,26.96,2294.08,297.75,
"2012-12-04",48,2012-12-05 07:30:00,2339.963,2012-12-05 06:42:07,2358.76,22.04,2380.8,244.74,
"2012-12-05",1,2012-12-05 08:00:00,2384.567,2012-12-05 07:11:56,2356.96,66.74,2423.7,115.78,
"2012-12-05",2,2012-12-05 08:30:00,2406.282,2012-12-05 07:42:22,2409.22,42.83,2452.05,109.69,
"2012-12-05",3,2012-12-05 09:00:00,2414.558,2012-12-05 08:11:54,2410.29,45.21,2455.5,91.27,
"2012-12-05",4,2012-12-05 09:30:00,2426.687,2012-12-05 08:42:33,2407.94,58.31,2466.25,66.11,
"2012-12-05",5,2012-12-05 10:00:00,2409.284,2012-12-05 09:12:10,2384.93,92.85,2477.78,61.55,
"2012-12-05",6,2012-12-05 10:30:00,2464.564,2012-12-05 09:42:13,2378.82,91.9,2470.72,70.19,
"2012-12-05",7,2012-12-05 11:00:00,2496.267,2012-12-05 10:12:30,2383.72,106.91,2490.63,63.69,
"2012-12-05",8,2012-12-05 11:30:00,2439.099,2012-12-05 10:42:24,2372.53,92.86,2465.39,69.49,
"2012-12-05",9,2012-12-05 12:00:00,2439.136,2012-12-05 11:12:30,2367.34,98.53,2465.87,70.32,
"2012-12-05",10,2012-12-05 12:30:00,2477.546,2012-12-05 11:42:30,2343.59,128.25,2471.84,77.81,
"2012-12-05",11,2012-12-05 13:00:00,2398.729,2012-12-05 12:12:44,2347.58,122,2469.58,79.97,
"2012-12-05",12,2012-12-05 13:30:00,2412.365,2012-12-05 12:42:44,2306.05,141.57,2447.62,81.66,
"2012-12-05",13,2012-12-05 14:00:00,2411.341,2012-12-05 13:13:09,2317.93,133.14,2451.07,82.26,
"2012-12-05",14,2012-12-05 14:30:00,2395.527,2012-12-05 13:42:51,2303.57,136.84,2440.41,81.24,
"2012-12-05",15,2012-12-05 15:00:00,2472.031,2012-12-05 14:12:57,2320.36,124.5,2444.86,79.58,
"2012-12-05",16,2012-12-05 15:30:00,2453.492,2012-12-05 14:43:09,2350.29,110.84,2461.13,79.52,
"2012-12-05",17,2012-12-05 16:00:00,2432.599,2012-12-05 15:13:23,2329.94,98.21,2428.15,78.37,
"2012-12-05",18,2012-12-05 16:30:00,2358.94,2012-12-05 15:43:27,2349.28,76.92,2426.2,80.21,
"2012-12-05",19,2012-12-05 17:00:00,2354.818,2012-12-05 16:13:19,2325.8,56.01,2381.81,79.87,
"2012-12-05",20,2012-12-05 17:30:00,2387.338,2012-12-05 16:43:30,2290.7,46.18,2336.88,75.06,
"2012-12-05",21,2012-12-05 18:00:00,2251.281,2012-12-05 17:13:43,2257.35,48.58,2305.93,68.86,
"2012-12-05",22,2012-12-05 18:30:00,2233.123,2012-12-05 17:43:51,2269.71,41.28,2310.99,56.59,
"2012-12-05",23,2012-12-05 19:00:00,2256.442,2012-12-05 18:13:44,2331.04,22.3,2353.34,60.3,
"2012-12-05",24,2012-12-05 19:30:00,2291.824,2012-12-05 18:43:44,2320.55,31.61,2352.16,59.32,
"2012-12-05",25,2012-12-05 20:00:00,2241.78,2012-12-05 19:13:48,2245.07,39.1,2284.17,54.66,
"2012-12-05",26,2012-12-05 20:30:00,2197.924,2012-12-05 19:43:51,2193.57,44.5,2238.07,52.18,
"2012-12-05",27,2012-12-05 21:00:00,2028.52,2012-12-05 20:14:12,2105.9,39.14,2145.04,48.91,
"2012-12-05",28,2012-12-05 21:30:00,1993.493,2012-12-05 20:44:18,2025.78,32.05,2057.83,45.78,
"2012-12-05",29,2012-12-05 22:00:00,1891.272,2012-12-05 21:14:24,1942.47,21.2,1963.67,43.61,
"2012-12-05",30,2012-12-05 22:30:00,1835.652,2012-12-05 21:44:12,1854.28,22.32,1876.6,58.17,
"2012-12-05",31,2012-12-05 23:00:00,1749.705,2012-12-05 22:14:31,1738.83,26.95,1765.78,59.86,
"2012-12-05",32,2012-12-05 23:30:00,1746.652,2012-12-05 22:44:40,1686.01,30.24,1716.25,60.16,
"2012-12-05",33,2012-12-06 00:00:00,1658.811,2012-12-05 23:14:50,1651.8,28.82,1680.62,60.47,
"2012-12-05",34,2012-12-06 00:30:00,1621.032,2012-12-05 23:14:50,1616.62,40.88,1657.5,61.12,
"2012-12-05",35,2012-12-06 01:00:00,1597.608,2012-12-05 23:14:50,1593.65,40,1633.65,61.15,
"2012-12-05",36,2012-12-06 01:30:00,1585.877,2012-12-06 00:40:13,1579.86,33.53,1613.39,61.27,
"2012-12-05",37,2012-12-06 02:00:00,1583.136,2012-12-06 01:14:44,1579.41,30.49,1609.9,61.34,
"2012-12-05",38,2012-12-06 02:30:00,1561.949,2012-12-06 01:44:58,1582.1,31.11,1613.21,61.46,
"2012-12-05",39,2012-12-06 03:00:00,1572.864,2012-12-06 02:09:56,1576.32,39.96,1616.28,61.46,
"2012-12-05",40,2012-12-06 03:30:00,1573.437,2012-12-06 02:40:13,1586.82,31.38,1618.2,61.46,
"2012-12-05",41,2012-12-06 04:00:00,1600.932,2012-12-06 03:10:10,1598.17,37,1635.17,61.51,
"2012-12-05",42,2012-12-06 04:30:00,1598.177,2012-12-06 03:40:51,1605.66,49.25,1654.91,60.62,
"2012-12-05",43,2012-12-06 05:00:00,1667.173,2012-12-06 04:10:20,1613.74,73.53,1687.27,60.5,
"2012-12-05",44,2012-12-06 05:30:00,1769.655,2012-12-06 04:40:52,1741.61,56.05,1797.66,60.17,
"2012-12-05",45,2012-12-06 06:00:00,1899.447,2012-12-06 05:10:33,1898.15,60.99,1959.14,73.04,
"2012-12-05",46,2012-12-06 06:30:00,2031.259,2012-12-06 05:41:13,1969.71,110.76,2080.47,69.05,
"2012-12-05",47,2012-12-06 07:00:00,2146.575,2012-12-06 06:10:49,2073.22,128.31,2201.53,59.38,
"2012-12-05",48,2012-12-06 07:30:00,2329.844,2012-12-06 06:40:47,2138.34,127.13,2265.47,63.14,
"2012-12-06",1,2012-12-06 08:00:00,2297.837,2012-12-06 07:10:56,2132.05,148.78,2280.83,59.11,
"2012-12-06",2,2012-12-06 08:30:00,2286.171,2012-12-06 07:41:01,2168.75,148.86,2317.61,60.05,
"2012-12-06",3,2012-12-06 09:00:00,2279.316,2012-12-06 08:11:07,2152.01,162.63,2314.64,58.17,
"2012-12-06",4,2012-12-06 09:30:00,2277.907,2012-12-06 08:41:12,2125.83,184.17,2310,58.17,
"2012-12-06",5,2012-12-06 10:00:00,2320.112,2012-12-06 09:11:21,2099.34,196.25,2295.59,53.06,
"2012-12-06",6,2012-12-06 10:30:00,2287.267,2012-12-06 09:41:22,2096.1,197.76,2293.86,52.86,
"2012-12-06",7,2012-12-06 11:00:00,2293.234,2012-12-06 10:11:27,2114.63,197.39,2312.02,53.3,
"2012-12-06",8,2012-12-06 11:30:00,2251.972,2012-12-06 10:41:33,2082.12,217.05,2299.17,53.77,
"2012-12-06",9,2012-12-06 12:00:00,2235.861,2012-12-06 11:12:10,2055.35,222.82,2278.17,52.52,
"2012-12-06",10,2012-12-06 12:30:00,2203.663,2012-12-06 11:41:50,2062.17,221.42,2283.59,52.08,
"2012-12-06",11,2012-12-06 13:00:00,2237.121,2012-12-06 12:12:03,2095.27,201.08,2296.35,51.98,
"2012-12-06",12,2012-12-06 13:30:00,2294.406,2012-12-06 12:41:47,2100.85,192.98,2293.83,51.89,
"2012-12-06",13,2012-12-06 14:00:00,2331.719,2012-12-06 13:11:52,2122.35,202.49,2324.84,51.89,
"2012-12-06",14,2012-12-06 14:30:00,2266.047,2012-12-06 13:42:17,2107.3,197.47,2304.77,51.94,
"2012-12-06",15,2012-12-06 15:00:00,2276.325,2012-12-06 14:12:01,2159.17,186.89,2346.06,58.17,
"2012-12-06",16,2012-12-06 15:30:00,2317.785,2012-12-06 14:42:19,2220.68,144.23,2364.91,60.3,
"2012-12-06",17,2012-12-06 16:00:00,2278.132,2012-12-06 15:12:53,2220.81,148.12,2368.93,60.3,
"2012-12-06",18,2012-12-06 16:30:00,2321.572,2012-12-06 15:42:42,2185.7,149.09,2334.79,60.05,
"2012-12-06",19,2012-12-06 17:00:00,2297.565,2012-12-06 16:12:33,2213.43,125.11,2338.54,64.7,
"2012-12-06",20,2012-12-06 17:30:00,2372.69,2012-12-06 16:42:28,2175.94,137.65,2313.59,60.3,
"2012-12-06",21,2012-12-06 18:00:00,2288.294,2012-12-06 17:12:59,2184.87,119.72,2304.59,60.3,
"2012-12-06",22,2012-12-06 18:30:00,2283.319,2012-12-06 17:42:40,2212.28,97.97,2310.25,65.3,
"2012-12-06",23,2012-12-06 19:00:00,2286.694,2012-12-06 18:12:40,2244.71,79.1,2323.81,65.34,
"2012-12-06",24,2012-12-06 19:30:00,2260.893,2012-12-06 18:43:03,2261.69,67.46,2329.15,88.58,
"2012-12-06",25,2012-12-06 20:00:00,2241.382,2012-12-06 19:12:51,2210.88,54.99,2265.87,65.55,
"2012-12-06",26,2012-12-06 20:30:00,2176.426,2012-12-06 19:43:02,2125,70.22,2195.22,66.29,
"2012-12-06",27,2012-12-06 21:00:00,2051.832,2012-12-06 20:13:06,2017.8,78.5,2096.3,39.26,
"2012-12-06",28,2012-12-06 21:30:00,1961.338,2012-12-06 20:43:22,1926.96,89.84,2016.8,35.81,
"2012-12-06",29,2012-12-06 22:00:00,1865.569,2012-12-06 21:13:37,1834.67,95.63,1930.3,68.11,
"2012-12-06",30,2012-12-06 22:30:00,1771.151,2012-12-06 21:43:16,1706.59,107.67,1814.26,62.58,
"2012-12-06",31,2012-12-06 23:00:00,1739.106,2012-12-06 22:13:22,1634.69,125.09,1759.78,62.88,
"2012-12-06",32,2012-12-06 23:30:00,1656.859,2012-12-06 22:43:47,1576.22,131.81,1708.03,60.52,
"2012-12-06",33,2012-12-07 00:00:00,1643.042,2012-12-06 23:13:46,1529.54,143.22,1672.76,44.81,
"2012-12-06",34,2012-12-07 00:30:00,1602.875,2012-12-06 23:13:46,1497.93,136.78,1634.71,44.81,
"2012-12-06",35,2012-12-07 01:00:00,1553.16,2012-12-06 23:13:46,1481.15,127.94,1609.09,40.44,
"2012-12-06",36,2012-12-07 01:30:00,1528.247,2012-12-07 00:44:00,1458.56,134.85,1593.41,40.44,
"2012-12-06",37,2012-12-07 02:00:00,1535.194,2012-12-07 01:13:54,1507.05,95.78,1602.83,44.81,
"2012-12-06",38,2012-12-07 02:30:00,1515.111,2012-12-07 01:44:02,1536.26,55.7,1591.96,49.87,
"2012-12-06",39,2012-12-07 03:00:00,1549.414,2012-12-07 02:14:07,1532.75,63.21,1595.96,49.87,
"2012-12-06",40,2012-12-07 03:30:00,1563.755,2012-12-07 02:44:08,1528.85,68.77,1597.62,49.87,
"2012-12-06",41,2012-12-07 04:00:00,1573.371,2012-12-07 03:14:24,1538.63,83.13,1621.76,49.87,
"2012-12-06",42,2012-12-07 04:30:00,1595.21,2012-12-07 03:44:58,1549.38,75.8,1625.18,49.87,
"2012-12-06",43,2012-12-07 05:00:00,1650.208,2012-12-07 04:14:55,1584.06,97.63,1681.69,62.17,
"2012-12-06",44,2012-12-07 05:30:00,1714.272,2012-12-07 04:44:31,1643.04,104.53,1747.57,64.47,
"2012-12-06",45,2012-12-07 06:00:00,1835.155,2012-12-07 05:15:00,1794.71,112.68,1907.39,63.98,
"2012-12-06",46,2012-12-07 06:30:00,1969.667,2012-12-07 05:39:44,1884.79,141.51,2026.3,65.16,
"2012-12-06",47,2012-12-07 07:00:00,2092.517,2012-12-07 06:14:53,1912.22,199.21,2111.43,58.17,
"2012-12-06",48,2012-12-07 07:30:00,2181.488,2012-12-07 06:39:50,1907.25,221.63,2128.88,48.64,
"2012-12-07",1,2012-12-07 08:00:00,2162.23,2012-12-07 07:10:07,1973.74,212.86,2186.6,40.1,
"2012-12-07",2,2012-12-07 08:30:00,2136.589,2012-12-07 07:40:25,1941.76,268.66,2210.42,40.01,
"2012-12-07",3,2012-12-07 09:00:00,2124.775,2012-12-07 08:10:36,1962.53,247.76,2210.29,39.78,
"2012-12-07",4,2012-12-07 09:30:00,2146.91,2012-12-07 08:40:19,1919.48,275.65,2195.13,39.84,
"2012-12-07",5,2012-12-07 10:00:00,2163.735,2012-12-07 09:10:41,1921.82,280.95,2202.77,39.93,
"2012-12-07",6,2012-12-07 10:30:00,2123.063,2012-12-07 09:40:48,1931.01,292.7,2223.71,40.04,
"2012-12-07",7,2012-12-07 11:00:00,2156.799,2012-12-07 10:10:26,1962.25,278.49,2240.74,39.98,
"2012-12-07",8,2012-12-07 11:30:00,2122.804,2012-12-07 10:41:02,1961.67,289.12,2250.79,39.98,
"2012-12-07",9,2012-12-07 12:00:00,2136.291,2012-12-07 11:11:00,1906.97,284.01,2190.98,39.94,
"2012-12-07",10,2012-12-07 12:30:00,2159.659,2012-12-07 11:41:01,1918.58,283.44,2202.02,39.91,
"2012-12-07",11,2012-12-07 13:00:00,2125.202,2012-12-07 12:11:13,1926.24,269.95,2196.19,39.98,
"2012-12-07",12,2012-12-07 13:30:00,2122.422,2012-12-07 12:41:08,1919.96,278.45,2198.41,39.83,
"2012-12-07",13,2012-12-07 14:00:00,2100.343,2012-12-07 13:10:59,1925.3,293.16,2218.46,39.7,
"2012-12-07",14,2012-12-07 14:30:00,2174.334,2012-12-07 13:41:00,1913.54,288.66,2202.2,39.9,
"2012-12-07",15,2012-12-07 15:00:00,2118.418,2012-12-07 14:11:25,1921.78,278.1,2199.88,40.09,
"2012-12-07",16,2012-12-07 15:30:00,2160,2012-12-07 14:41:17,1920.7,292.02,2212.72,40.01,
"2012-12-07",17,2012-12-07 16:00:00,2154.299,2012-12-07 15:12:01,1914.43,293.74,2208.17,39.98,
"2012-12-07",18,2012-12-07 16:30:00,2165.787,2012-12-07 15:41:42,1907.04,305.07,2212.11,39.99,
"2012-12-07",19,2012-12-07 17:00:00,2184.484,2012-12-07 16:11:22,1904,307.82,2211.82,40.05,
"2012-12-07",20,2012-12-07 17:30:00,2140.481,2012-12-07 16:41:57,1858.64,313.14,2171.78,39.84,
"2012-12-07",21,2012-12-07 18:00:00,2129.716,2012-12-07 17:12:01,1872.31,293.04,2165.35,39.92,
"2012-12-07",22,2012-12-07 18:30:00,2125.628,2012-12-07 17:41:43,1883.2,278.5,2161.7,39.9,
"2012-12-07",23,2012-12-07 19:00:00,2093.961,2012-12-07 18:11:48,1945.46,248.21,2193.67,39.91,
"2012-12-07",24,2012-12-07 19:30:00,2147.576,2012-12-07 18:41:49,1967.97,215.95,2183.92,69.05,
"2012-12-07",25,2012-12-07 20:00:00,2105.641,2012-12-07 19:12:09,1931.26,199.34,2130.6,39.98,
"2012-12-07",26,2012-12-07 20:30:00,2052.141,2012-12-07 19:41:58,1857.92,194.93,2052.85,40.02,
"2012-12-07",27,2012-12-07 21:00:00,1942.794,2012-12-07 20:12:04,1787.37,209.21,1996.58,40.39,
"2012-12-07",28,2012-12-07 21:30:00,1846.723,2012-12-07 20:42:25,1713.77,204.22,1917.99,38.45,
"2012-12-07",29,2012-12-07 22:00:00,1813.81,2012-12-07 21:12:17,1650.17,189.52,1839.69,44.81,
"2012-12-07",30,2012-12-07 22:30:00,1752.341,2012-12-07 21:42:24,1600.18,183.78,1783.96,40.48,
"2012-12-07",31,2012-12-07 23:00:00,1658.961,2012-12-07 22:12:29,1533.05,192.34,1725.39,44.81,
"2012-12-07",32,2012-12-07 23:30:00,1592.372,2012-12-07 22:42:31,1492.19,183.27,1675.46,44.81,
"2012-12-07",33,2012-12-08 00:00:00,1563.674,2012-12-07 23:13:02,1440.8,189.17,1629.97,44.81,
"2012-12-07",34,2012-12-08 00:30:00,1525.466,2012-12-07 23:13:02,1396.02,204.76,1600.78,44.81,
"2012-12-07",35,2012-12-08 01:00:00,1493.175,2012-12-07 23:13:02,1360.98,218.55,1579.53,40.53,
"2012-12-07",36,2012-12-08 01:30:00,1514.24,2012-12-08 00:42:52,1338.2,207.99,1546.19,40.55,
"2012-12-07",37,2012-12-08 02:00:00,1478.902,2012-12-08 01:12:59,1337.03,195.51,1532.54,44.81,
"2012-12-07",38,2012-12-08 02:30:00,1478.43,2012-12-08 01:42:59,1334.86,182.82,1517.68,44.81,
"2012-12-07",39,2012-12-08 03:00:00,1487.775,2012-12-08 02:13:31,1324.69,195.94,1520.63,44.81,
"2012-12-07",40,2012-12-08 03:30:00,1459.542,2012-12-08 02:43:15,1310.12,204.51,1514.63,40.59,
"2012-12-07",41,2012-12-08 04:00:00,1477.94,2012-12-08 03:13:48,1283.36,228.59,1511.95,40.59,
"2012-12-07",42,2012-12-08 04:30:00,1440.954,2012-12-08 03:43:46,1299.38,210.78,1510.16,40.58,
"2012-12-07",43,2012-12-08 05:00:00,1495.712,2012-12-08 04:13:24,1320.26,191.83,1512.09,40.55,
"2012-12-07",44,2012-12-08 05:30:00,1530.145,2012-12-08 04:43:53,1391.77,155.45,1547.22,44.81,
"2012-12-07",45,2012-12-08 06:00:00,1592.856,2012-12-08 05:14:02,1446.73,142.5,1589.23,44.81,
"2012-12-07",46,2012-12-08 06:30:00,1667.007,2012-12-08 05:43:55,1465.39,181.95,1647.34,38.28,
"2012-12-07",47,2012-12-08 07:00:00,1746.127,2012-12-08 06:13:51,1479.09,222.9,1701.99,40.4,
"2012-12-07",48,2012-12-08 07:30:00,1819.841,2012-12-08 06:44:20,1568.85,192.64,1761.49,40.38,
"2012-12-08",1,2012-12-08 08:00:00,1838.106,2012-12-08 07:14:17,1635.93,170.06,1805.99,40.37,
"2012-12-08",2,2012-12-08 08:30:00,1862.49,2012-12-08 07:44:32,1716.88,119.75,1836.63,54.4,
"2012-12-08",3,2012-12-08 09:00:00,1879.299,2012-12-08 08:14:12,1735.78,97.85,1833.63,54.34,
"2012-12-08",4,2012-12-08 09:30:00,1805.575,2012-12-08 08:44:40,1729.26,98.39,1827.65,40.25,
"2012-12-08",5,2012-12-08 10:00:00,1829.271,2012-12-08 09:14:47,1739.35,81.79,1821.14,40.26,
"2012-12-08",6,2012-12-08 10:30:00,1779.379,2012-12-08 09:44:45,1769.91,77.72,1847.63,54.23,
"2012-12-08",7,2012-12-08 11:00:00,1783.92,2012-12-08 10:14:36,1780.24,73.05,1853.29,54.15,
"2012-12-08",8,2012-12-08 11:30:00,1815.968,2012-12-08 10:44:42,1782.35,72.9,1855.25,54.1,
"2012-12-08",9,2012-12-08 12:00:00,1795.706,2012-12-08 11:14:58,1786.86,65.25,1852.11,54.09,
"2012-12-08",10,2012-12-08 12:30:00,1796.237,2012-12-08 11:44:48,1761.02,80.01,1841.03,40.33,
"2012-12-08",11,2012-12-08 13:00:00,1771.823,2012-12-08 12:14:49,1736.56,105.79,1842.35,40.18,
"2012-12-08",12,2012-12-08 13:30:00,1804.913,2012-12-08 12:40:13,1740.01,117.05,1857.06,40.15,
"2012-12-08",13,2012-12-08 14:00:00,1775.684,2012-12-08 13:10:00,1758.45,108.69,1867.14,40.13,
"2012-12-08",14,2012-12-08 14:30:00,1837.854,2012-12-08 13:40:09,1774.9,121.26,1896.16,40.27,
"2012-12-08",15,2012-12-08 15:00:00,1795.834,2012-12-08 14:10:09,1797.93,135.29,1933.22,51.66,
"2012-12-08",16,2012-12-08 15:30:00,1859.721,2012-12-08 14:40:34,1817.45,154.93,1972.38,54.04,
"2012-12-08",17,2012-12-08 16:00:00,1871.6,2012-12-08 15:10:58,1849.4,166.64,2016.04,54.04,
"2012-12-08",18,2012-12-08 16:30:00,1939.635,2012-12-08 15:40:47,1886.66,163.98,2050.64,54.04,
"2012-12-08",19,2012-12-08 17:00:00,1951.343,2012-12-08 16:10:41,1876.43,159.58,2036.01,54.01,
"2012-12-08",20,2012-12-08 17:30:00,1963.633,2012-12-08 16:40:57,1910.59,152.04,2062.63,69.05,
"2012-12-08",21,2012-12-08 18:00:00,1995.257,2012-12-08 17:10:45,1913.93,149.8,2063.73,58.17,
"2012-12-08",22,2012-12-08 18:30:00,2023.446,2012-12-08 17:40:50,1919.47,147.76,2067.23,58.17,
"2012-12-08",23,2012-12-08 19:00:00,2023.432,2012-12-08 18:11:05,1912.29,167.36,2079.65,58.17,
"2012-12-08",24,2012-12-08 19:30:00,2037.284,2012-12-08 18:41:13,1931.48,186.9,2118.38,69.05,
"2012-12-08",25,2012-12-08 20:00:00,1992.928,2012-12-08 19:11:04,1836.52,241.84,2078.36,54.2,
"2012-12-08",26,2012-12-08 20:30:00,1960.724,2012-12-08 19:41:22,1749.83,278.66,2028.49,40.31,
"2012-12-08",27,2012-12-08 21:00:00,1870.822,2012-12-08 20:11:13,1679.75,287.07,1966.82,40.36,
"2012-12-08",28,2012-12-08 21:30:00,1860.602,2012-12-08 20:41:17,1619.08,287.61,1906.69,40.38,
"2012-12-08",29,2012-12-08 22:00:00,1804.133,2012-12-08 21:11:20,1555.54,279.38,1834.92,51.99,
"2012-12-08",30,2012-12-08 22:30:00,1750.41,2012-12-08 21:41:28,1498.76,277.82,1776.58,53.42,
"2012-12-08",31,2012-12-08 23:00:00,1666.349,2012-12-08 22:11:47,1484.46,243.26,1727.72,53.42,
"2012-12-08",32,2012-12-08 23:30:00,1612.819,2012-12-08 22:42:02,1419.47,265.07,1684.54,40.46,
"2012-12-08",33,2012-12-09 00:00:00,1582.557,2012-12-08 23:11:44,1348.64,303.52,1652.16,38.3,
"2012-12-08",34,2012-12-09 00:30:00,1532.263,2012-12-08 23:11:44,1294.38,328.03,1622.41,36.1,
"2012-12-08",35,2012-12-09 01:00:00,1494.069,2012-12-08 23:11:44,1260.12,340,1600.12,23.82,
"2012-12-08",36,2012-12-09 01:30:00,1491.945,2012-12-09 00:42:07,1242.91,330.74,1573.65,6.94,
"2012-12-08",37,2012-12-09 02:00:00,1505.004,2012-12-09 01:12:05,1241.91,325.24,1567.15,31.85,
"2012-12-08",38,2012-12-09 02:30:00,1442.074,2012-12-09 01:42:12,1227.89,322.41,1550.3,31.86,
"2012-12-08",39,2012-12-09 03:00:00,1494.679,2012-12-09 02:12:32,1230.22,320.39,1550.61,31.82,
"2012-12-08",40,2012-12-09 03:30:00,1475.282,2012-12-09 02:42:29,1234.94,319.73,1554.67,17.59,
"2012-12-08",41,2012-12-09 04:00:00,1489.183,2012-12-09 03:12:30,1222.82,327.17,1549.99,17.54,
"2012-12-08",42,2012-12-09 04:30:00,1472.695,2012-12-09 03:43:01,1187.19,329.43,1516.62,-33.02,
"2012-12-08",43,2012-12-09 05:00:00,1483.463,2012-12-09 04:12:51,1179.23,331.45,1510.68,-16.25,
"2012-12-08",44,2012-12-09 05:30:00,1500.224,2012-12-09 04:42:45,1201.78,322.36,1524.14,2.44,
"2012-12-08",45,2012-12-09 06:00:00,1507.44,2012-12-09 05:13:02,1248.96,312.48,1561.44,17.12,
"2012-12-08",46,2012-12-09 06:30:00,1557.567,2012-12-09 05:44:07,1284.62,300.58,1585.2,17.2,
"2012-12-08",47,2012-12-09 07:00:00,1641.646,2012-12-09 06:12:57,1336.51,291.28,1627.79,21.94,
"2012-12-08",48,2012-12-09 07:30:00,1672.123,2012-12-09 06:43:30,1369.72,283.79,1653.51,31.54,
"2012-12-09",1,2012-12-09 08:00:00,1718.316,2012-12-09 07:13:14,1469.21,253.27,1722.48,31.53,
"2012-12-09",2,2012-12-09 08:30:00,1704.208,2012-12-09 07:43:32,1505,244.83,1749.83,31.52,
"2012-12-09",3,2012-12-09 09:00:00,1755.575,2012-12-09 08:13:50,1543.1,241.84,1784.94,31.52,
"2012-12-09",4,2012-12-09 09:30:00,1781.045,2012-12-09 08:43:57,1593.36,220.24,1813.6,33.8,
"2012-12-09",5,2012-12-09 10:00:00,1845.754,2012-12-09 09:13:50,1626.38,199.9,1826.28,39.26,
"2012-12-09",6,2012-12-09 10:30:00,1827.557,2012-12-09 09:44:03,1715.52,162.83,1878.35,39.26,
"2012-12-09",7,2012-12-09 11:00:00,1876.888,2012-12-09 10:14:02,1780.17,133.76,1913.93,40.37,
"2012-12-09",8,2012-12-09 11:30:00,1896.336,2012-12-09 10:44:10,1832.86,113.59,1946.45,40.32,
"2012-12-09",9,2012-12-09 12:00:00,1902.9,2012-12-09 11:14:08,1902.97,81.55,1984.52,58.17,
"2012-12-09",10,2012-12-09 12:30:00,1975.43,2012-12-09 11:43:59,1953.49,69.02,2022.51,58.17,
"2012-12-09",11,2012-12-09 13:00:00,1986.422,2012-12-09 12:14:28,1988.19,78.78,2066.97,60.05,
"2012-12-09",12,2012-12-09 13:30:00,2026.761,2012-12-09 12:44:05,2027.22,75.06,2102.28,61.49,
"2012-12-09",13,2012-12-09 14:00:00,2029.012,2012-12-09 13:14:11,2110.55,44.09,2154.64,64.54,
"2012-12-09",14,2012-12-09 14:30:00,2120.97,2012-12-09 13:44:18,2143.8,49.42,2193.22,69.31,
"2012-12-09",15,2012-12-09 15:00:00,2185.334,2012-12-09 14:14:51,2151.03,68.4,2219.43,68.18,
"2012-12-09",16,2012-12-09 15:30:00,2226.481,2012-12-09 14:44:55,2207.77,85.72,2293.49,67.98,
"2012-12-09",17,2012-12-09 16:00:00,2238.53,2012-12-09 15:14:59,2228.88,117.73,2346.61,74.86,
"2012-12-09",18,2012-12-09 16:30:00,2267.697,2012-12-09 15:44:36,2293.26,82.02,2375.28,99.9,
"2012-12-09",19,2012-12-09 17:00:00,2321.287,2012-12-09 16:14:42,2250,133.4,2383.4,69.36,
"2012-12-09",20,2012-12-09 17:30:00,2386.093,2012-12-09 16:44:46,2232.08,155.67,2387.75,82.4,
"2012-12-09",21,2012-12-09 18:00:00,2352.584,2012-12-09 17:10:04,2256.97,157.71,2414.68,82.35,
"2012-12-09",22,2012-12-09 18:30:00,2311.911,2012-12-09 17:39:52,2206.74,205.44,2412.18,69.22,
"2012-12-09",23,2012-12-09 19:00:00,2369.199,2012-12-09 18:10:43,2248.94,191.81,2440.75,74.31,
"2012-12-09",24,2012-12-09 19:30:00,2379.961,2012-12-09 18:40:23,2241.4,194.38,2435.78,66.66,
"2012-12-09",25,2012-12-09 20:00:00,2351.059,2012-12-09 19:10:31,2183.66,222.35,2406.01,63.51,
"2012-12-09",26,2012-12-09 20:30:00,2353.043,2012-12-09 19:40:15,2090.55,232.59,2323.14,60.05,
"2012-12-09",27,2012-12-09 21:00:00,2187.412,2012-12-09 20:10:19,2018.83,223.98,2242.81,58.17,
"2012-12-09",28,2012-12-09 21:30:00,2122.518,2012-12-09 20:40:23,1902.74,229.02,2131.76,40.05,
"2012-12-09",29,2012-12-09 22:00:00,2041.37,2012-12-09 21:10:47,1777.88,247.35,2025.23,38.31,
"2012-12-09",30,2012-12-09 22:30:00,1982.592,2012-12-09 21:40:52,1689.21,251.99,1941.2,36.09,
"2012-12-09",31,2012-12-09 23:00:00,1918.575,2012-12-09 22:11:14,1656.34,219.94,1876.28,40.53,
"2012-12-09",32,2012-12-09 23:30:00,1802.213,2012-12-09 22:40:43,1609.2,201.73,1810.93,39.26,
"2012-12-09",33,2012-12-10 00:00:00,1705.964,2012-12-09 23:11:02,1576.72,194.88,1771.6,36.14,
"2012-12-09",34,2012-12-10 00:30:00,1671.951,2012-12-09 23:11:02,1573.95,163.64,1737.59,40.47,
"2012-12-09",35,2012-12-10 01:00:00,1637.381,2012-12-09 23:11:02,1566.74,128.5,1695.24,53.42,
"2012-12-09",36,2012-12-10 01:30:00,1661.29,2012-12-10 00:41:07,1547.31,125.54,1672.85,62.05,
"2012-12-09",37,2012-12-10 02:00:00,1643.987,2012-12-10 01:11:42,1557.96,129.22,1687.18,56.95,
"2012-12-09",38,2012-12-10 02:30:00,1697.222,2012-12-10 01:41:50,1533.5,136.71,1670.21,55.67,
"2012-12-09",39,2012-12-10 03:00:00,1665.353,2012-12-10 02:11:34,1535.93,120.73,1656.66,55.86,
"2012-12-09",40,2012-12-10 03:30:00,1662.406,2012-12-10 02:41:26,1565.31,115.18,1680.49,55.85,
"2012-12-09",41,2012-12-10 04:00:00,1682.55,2012-12-10 03:12:07,1587.26,105.2,1692.46,55.86,
"2012-12-09",42,2012-12-10 04:30:00,1710.668,2012-12-10 03:42:52,1583.81,126.34,1710.15,57.22,
"2012-12-09",43,2012-12-10 05:00:00,1764.153,2012-12-10 04:11:44,1630.67,139.21,1769.88,58.16,
"2012-12-09",44,2012-12-10 05:30:00,1817.369,2012-12-10 04:41:51,1715.47,136.18,1851.65,59.14,
"2012-12-09",45,2012-12-10 06:00:00,2021.69,2012-12-10 05:12:09,1894.39,127.35,2021.74,67.62,
"2012-12-09",46,2012-12-10 06:30:00,2157.324,2012-12-10 05:42:02,2013.5,141.72,2155.22,69.05,
"2012-12-09",47,2012-12-10 07:00:00,2297.865,2012-12-10 06:12:02,2174.68,151.92,2326.6,78.68,
"2012-12-09",48,2012-12-10 07:30:00,2381.265,2012-12-10 06:42:10,2276.29,154.79,2431.08,83.07,
"2012-12-10",1,2012-12-10 08:00:00,2500.296,2012-12-10 07:12:36,2363.47,166.34,2529.81,72.35,
"2012-12-10",2,2012-12-10 08:30:00,2556.678,2012-12-10 07:42:44,2477.61,136.14,2613.75,91.81,
"2012-12-10",3,2012-12-10 09:00:00,2681.901,2012-12-10 08:12:56,2551.47,118.47,2669.94,101.1,
"2012-12-10",4,2012-12-10 09:30:00,2639.939,2012-12-10 08:43:01,2598.43,107.66,2706.09,103.92,
"2012-12-10",5,2012-12-10 10:00:00,2672.444,2012-12-10 09:12:33,2643.03,93.37,2736.4,107.87,
"2012-12-10",6,2012-12-10 10:30:00,2748.899,2012-12-10 09:42:39,2667.85,106.03,2773.88,73.29,
"2012-12-10",7,2012-12-10 11:00:00,2835.606,2012-12-10 10:13:01,2760.51,71.62,2832.13,110.15,
"2012-12-10",8,2012-12-10 11:30:00,2892.052,2012-12-10 10:42:49,2809.42,64.7,2874.12,110.85,
"2012-12-10",9,2012-12-10 12:00:00,2914.154,2012-12-10 11:13:23,2848.21,52.95,2901.16,111.75,
"2012-12-10",10,2012-12-10 12:30:00,2941.194,2012-12-10 11:43:19,2850.37,64.29,2914.66,89.66,
"2012-12-10",11,2012-12-10 13:00:00,3004.35,2012-12-10 12:13:22,2881.14,54.47,2935.61,86.73,
"2012-12-10",12,2012-12-10 13:30:00,3044.216,2012-12-10 12:43:16,2900.36,73.72,2974.08,84.08,
"2012-12-10",13,2012-12-10 14:00:00,3006.382,2012-12-10 13:13:45,2870.42,85.33,2955.75,81.8,
"2012-12-10",14,2012-12-10 14:30:00,3012.787,2012-12-10 13:43:42,2912.12,71.82,2983.94,80.39,
"2012-12-10",15,2012-12-10 15:00:00,3054.531,2012-12-10 14:13:26,2933.65,79.48,3013.13,79.76,
"2012-12-10",16,2012-12-10 15:30:00,3039.128,2012-12-10 14:44:17,3003.68,75.07,3078.75,79.13,
"2012-12-10",17,2012-12-10 16:00:00,3011.639,2012-12-10 15:13:48,3035.58,85.02,3120.6,114.24,
"2012-12-10",18,2012-12-10 16:30:00,3006.649,2012-12-10 15:44:12,3017.66,99.21,3116.87,111.1,
"2012-12-10",19,2012-12-10 17:00:00,2990.055,2012-12-10 16:14:06,2965.2,79.8,3045,108.53,
"2012-12-10",20,2012-12-10 17:30:00,3001.14,2012-12-10 16:43:54,2892.81,72.6,2965.41,104.32,
"2012-12-10",21,2012-12-10 18:00:00,2868.22,2012-12-10 17:13:55,2850.85,67.58,2918.43,104.32,
"2012-12-10",22,2012-12-10 18:30:00,2835.779,2012-12-10 17:44:05,2805.58,58.73,2864.31,104.32,
"2012-12-10",23,2012-12-10 19:00:00,2804.116,2012-12-10 18:14:09,2808.49,73.75,2882.24,109.74,
"2012-12-10",24,2012-12-10 19:30:00,2818.548,2012-12-10 18:44:44,2791.33,75.53,2866.86,104.32,
"2012-12-10",25,2012-12-10 20:00:00,2736.949,2012-12-10 19:14:16,2665.8,102.65,2768.45,104.32,
"2012-12-10",26,2012-12-10 20:30:00,2709.548,2012-12-10 19:44:55,2497.84,162.82,2660.66,280.43,
"2012-12-10",27,2012-12-10 21:00:00,2509.887,2012-12-10 20:14:45,2370.95,159.07,2530.02,203.64,
"2012-12-10",28,2012-12-10 21:30:00,2385.374,2012-12-10 20:44:34,2230.51,156.91,2387.42,112.32,
"2012-12-10",29,2012-12-10 22:00:00,2250.946,2012-12-10 21:14:58,2047.24,195.59,2242.83,49.75,
"2012-12-10",30,2012-12-10 22:30:00,2142.267,2012-12-10 21:39:57,1915.1,201.91,2117.01,53.42,
"2012-12-10",31,2012-12-10 23:00:00,2075.394,2012-12-10 22:09:50,1850.14,181.77,2031.91,59.52,
"2012-12-10",32,2012-12-10 23:30:00,2000.109,2012-12-10 22:39:49,1776.36,175.88,1952.24,59.3,
"2012-12-10",33,2012-12-11 00:00:00,1880.628,2012-12-10 23:14:55,1731.89,163.6,1895.49,60.36,
"2012-12-10",34,2012-12-11 00:30:00,1837.878,2012-12-10 23:14:54,1669.97,176.99,1846.96,59.52,
"2012-12-10",35,2012-12-11 01:00:00,1814.551,2012-12-10 23:14:54,1635.49,185.93,1821.42,59.52,
"2012-12-10",36,2012-12-11 01:30:00,1793.259,2012-12-11 00:40:16,1630.64,160.26,1790.9,62.56,
"2012-12-10",37,2012-12-11 02:00:00,1763.561,2012-12-11 01:10:46,1589.49,156.16,1745.65,59.52,
"2012-12-10",38,2012-12-11 02:30:00,1776.175,2012-12-11 01:41:29,1596.05,148.55,1744.6,59.52,
"2012-12-10",39,2012-12-11 03:00:00,1777.86,2012-12-11 02:10:32,1596.4,151.34,1747.74,59.52,
"2012-12-10",40,2012-12-11 03:30:00,1720.648,2012-12-11 02:40:37,1557.1,168.83,1725.93,53.42,
"2012-12-10",41,2012-12-11 04:00:00,1741.661,2012-12-11 03:10:41,1561.62,180.39,1742.01,53.42,
"2012-12-10",42,2012-12-11 04:30:00,1752.489,2012-12-11 03:40:45,1548.28,174.43,1722.71,53.42,
"2012-12-10",43,2012-12-11 05:00:00,1794.24,2012-12-11 04:11:12,1597.29,169.78,1767.07,56.13,
"2012-12-10",44,2012-12-11 05:30:00,1879.594,2012-12-11 04:41:01,1711.52,152.8,1864.32,62.08,
"2012-12-10",45,2012-12-11 06:00:00,2005.039,2012-12-11 05:11:20,1850.31,158.12,2008.43,71.92,
"2012-12-10",46,2012-12-11 06:30:00,2134.135,2012-12-11 05:41:31,1977.38,154.4,2131.78,82.01,
"2012-12-10",47,2012-12-11 07:00:00,2276.024,2012-12-11 06:11:23,2149.05,172.74,2321.79,85.33,
"2012-12-10",48,2012-12-11 07:30:00,2347.823,2012-12-11 06:41:20,2229.84,179.42,2409.26,85.33,
"2012-12-11",1,2012-12-11 08:00:00,2408.179,2012-12-11 07:11:19,2314.02,158.63,2472.65,100.19,
"2012-12-11",2,2012-12-11 08:30:00,2430.254,2012-12-11 07:41:22,2338.94,157.64,2496.58,61.65,
"2012-12-11",3,2012-12-11 09:00:00,2536.441,2012-12-11 08:11:47,2336.71,131.32,2468.03,59.11,
"2012-12-11",4,2012-12-11 09:30:00,2586.813,2012-12-11 08:41:49,2359.4,109.96,2469.36,61.65,
"2012-12-11",5,2012-12-11 10:00:00,2543.17,2012-12-11 09:12:03,2391.29,114.04,2505.33,58.82,
"2012-12-11",6,2012-12-11 10:30:00,2514.179,2012-12-11 09:41:45,2369.62,141.22,2510.84,60.51,
"2012-12-11",7,2012-12-11 11:00:00,2575.095,2012-12-11 10:12:18,2436.94,106.45,2543.39,59.35,
"2012-12-11",8,2012-12-11 11:30:00,2607.909,2012-12-11 10:42:18,2381.92,195.01,2576.93,59.35,
"2012-12-11",9,2012-12-11 12:00:00,2625.014,2012-12-11 11:12:26,2494.23,92.63,2586.86,70.88,
"2012-12-11",10,2012-12-11 12:30:00,2676.93,2012-12-11 11:42:30,2533.84,70.2,2604.04,70.78,
"2012-12-11",11,2012-12-11 13:00:00,2671.525,2012-12-11 12:12:43,2501.5,127.93,2629.43,74.11,
"2012-12-11",12,2012-12-11 13:30:00,2678.711,2012-12-11 12:42:17,2396.99,250.9,2647.89,60.78,
"2012-12-11",13,2012-12-11 14:00:00,2692.8,2012-12-11 13:12:22,2525.68,124.51,2650.19,74.11,
"2012-12-11",14,2012-12-11 14:30:00,2695.049,2012-12-11 13:42:28,2492.12,135.44,2627.56,69.17,
"2012-12-11",15,2012-12-11 15:00:00,2671.912,2012-12-11 14:12:58,2522.18,137.35,2659.53,74.11,
"2012-12-11",16,2012-12-11 15:30:00,2681.185,2012-12-11 14:43:01,2574.06,116.05,2690.11,74.11,
"2012-12-11",17,2012-12-11 16:00:00,2670.6,2012-12-11 15:13:21,2507.74,171.84,2679.58,69.17,
"2012-12-11",18,2012-12-11 16:30:00,2628.618,2012-12-11 15:42:49,2498.4,118.34,2616.74,68.35,
"2012-12-11",19,2012-12-11 17:00:00,2598.347,2012-12-11 16:12:49,2397.54,188.7,2586.24,60.84,
"2012-12-11",20,2012-12-11 17:30:00,2534.882,2012-12-11 16:43:08,2418.13,104.4,2522.53,66.7,
"2012-12-11",21,2012-12-11 18:00:00,2427.723,2012-12-11 17:12:59,2380.76,108.8,2489.56,62.87,
"2012-12-11",22,2012-12-11 18:30:00,2423.32,2012-12-11 17:43:07,2366.66,93.02,2459.68,62.06,
"2012-12-11",23,2012-12-11 19:00:00,2384.169,2012-12-11 18:13:28,2381.01,96.91,2477.92,63.9,
"2012-12-11",24,2012-12-11 19:30:00,2432.106,2012-12-11 18:43:15,2334.05,130.02,2464.07,61.65,
"2012-12-11",25,2012-12-11 20:00:00,2401.462,2012-12-11 19:13:26,2315.48,96.55,2412.03,112.86,
"2012-12-11",26,2012-12-11 20:30:00,2330.636,2012-12-11 19:43:52,2216.08,102.66,2318.74,66.7,
"2012-12-11",27,2012-12-11 21:00:00,2171.243,2012-12-11 20:13:36,2060.83,153.57,2214.4,54.98,
"2012-12-11",28,2012-12-11 21:30:00,2092.419,2012-12-11 20:43:37,1977.89,126.36,2104.25,49.66,
"2012-12-11",29,2012-12-11 22:00:00,2008.903,2012-12-11 21:13:56,1834.2,152.49,1986.69,76.9,
"2012-12-11",30,2012-12-11 22:30:00,1918.874,2012-12-11 21:44:03,1722.92,131.5,1854.42,61.22,
"2012-12-11",31,2012-12-11 23:00:00,1842.585,2012-12-11 22:14:04,1707.29,119.09,1826.38,59.71,
"2012-12-11",32,2012-12-11 23:30:00,1740.881,2012-12-11 22:44:06,1523.21,106.29,1629.5,58.29,
"2012-12-11",33,2012-12-12 00:00:00,1689.081,2012-12-11 23:14:15,1449.33,150.31,1599.64,53.42,
"2012-12-11",34,2012-12-12 00:30:00,1648.993,2012-12-11 23:14:15,1466.45,138.64,1605.09,54.6,
"2012-12-11",35,2012-12-12 01:00:00,1625.026,2012-12-11 23:14:15,1423.06,118.18,1541.24,53.42,
"2012-12-11",36,2012-12-12 01:30:00,1527.369,2012-12-12 00:44:15,1388,139.01,1527.01,40.51,
"2012-12-11",37,2012-12-12 02:00:00,1485.601,2012-12-12 01:14:29,1398.64,118.31,1516.95,40.51,
"2012-12-11",38,2012-12-12 02:30:00,1469.02,2012-12-12 01:44:25,1420.57,114.21,1534.78,53.42,
"2012-12-11",39,2012-12-12 03:00:00,1505.359,2012-12-12 02:14:28,1445.21,100.48,1545.69,53.42,
"2012-12-11",40,2012-12-12 03:30:00,1522.147,2012-12-12 02:44:54,1438.68,110.85,1549.53,53.42,
"2012-12-11",41,2012-12-12 04:00:00,1536.807,2012-12-12 03:14:59,1500.73,61.29,1562.02,59.52,
"2012-12-11",42,2012-12-12 04:30:00,1542.753,2012-12-12 03:44:44,1533,41.62,1574.62,59.52,
"2012-12-11",43,2012-12-12 05:00:00,1630.789,2012-12-12 04:14:55,1563.05,56.85,1619.9,60.35,
"2012-12-11",44,2012-12-12 05:30:00,1712.268,2012-12-12 04:39:53,1670.42,48.17,1718.59,61.71,
"2012-12-11",45,2012-12-12 06:00:00,1832.174,2012-12-12 05:15:00,1819.04,43.02,1862.06,71.38,
"2012-12-11",46,2012-12-12 06:30:00,1975.191,2012-12-12 05:40:28,1893.29,71.38,1964.67,75.65,
"2012-12-11",47,2012-12-12 07:00:00,2115.508,2012-12-12 06:10:46,2026.2,80.5,2106.7,70.6,
"2012-12-11",48,2012-12-12 07:30:00,2106.376,2012-12-12 06:40:13,2089.93,89.54,2179.47,70.6,
"2012-12-12",1,2012-12-12 08:00:00,2194.328,2012-12-12 07:10:26,2085.14,126.96,2212.1,59.11,
"2012-12-12",2,2012-12-12 08:30:00,2234.115,2012-12-12 07:40:28,2183.84,73.97,2257.81,64.88,
"2012-12-12",3,2012-12-12 09:00:00,2270.481,2012-12-12 08:10:34,2170.17,103.42,2273.59,61.65,
"2012-12-12",4,2012-12-12 09:30:00,2278.305,2012-12-12 08:40:52,2136.88,113.84,2250.72,61.79,
"2012-12-12",5,2012-12-12 10:00:00,2271.062,2012-12-12 09:10:57,2092.34,129.05,2221.39,60.05,
"2012-12-12",6,2012-12-12 10:30:00,2270.89,2012-12-12 09:41:06,2138.29,112.91,2251.2,61.65,
"2012-12-12",7,2012-12-12 11:00:00,2264.639,2012-12-12 10:10:51,2133.08,129.37,2262.45,58.75,
"2012-12-12",8,2012-12-12 11:30:00,2233.322,2012-12-12 10:40:57,2186.25,88.8,2275.05,61.65,
"2012-12-12",9,2012-12-12 12:00:00,2255.74,2012-12-12 11:11:17,2129.89,139.49,2269.38,58.17,
"2012-12-12",10,2012-12-12 12:30:00,2255.439,2012-12-12 11:41:30,2163.96,138.29,2302.25,59,
"2012-12-12",11,2012-12-12 13:00:00,2259.728,2012-12-12 12:11:09,2197.05,128.98,2326.03,59.11,
"2012-12-12",12,2012-12-12 13:30:00,2287.863,2012-12-12 12:41:33,2183.76,156.99,2340.75,61.65,
"2012-12-12",13,2012-12-12 14:00:00,2302.258,2012-12-12 13:11:23,2151.41,142.49,2293.9,60.05,
"2012-12-12",14,2012-12-12 14:30:00,2331.617,2012-12-12 13:41:26,1975.76,177.6,2153.36,53.78,
"2012-12-12",15,2012-12-12 15:00:00,2329.98,2012-12-12 14:11:32,1982.58,199.83,2182.41,53.69,
"2012-12-12",16,2012-12-12 15:30:00,2297.998,2012-12-12 14:41:53,2027.81,162.21,2190.02,54.23,
"2012-12-12",17,2012-12-12 16:00:00,2101.058,2012-12-12 15:11:45,2097.46,143.5,2240.96,50.3,
"2012-12-12",18,2012-12-12 16:30:00,2181.74,2012-12-12 15:42:06,2087.55,166.85,2254.4,51.26,
"2012-12-12",19,2012-12-12 17:00:00,2168.317,2012-12-12 16:12:07,2113.02,159.46,2272.48,58.17,
"2012-12-12",20,2012-12-12 17:30:00,2165.578,2012-12-12 16:42:07,2100.38,135.28,2235.66,61.39,
"2012-12-12",21,2012-12-12 18:00:00,2174.248,2012-12-12 17:12:21,2099.36,145.11,2244.47,62.23,
"2012-12-12",22,2012-12-12 18:30:00,2169.829,2012-12-12 17:42:33,2121.31,117.98,2239.29,60.6,
"2012-12-12",23,2012-12-12 19:00:00,2195.491,2012-12-12 18:12:23,2135.44,103.25,2238.69,60.52,
"2012-12-12",24,2012-12-12 19:30:00,2228.788,2012-12-12 18:42:14,2105.2,93.96,2199.16,60.49,
"2012-12-12",25,2012-12-12 20:00:00,2179.376,2012-12-12 19:12:15,2022.49,111.45,2133.94,60.53,
"2012-12-12",26,2012-12-12 20:30:00,2112.542,2012-12-12 19:42:41,1970.73,101.73,2072.46,60.57,
"2012-12-12",27,2012-12-12 21:00:00,1966.258,2012-12-12 20:12:47,1907.76,86.33,1994.09,40.11,
"2012-12-12",28,2012-12-12 21:30:00,1892.778,2012-12-12 20:42:45,1846.53,74.31,1920.84,35.91,
"2012-12-12",29,2012-12-12 22:00:00,1777.601,2012-12-12 21:12:56,1709.97,120.22,1830.19,40.25,
"2012-12-12",30,2012-12-12 22:30:00,1705.744,2012-12-12 21:43:02,1626.89,135.81,1762.7,53.42,
"2012-12-12",31,2012-12-12 23:00:00,1719.925,2012-12-12 22:12:44,1586.29,111.94,1698.23,59.22,
"2012-12-12",32,2012-12-12 23:30:00,1683.181,2012-12-12 22:43:05,1570.32,82.26,1652.58,57.99,
"2012-12-12",33,2012-12-13 00:00:00,1592.244,2012-12-12 23:12:58,1535.56,76.07,1611.63,59.51,
"2012-12-12",34,2012-12-13 00:30:00,1552.94,2012-12-12 23:12:58,1483.47,68.78,1552.25,53.42,
"2012-12-12",35,2012-12-13 01:00:00,1529.556,2012-12-12 23:12:58,1480.48,58.94,1539.42,53.42,
"2012-12-12",36,2012-12-13 01:30:00,1513.459,2012-12-13 00:43:11,1464.48,59.15,1523.63,53.42,
"2012-12-12",37,2012-12-13 02:00:00,1504.958,2012-12-13 01:13:37,1446.19,71.43,1517.62,53.42,
"2012-12-12",38,2012-12-13 02:30:00,1483.102,2012-12-13 01:43:45,1444.29,67.03,1511.32,53.42,
"2012-12-12",39,2012-12-13 03:00:00,1488.082,2012-12-13 02:13:25,1427.65,83.07,1510.72,53.42,
"2012-12-12",40,2012-12-13 03:30:00,1490.448,2012-12-13 02:43:52,1422.26,93.63,1515.89,53.42,
"2012-12-12",41,2012-12-13 04:00:00,1508.998,2012-12-13 03:13:45,1439.04,92.68,1531.72,53.42,
"2012-12-12",42,2012-12-13 04:30:00,1529.317,2012-12-13 03:43:49,1445.58,117.32,1562.9,53.42,
"2012-12-12",43,2012-12-13 05:00:00,1587.365,2012-12-13 04:13:52,1486.11,109.26,1595.37,53.42,
"2012-12-12",44,2012-12-13 05:30:00,1711.537,2012-12-13 04:44:25,1565.33,116.47,1681.8,55.12,
"2012-12-12",45,2012-12-13 06:00:00,1838.051,2012-12-13 05:14:02,1742.44,111.76,1854.2,59.52,
"2012-12-12",46,2012-12-13 06:30:00,1961.046,2012-12-13 05:44:07,1802.09,128.48,1930.57,53.42,
"2012-12-12",47,2012-12-13 07:00:00,2091.563,2012-12-13 06:14:26,1943.97,126.03,2070,64.53,
"2012-12-12",48,2012-12-13 07:30:00,2144.754,2012-12-13 06:44:30,2041.02,104.18,2145.2,67.54,
"2012-12-13",1,2012-12-13 08:00:00,2178.915,2012-12-13 07:14:46,2116.31,77.69,2194,58.17,
"2012-12-13",2,2012-12-13 08:30:00,2168.349,2012-12-13 07:44:46,2133.77,67.96,2201.73,66.33,
"2012-12-13",3,2012-12-13 09:00:00,2170.471,2012-12-13 08:14:30,2150.72,78.59,2229.31,66.33,
"2012-12-13",4,2012-12-13 09:30:00,2211.357,2012-12-13 08:44:55,2134.26,80.69,2214.95,66.33,
"2012-12-13",5,2012-12-13 10:00:00,2239.141,2012-12-13 09:14:43,2150.26,67.93,2218.19,66.52,
"2012-12-13",6,2012-12-13 10:30:00,2233.031,2012-12-13 09:39:59,2162.13,71.58,2233.71,66.77,
"2012-12-13",7,2012-12-13 11:00:00,2236.01,2012-12-13 10:14:52,2179.01,53.17,2232.18,67.03,
"2012-12-13",8,2012-12-13 11:30:00,2248.1,2012-12-13 10:40:14,2142.69,71.76,2214.45,67.29,
"2012-12-13",9,2012-12-13 12:00:00,2261.611,2012-12-13 11:14:57,2089.38,90.15,2179.53,67.36,
"2012-12-13",10,2012-12-13 12:30:00,2245.888,2012-12-13 11:40:24,2048.38,107.15,2155.53,58.32,
"2012-12-13",11,2012-12-13 13:00:00,2235.097,2012-12-13 12:10:31,2057.18,97.15,2154.33,59.11,
"2012-12-13",12,2012-12-13 13:30:00,2220.739,2012-12-13 12:40:17,2073.17,104.74,2177.91,58.18,
"2012-12-13",13,2012-12-13 14:00:00,2197.153,2012-12-13 13:10:28,2033.04,138.94,2171.98,40.09,
"2012-12-13",14,2012-12-13 14:30:00,2156.911,2012-12-13 13:40:45,2029.68,141.94,2171.62,40.05,
"2012-12-13",15,2012-12-13 15:00:00,2165.121,2012-12-13 14:10:49,2099.86,124.62,2224.48,58.17,
"2012-12-13",16,2012-12-13 15:30:00,2199.448,2012-12-13 14:41:01,2098.22,135.3,2233.52,58.17,
"2012-12-13",17,2012-12-13 16:00:00,2221.276,2012-12-13 15:11:08,2103.8,204.53,2308.33,58.17,
"2012-12-13",18,2012-12-13 16:30:00,2198.263,2012-12-13 15:41:03,2124.64,162.64,2287.28,60.05,
"2012-12-13",19,2012-12-13 17:00:00,2189.588,2012-12-13 16:10:56,2200.1,123.66,2323.76,66.5,
"2012-12-13",20,2012-12-13 17:30:00,2109.586,2012-12-13 16:41:23,2249.36,54.75,2304.11,66.59,
"2012-12-13",21,2012-12-13 18:00:00,2180.522,2012-12-13 17:11:26,2231.5,78.35,2309.85,66.66,
"2012-12-13",22,2012-12-13 18:30:00,2270.845,2012-12-13 17:41:26,2199.37,92.49,2291.86,66.68,
"2012-12-13",23,2012-12-13 19:00:00,2204.021,2012-12-13 18:11:29,2215.37,106.85,2322.22,66.68,
"2012-12-13",24,2012-12-13 19:30:00,2289.443,2012-12-13 18:41:36,2207.02,142.63,2349.65,66.68,
"2012-12-13",25,2012-12-13 20:00:00,2235.913,2012-12-13 19:11:29,2147.65,137.81,2285.46,66.68,
"2012-12-13",26,2012-12-13 20:30:00,2186.275,2012-12-13 19:41:34,2088.97,133.4,2222.37,59.11,
"2012-12-13",27,2012-12-13 21:00:00,2087.942,2012-12-13 20:11:26,1967.41,146.74,2114.15,39.26,
"2012-12-13",28,2012-12-13 21:30:00,1991.444,2012-12-13 20:11:26,1842.2,166.03,2008.23,36.1,
"2012-12-13",29,2012-12-13 22:00:00,1899.037,2012-12-13 20:11:26,1766.67,155.43,1922.1,58.09,
"2012-12-13",30,2012-12-13 22:30:00,1813.892,2012-12-13 20:11:26,1685.76,142.78,1828.54,54.75,
"2012-12-13",31,2012-12-13 23:00:00,1755.211,2012-12-13 20:11:26,1618.41,120.2,1738.61,54.78,
"2012-12-13",32,2012-12-13 23:30:00,1700.913,2012-12-13 20:11:26,1559.42,114.55,1673.97,52.68,
"2012-12-13",33,2012-12-14 00:00:00,1618.56,2012-12-13 20:11:26,1539.56,99.34,1638.9,52.68,
"2012-12-13",34,2012-12-14 00:30:00,1585.55,2012-12-13 20:11:26,1524.15,84.26,1608.41,52.68,
"2012-12-13",35,2012-12-14 01:00:00,1562.89,2012-12-13 20:11:26,1468.36,106.14,1574.5,40.81,
"2012-12-13",36,2012-12-14 01:30:00,1550.479,2012-12-13 20:11:26,1455.16,107.4,1562.56,41,
"2012-12-13",37,2012-12-14 02:00:00,1542.305,2012-12-13 20:11:26,1422.76,129.51,1552.27,52.68,
"2012-12-13",38,2012-12-14 02:30:00,1537.432,2012-12-13 20:11:26,1416.31,134.55,1550.86,52.68,
"2012-12-13",39,2012-12-14 03:00:00,1532.937,2012-12-13 20:11:26,1415.16,111.32,1526.48,52.68,
"2012-12-13",40,2012-12-14 03:30:00,1556.623,2012-12-13 20:11:26,1396.56,140.52,1537.08,31.64,
"2012-12-13",41,2012-12-14 04:00:00,1596.963,2012-12-13 20:11:27,1422.4,122.13,1544.53,31.63,
"2012-12-13",42,2012-12-14 04:30:00,1631.838,2012-12-13 20:11:27,1423.59,134.31,1557.9,31.63,
"2012-12-13",43,2012-12-14 05:00:00,1703.97,2012-12-13 20:11:27,1468.06,141.83,1609.89,31.88,
"2012-12-13",44,2012-12-14 05:30:00,1823.562,2012-12-13 20:11:27,1565.32,121.28,1686.6,52.68,
"2012-12-13",45,2012-12-14 06:00:00,1964.555,2012-12-13 20:11:27,1734.42,107.75,1842.17,62.45,
"2012-12-13",46,2012-12-14 06:30:00,2092.836,2012-12-13 20:11:27,1880.24,59.81,1940.05,61.94,
"2012-12-13",47,2012-12-14 07:00:00,2190.839,2012-12-13 20:11:27,2019.78,55.11,2074.89,63.07,
"2012-12-13",48,2012-12-14 07:30:00,2220.948,2012-12-13 20:11:27,2060.31,59.64,2119.95,62.61,
"2012-12-14",1,2012-12-14 08:00:00,2226.52,2012-12-13 20:11:27,2103.34,51.63,2154.97,62.39,
"2012-12-14",2,2012-12-14 08:30:00,2236.627,2012-12-13 20:11:27,2139.46,73.31,2212.77,62.25,
"2012-12-14",3,2012-12-14 09:00:00,2240.636,2012-12-13 20:11:27,2162.33,69.44,2231.77,62.27,
"2012-12-14",4,2012-12-14 09:30:00,2246.365,2012-12-13 20:11:27,2184.52,70.3,2254.82,62.37,
"2012-12-14",5,2012-12-14 10:00:00,2243.002,2012-12-14 09:14:38,2184.25,64.9,2249.15,66.45,
"2012-12-14",6,2012-12-14 10:30:00,2264.089,2012-12-14 09:44:52,2197.63,79.62,2277.25,67.46,
"2012-12-14",7,2012-12-14 11:00:00,2186.912,2012-12-14 10:14:31,2199.34,83.66,2283,71.58,
"2012-12-14",8,2012-12-14 11:30:00,2192.185,2012-12-14 10:14:31,2174.35,92.09,2266.44,70.22,
"2012-12-14",9,2012-12-14 12:00:00,2195.638,2012-12-14 10:14:31,2172.97,98.57,2271.54,70.22,
"2012-12-14",10,2012-12-14 12:30:00,2258.561,2012-12-14 11:43:21,2126.53,126.28,2252.81,66.7,
"2012-12-14",11,2012-12-14 13:00:00,2231.629,2012-12-14 12:13:40,2131.04,127.63,2258.67,70.22,
"2012-12-14",12,2012-12-14 13:30:00,2251.201,2012-12-14 12:43:27,2110.33,142.28,2252.61,66.7,
"2012-12-14",13,2012-12-14 14:00:00,2249.538,2012-12-14 13:13:49,2070.55,158.67,2229.22,61.65,
"2012-12-14",14,2012-12-14 14:30:00,2266.014,2012-12-14 13:43:43,2129.64,156.81,2286.45,66.7,
"2012-12-14",15,2012-12-14 15:00:00,2269.495,2012-12-14 14:13:44,2164.32,181.13,2345.45,70.22,
"2012-12-14",16,2012-12-14 15:30:00,2234.64,2012-12-14 14:44:30,2172.32,188.45,2360.77,72.13,
"2012-12-14",17,2012-12-14 16:00:00,2297.676,2012-12-14 15:13:49,2190,172.42,2362.42,72.91,
"2012-12-14",18,2012-12-14 16:30:00,2290.705,2012-12-14 15:13:49,2171.01,168.8,2339.81,73.02,
"2012-12-14",19,2012-12-14 17:00:00,2260.942,2012-12-14 16:14:05,2140.01,171.95,2311.96,72.77,
"2012-12-14",20,2012-12-14 17:30:00,2252.989,2012-12-14 16:44:04,2104.79,181.87,2286.66,66.7,
"2012-12-14",21,2012-12-14 18:00:00,2214.094,2012-12-14 17:14:37,2062.47,184.75,2247.22,59.11,
"2012-12-14",22,2012-12-14 18:30:00,2174.133,2012-12-14 17:44:19,2026.67,197.04,2223.71,60.05,
"2012-12-14",23,2012-12-14 19:00:00,2186.04,2012-12-14 18:14:48,2055.85,185.95,2241.8,62.13,
"2012-12-14",24,2012-12-14 19:30:00,2228.813,2012-12-14 18:44:28,2069.68,184.95,2254.63,62.15,
"2012-12-14",25,2012-12-14 20:00:00,2174.13,2012-12-14 19:14:33,2042.52,175.28,2217.8,62.13,
"2012-12-14",26,2012-12-14 20:30:00,2114.133,2012-12-14 19:44:59,1965.03,189.72,2154.75,62.1,
"2012-12-14",27,2012-12-14 21:00:00,2042.779,2012-12-14 19:44:59,1866.19,206.82,2073.01,62.52,
"2012-12-14",28,2012-12-14 21:30:00,1952.285,2012-12-14 20:14:56,1763.49,229.02,1992.51,63.06,
"2012-12-14",29,2012-12-14 22:00:00,1880.87,2012-12-14 20:14:56,1698.17,214.48,1912.65,64.89,
"2012-12-14",30,2012-12-14 22:30:00,1802.798,2012-12-14 20:14:56,1646.65,200.46,1847.11,62.98,
"2012-12-14",31,2012-12-14 23:00:00,1734.432,2012-12-14 20:14:56,1577.47,190.4,1767.87,62.56,
"2012-12-14",32,2012-12-14 23:30:00,1671.488,2012-12-14 20:14:56,1524.09,196.41,1720.5,62.5,
"2012-12-14",33,2012-12-15 00:00:00,1621.958,2012-12-14 20:14:56,1486.09,179.45,1665.54,62.51,
"2012-12-14",34,2012-12-15 00:30:00,1583.405,2012-12-14 20:14:57,1448.86,175.31,1624.17,62.56,
"2012-12-14",35,2012-12-15 01:00:00,1556.057,2012-12-14 20:14:57,1440.74,155.8,1596.54,62.61,
"2012-12-14",36,2012-12-15 01:30:00,1539.286,2012-12-14 20:14:57,1453.54,126.32,1579.86,62.69,
"2012-12-14",37,2012-12-15 02:00:00,1527.507,2012-12-14 20:14:57,1461.96,105.21,1567.17,62.77,
"2012-12-14",38,2012-12-15 02:30:00,1518.522,2012-12-14 20:14:57,1452.55,114.72,1567.27,62.78,
"2012-12-14",39,2012-12-15 03:00:00,1510.231,2012-12-14 20:14:57,1432.56,123.16,1555.72,62.72,
"2012-12-14",40,2012-12-15 03:30:00,1514.117,2012-12-14 20:14:57,1430.92,124.58,1555.5,62.66,
"2012-12-14",41,2012-12-15 04:00:00,1521.078,2012-12-14 20:14:57,1433.44,134.4,1567.84,62.63,
"2012-12-14",42,2012-12-15 04:30:00,1523.302,2012-12-14 20:14:57,1441.61,102.61,1544.22,62.6,
"2012-12-14",43,2012-12-15 05:00:00,1540.165,2012-12-14 20:14:57,1476.69,77.65,1554.34,62.65,
"2012-12-14",44,2012-12-15 05:30:00,1580.346,2012-12-14 20:14:57,1504.24,76.01,1580.25,62.69,
"2012-12-14",45,2012-12-15 06:00:00,1631.02,2012-12-14 20:14:57,1594.82,56.1,1650.92,62.63,
"2012-12-14",46,2012-12-15 06:30:00,1710.896,2012-12-15 05:41:52,1653.99,36.35,1690.34,62.6,
"2012-12-14",47,2012-12-15 07:00:00,1795.194,2012-12-15 06:11:32,1691.75,59,1750.75,62.58,
"2012-12-14",48,2012-12-15 07:30:00,1842.566,2012-12-15 06:42:32,1736.5,89.8,1826.3,62.51,
"2012-12-15",1,2012-12-15 08:00:00,1897.915,2012-12-15 07:12:00,1813.69,82.26,1895.95,65.78,
"2012-12-15",2,2012-12-15 08:30:00,1928.567,2012-12-15 07:41:45,1886.65,70.16,1956.81,65.77,
"2012-12-15",3,2012-12-15 09:00:00,1958.716,2012-12-15 07:41:45,1912.12,49.13,1961.25,65.68,
"2012-12-15",4,2012-12-15 09:30:00,1944.237,2012-12-15 08:42:09,1928.43,45.22,1973.65,65.63,
"2012-12-15",5,2012-12-15 10:00:00,1965.058,2012-12-15 09:12:19,1922.35,49.64,1971.99,65.62,
"2012-12-15",6,2012-12-15 10:30:00,1981.031,2012-12-15 09:42:25,1917.93,66.68,1984.61,65.6,
"2012-12-15",7,2012-12-15 11:00:00,1983.153,2012-12-15 10:12:15,1935.91,52.81,1988.72,65.62,
"2012-12-15",8,2012-12-15 11:30:00,2094.432,2012-12-15 03:11:27,1928.6,66.24,1994.84,65.64,
"2012-12-15",9,2012-12-15 12:00:00,1991.734,2012-12-15 11:12:41,1897.74,75.18,1972.92,65.65,
"2012-12-15",10,2012-12-15 12:30:00,2003.311,2012-12-15 11:42:26,1919.7,87.4,2007.1,65.66,
"2012-12-15",11,2012-12-15 13:00:00,1991.889,2012-12-15 12:12:56,1942.88,63.88,2006.76,65.69,
"2012-12-15",12,2012-12-15 13:30:00,1970.375,2012-12-15 12:43:01,1927.28,82.99,2010.27,65.73,
"2012-12-15",13,2012-12-15 14:00:00,2052.572,2012-12-15 13:12:43,1885.17,135.78,2020.95,65.75,
"2012-12-15",14,2012-12-15 14:30:00,2041.805,2012-12-15 13:43:11,1906.21,143.28,2049.49,65.77,
"2012-12-15",15,2012-12-15 15:00:00,2046.895,2012-12-15 14:13:14,1919.76,151.94,2071.7,65.73,
"2012-12-15",16,2012-12-15 15:30:00,2053.408,2012-12-15 14:43:16,1947.83,153.2,2101.03,65.69,
"2012-12-15",17,2012-12-15 16:00:00,2094.462,2012-12-15 15:13:45,1966.18,161.3,2127.48,65.66,
"2012-12-15",18,2012-12-15 16:30:00,2151.748,2012-12-15 15:43:29,1982.17,171.18,2153.35,65.63,
"2012-12-15",19,2012-12-15 17:00:00,2088.279,2012-12-15 16:13:10,1994.59,168.68,2163.27,65.59,
"2012-12-15",20,2012-12-15 17:30:00,2133.989,2012-12-15 16:43:41,2009.27,164.11,2173.38,65.56,
"2012-12-15",21,2012-12-15 18:00:00,2107.989,2012-12-15 17:13:19,1997.44,150.84,2148.28,65.53,
"2012-12-15",22,2012-12-15 18:30:00,2148.186,2012-12-15 17:43:25,1998.88,130.16,2129.04,65.52,
"2012-12-15",23,2012-12-15 19:00:00,2170.172,2012-12-15 18:13:26,2026.79,118.23,2145.02,65.53,
"2012-12-15",24,2012-12-15 19:30:00,2120.591,2012-12-15 18:43:58,2028.57,127.31,2155.88,65.52,
"2012-12-15",25,2012-12-15 20:00:00,2113.023,2012-12-15 19:13:54,1937.47,150.55,2088.02,65.51,
"2012-12-15",26,2012-12-15 20:30:00,2055.527,2012-12-15 19:43:44,1902.34,161.99,2064.33,65.52,
"2012-12-15",27,2012-12-15 21:00:00,1955.909,2012-12-15 20:13:53,1799.52,183.55,1983.07,65.51,
"2012-12-15",28,2012-12-15 21:30:00,1933.421,2012-12-15 20:43:57,1753.23,181.35,1934.58,65.81,
"2012-12-15",29,2012-12-15 22:00:00,1861.484,2012-12-15 21:14:19,1709.7,169.21,1878.91,63.1,
"2012-12-15",30,2012-12-15 22:30:00,1770.383,2012-12-15 21:44:26,1623.62,182.17,1805.79,59.52,
"2012-12-15",31,2012-12-15 23:00:00,1672.633,2012-12-15 22:14:10,1490.59,242.09,1732.68,51.3,
"2012-12-15",32,2012-12-15 23:30:00,1688.119,2012-12-15 22:44:33,1431.56,261.83,1693.39,40.5,
"2012-12-15",33,2012-12-16 00:00:00,1670.576,2012-12-15 23:14:39,1408.35,232.34,1640.69,40.51,
"2012-12-15",34,2012-12-16 00:30:00,1627.593,2012-12-15 23:14:39,1383.72,224.03,1607.75,40.51,
"2012-12-15",35,2012-12-16 01:00:00,1596.311,2012-12-15 23:14:39,1373.43,209.93,1583.36,40.51,
"2012-12-15",36,2012-12-16 01:30:00,1539.976,2012-12-16 00:39:54,1340.43,220,1560.43,40.51,
"2012-12-15",37,2012-12-16 02:00:00,1542.545,2012-12-16 01:14:55,1328.03,221.55,1549.58,40.51,
"2012-12-15",38,2012-12-16 02:30:00,1531.903,2012-12-16 01:44:38,1335.31,206.83,1542.14,40.51,
"2012-12-15",39,2012-12-16 03:00:00,1489.657,2012-12-16 02:10:17,1344.95,184.84,1529.79,52.09,
"2012-12-15",40,2012-12-16 03:30:00,1492.246,2012-12-16 02:41:20,1351.77,175.75,1527.52,52.12,
"2012-12-15",41,2012-12-16 04:00:00,1498.107,2012-12-16 03:10:36,1332.03,181.09,1513.12,40.56,
"2012-12-15",42,2012-12-16 04:30:00,1482.483,2012-12-16 03:40:17,1339.26,169.78,1509.04,51.3,
"2012-12-15",43,2012-12-16 05:00:00,1496.788,2012-12-16 04:10:11,1344.92,156.87,1501.79,51.3,
"2012-12-15",44,2012-12-16 05:30:00,1498.619,2012-12-16 04:40:40,1335.3,173.76,1509.06,40.59,
"2012-12-15",45,2012-12-16 06:00:00,1523.885,2012-12-16 05:10:34,1374.87,165.44,1540.31,40.6,
"2012-12-15",46,2012-12-16 06:30:00,1592.85,2012-12-16 05:40:54,1419.54,145.06,1564.6,51.3,
"2012-12-15",47,2012-12-16 07:00:00,1656.541,2012-12-16 06:11:39,1524.42,122.95,1647.37,51.3,
"2012-12-15",48,2012-12-16 07:30:00,1663.635,2012-12-16 06:40:52,1571.16,122.59,1693.75,52.5,
"2012-12-16",1,2012-12-16 08:00:00,1703.315,2012-12-16 07:11:05,1645.57,92.06,1737.63,64.26,
"2012-12-16",2,2012-12-16 08:30:00,1750.337,2012-12-16 07:41:15,1727.48,77.93,1805.41,64.25,
"2012-12-16",3,2012-12-16 09:00:00,1843.263,2012-12-16 08:11:07,1769.58,56.38,1825.96,64.21,
"2012-12-16",4,2012-12-16 09:30:00,1830.199,2012-12-16 08:41:12,1824.98,46.83,1871.81,64.14,
"2012-12-16",5,2012-12-16 10:00:00,1873.958,2012-12-16 09:11:05,1883.17,54.08,1937.25,64.03,
"2012-12-16",6,2012-12-16 10:30:00,1909.478,2012-12-16 09:41:04,1924.51,44.67,1969.18,64.04,
"2012-12-16",7,2012-12-16 11:00:00,1964.439,2012-12-16 10:11:34,1936.22,47.03,1983.25,63.86,
"2012-12-16",8,2012-12-16 11:30:00,2016.51,2012-12-16 10:41:15,1940.8,74.11,2014.91,63.7,
"2012-12-16",9,2012-12-16 12:00:00,2041.07,2012-12-16 11:11:29,2004.49,77.8,2082.29,63.6,
"2012-12-16",10,2012-12-16 12:30:00,2052.273,2012-12-16 11:41:28,1995.81,96.68,2092.49,63.35,
"2012-12-16",11,2012-12-16 13:00:00,2089.699,2012-12-16 12:11:55,2011.93,96.54,2108.47,63.29,
"2012-12-16",12,2012-12-16 13:30:00,2130.69,2012-12-16 12:42:01,1995.91,110.38,2106.29,63.14,
"2012-12-16",13,2012-12-16 14:00:00,2107.381,2012-12-16 13:11:58,2004.03,122.94,2126.97,62.9,
"2012-12-16",14,2012-12-16 14:30:00,2135.235,2012-12-16 13:42:02,2025.67,131.73,2157.4,62.62,
"2012-12-16",15,2012-12-16 15:00:00,2171.565,2012-12-16 14:12:11,2058.99,135.66,2194.65,62.24,
"2012-12-16",16,2012-12-16 15:30:00,2189.634,2012-12-16 14:41:54,2095.28,137.93,2233.21,66.7,
"2012-12-16",17,2012-12-16 16:00:00,2207.295,2012-12-16 15:12:37,2108.3,141.22,2249.52,66.7,
"2012-12-16",18,2012-12-16 16:30:00,2233.554,2012-12-16 15:42:56,2132.13,132.45,2264.58,69.05,
"2012-12-16",19,2012-12-16 17:00:00,2224.488,2012-12-16 16:12:16,2097.69,135.77,2233.46,69.05,
"2012-12-16",20,2012-12-16 17:30:00,2223.239,2012-12-16 16:42:16,2108.45,134.24,2242.69,69.05,
"2012-12-16",21,2012-12-16 18:00:00,2255.812,2012-12-16 17:12:45,2103.15,119.28,2222.43,69.05,
"2012-12-16",22,2012-12-16 18:30:00,2209.843,2012-12-16 17:42:43,2079.8,121.39,2201.19,66.7,
"2012-12-16",23,2012-12-16 19:00:00,2219.573,2012-12-16 18:12:35,2083.79,104.73,2188.52,67.24,
"2012-12-16",24,2012-12-16 19:30:00,2226.669,2012-12-16 18:42:55,2165.1,92.22,2257.32,73.99,
"2012-12-16",25,2012-12-16 20:00:00,2185.133,2012-12-16 19:12:45,2109.17,98.03,2207.2,71.7,
"2012-12-16",26,2012-12-16 20:30:00,2115.482,2012-12-16 19:43:03,2068.24,89.74,2157.98,70.6,
"2012-12-16",27,2012-12-16 21:00:00,2040.32,2012-12-16 20:13:12,1990.14,87.82,2077.96,63.46,
"2012-12-16",28,2012-12-16 21:30:00,1969.933,2012-12-16 20:42:54,1898.44,95.62,1994.06,63.82,
"2012-12-16",29,2012-12-16 22:00:00,1896.977,2012-12-16 21:13:06,1803.11,98.29,1901.4,62.81,
"2012-12-16",30,2012-12-16 22:30:00,1821.189,2012-12-16 21:43:32,1704,111.87,1815.87,62.98,
"2012-12-16",31,2012-12-16 23:00:00,1781.065,2012-12-16 22:13:12,1662.79,106.69,1769.48,63.13,
"2012-12-16",32,2012-12-16 23:30:00,1709.23,2012-12-16 22:43:18,1597.54,103.1,1700.64,62.96,
"2012-12-16",33,2012-12-17 00:00:00,1660.597,2012-12-16 23:13:24,1613.89,72.51,1686.4,64.14,
"2012-12-16",34,2012-12-17 00:30:00,1638.738,2012-12-16 23:13:24,1596.77,58.35,1655.12,64.1,
"2012-12-16",35,2012-12-17 01:00:00,1612.711,2012-12-16 23:13:24,1574.11,57.51,1631.62,64.1,
"2012-12-16",36,2012-12-17 01:30:00,1603.685,2012-12-17 00:44:02,1540.55,59.93,1600.48,64.1,
"2012-12-16",37,2012-12-17 02:00:00,1602.658,2012-12-17 01:14:01,1546.47,51.57,1598.04,62.74,
"2012-12-16",38,2012-12-17 02:30:00,1598.971,2012-12-17 01:43:50,1588.28,50.92,1639.2,62.74,
"2012-12-16",39,2012-12-17 03:00:00,1584.086,2012-12-17 02:13:58,1554.11,49.47,1603.58,62.74,
"2012-12-16",40,2012-12-17 03:30:00,1590.015,2012-12-17 02:44:04,1559.48,54.39,1613.87,62.74,
"2012-12-16",41,2012-12-17 04:00:00,1650.842,2012-12-17 03:14:30,1595.57,44.4,1639.97,62.78,
"2012-12-16",42,2012-12-17 04:30:00,1650.396,2012-12-17 03:44:29,1591.89,41.86,1633.75,61.93,
"2012-12-16",43,2012-12-17 05:00:00,1694.144,2012-12-17 04:14:15,1606,67.88,1673.88,61.19,
"2012-12-16",44,2012-12-17 05:30:00,1773.062,2012-12-17 04:44:22,1704.52,50.1,1754.62,61.37,
"2012-12-16",45,2012-12-17 06:00:00,1924.181,2012-12-17 05:14:47,1841.64,47.21,1888.85,74.64,
"2012-12-16",46,2012-12-17 06:30:00,2043.536,2012-12-17 05:39:51,1969.67,32.92,2002.59,82.03,
"2012-12-16",47,2012-12-17 07:00:00,2170.727,2012-12-17 06:14:37,2110.82,31.31,2142.13,85.33,
"2012-12-16",48,2012-12-17 07:30:00,2194.769,2012-12-17 06:44:46,2172.82,50.13,2222.95,95.81,
"2012-12-17",1,2012-12-17 08:00:00,2253.512,2012-12-17 07:10:09,2190.96,49.87,2240.83,93.08,
"2012-12-17",2,2012-12-17 08:30:00,2276.806,2012-12-17 07:39:48,2223.06,69.37,2292.43,85.33,
"2012-12-17",3,2012-12-17 09:00:00,2318.535,2012-12-17 08:14:57,2209.31,82.24,2291.55,84.46,
"2012-12-17",4,2012-12-17 09:30:00,2284.243,2012-12-17 08:30:02,2196.97,98.61,2295.58,83.47,
"2012-12-17",5,2012-12-17 10:00:00,2278.836,2012-12-17 09:10:26,2192.33,96.88,2289.21,79.05,
"2012-12-17",6,2012-12-17 10:30:00,2295.507,2012-12-17 09:40:05,2169.33,118.78,2288.11,71.15,
"2012-12-17",7,2012-12-17 11:00:00,2308.272,2012-12-17 10:10:12,2139.42,143.15,2282.57,66.7,
"2012-12-17",8,2012-12-17 11:30:00,2307.426,2012-12-17 10:40:16,2093.57,181.65,2275.22,61.65,
"2012-12-17",9,2012-12-17 12:00:00,2306.402,2012-12-17 11:10:24,2033.68,226.77,2260.45,58.17,
"2012-12-17",10,2012-12-17 12:30:00,2296.383,2012-12-17 11:40:40,2022.37,234.55,2256.92,58.17,
"2012-12-17",11,2012-12-17 13:00:00,2287.811,2012-12-17 12:10:48,1999.37,266.42,2265.79,55.04,
"2012-12-17",12,2012-12-17 13:30:00,2279.759,2012-12-17 12:41:00,2037.54,246.09,2283.63,58.17,
"2012-12-17",13,2012-12-17 14:00:00,2264.235,2012-12-17 13:10:41,2017.54,287.14,2304.68,39.77,
"2012-12-17",14,2012-12-17 14:30:00,2302.814,2012-12-17 13:41:13,2049.83,266.39,2316.22,55.08,
"2012-12-17",15,2012-12-17 15:00:00,2320.038,2012-12-17 14:11:10,2109.6,254.08,2363.68,58.17,
"2012-12-17",16,2012-12-17 15:30:00,2323.466,2012-12-17 14:41:02,2134.82,251.7,2386.52,58.17,
"2012-12-17",17,2012-12-17 16:00:00,2341.042,2012-12-17 15:11:40,2175.53,225.6,2401.13,60.38,
"2012-12-17",18,2012-12-17 16:30:00,2356.966,2012-12-17 15:41:23,2199.97,186.99,2386.96,65.21,
"2012-12-17",19,2012-12-17 17:00:00,2333.767,2012-12-17 16:11:08,2243.89,154.66,2398.55,66.7,
"2012-12-17",20,2012-12-17 17:30:00,2307.491,2012-12-17 16:41:29,2205.13,136.19,2341.32,66.7,
"2012-12-17",21,2012-12-17 18:00:00,2308.792,2012-12-17 17:11:23,2171.99,140.79,2312.78,64.81,
"2012-12-17",22,2012-12-17 18:30:00,2297.653,2012-12-17 17:41:37,2165.07,159.2,2324.27,58.17,
"2012-12-17",23,2012-12-17 19:00:00,2307.643,2012-12-17 18:11:47,2150.42,173.86,2324.28,58.17,
"2012-12-17",24,2012-12-17 19:30:00,2290.496,2012-12-17 18:41:34,2159.83,192.02,2351.85,66.7,
"2012-12-17",25,2012-12-17 20:00:00,2200.465,2012-12-17 19:11:50,2070.63,199.33,2269.96,53.36,
"2012-12-17",26,2012-12-17 20:30:00,2176.343,2012-12-17 19:41:45,1999.16,216.67,2215.83,40.06,
"2012-12-17",27,2012-12-17 21:00:00,2079.574,2012-12-17 20:12:02,1878.84,232.89,2111.73,40.73,
"2012-12-17",28,2012-12-17 21:30:00,1981.266,2012-12-17 20:42:07,1750.79,226.88,1977.67,40.64,
"2012-12-17",29,2012-12-17 22:00:00,1901.683,2012-12-17 21:12:18,1704.96,198.2,1903.16,58.17,
"2012-12-17",30,2012-12-17 22:30:00,1831.291,2012-12-17 21:42:00,1602.08,199.75,1801.83,53.42,
"2012-12-17",31,2012-12-17 23:00:00,1731.986,2012-12-17 22:12:18,1546.95,199.74,1746.69,40.57,
"2012-12-17",32,2012-12-17 23:30:00,1661.519,2012-12-17 22:42:30,1488.83,220.77,1709.6,31.6,
"2012-12-17",33,2012-12-18 00:00:00,1625.692,2012-12-17 23:12:39,1463.9,208.02,1671.92,40.43,
"2012-12-17",34,2012-12-18 00:30:00,1587.921,2012-12-17 23:12:39,1446.63,199.15,1645.78,40.45,
"2012-12-17",35,2012-12-18 01:00:00,1562.476,2012-12-17 23:12:39,1466.46,143.08,1609.54,53.42,
"2012-12-17",36,2012-12-18 01:30:00,1610.321,2012-12-18 00:42:53,1494.76,130.16,1624.92,53.42,
"2012-12-17",37,2012-12-18 02:00:00,1584.042,2012-12-18 01:12:39,1496.06,123.46,1619.52,58.17,
"2012-12-17",38,2012-12-18 02:30:00,1570.401,2012-12-18 01:43:09,1452.16,140.25,1592.41,53.42,
"2012-12-17",39,2012-12-18 03:00:00,1584.544,2012-12-18 02:13:00,1461.62,139.62,1601.24,53.42,
"2012-12-17",40,2012-12-18 03:30:00,1620.048,2012-12-18 02:42:56,1485.85,134.46,1620.31,53.42,
"2012-12-17",41,2012-12-18 04:00:00,1610.381,2012-12-18 03:13:23,1490.76,147.09,1637.85,53.42,
"2012-12-17",42,2012-12-18 04:30:00,1614.249,2012-12-18 03:42:58,1511.2,158.56,1669.76,40.48,
"2012-12-17",43,2012-12-18 05:00:00,1690.801,2012-12-18 04:13:18,1539.94,173.27,1713.21,40.45,
"2012-12-17",44,2012-12-18 05:30:00,1796.881,2012-12-18 04:43:38,1643.63,136.5,1780.13,53.42,
"2012-12-17",45,2012-12-18 06:00:00,1955.079,2012-12-18 05:13:18,1815.17,124.62,1939.79,65.81,
"2012-12-17",46,2012-12-18 06:30:00,2077.246,2012-12-18 05:43:25,1932.32,122.49,2054.81,64.89,
"2012-12-17",47,2012-12-18 07:00:00,2195.934,2012-12-18 06:14:28,2069.43,107.66,2177.09,64.5,
"2012-12-17",48,2012-12-18 07:30:00,2270.68,2012-12-18 06:44:02,2107.53,106.8,2214.33,63.9,
"2012-12-18",1,2012-12-18 08:00:00,2319.993,2012-12-18 07:13:57,2166.83,94.29,2261.12,63.5,
"2012-12-18",2,2012-12-18 08:30:00,2334.544,2012-12-18 07:44:11,2234.42,63.62,2298.04,69.05,
"2012-12-18",3,2012-12-18 09:00:00,2329.474,2012-12-18 08:13:53,2255.32,46.63,2301.95,70.6,
"2012-12-18",4,2012-12-18 09:30:00,2288.41,2012-12-18 08:44:12,2293.35,43.31,2336.66,73.99,
"2012-12-18",5,2012-12-18 10:00:00,2329.344,2012-12-18 09:14:17,2285.44,42.59,2328.03,73.99,
"2012-12-18",6,2012-12-18 10:30:00,2332.161,2012-12-18 09:44:06,2304.03,46.49,2350.52,73.99,
"2012-12-18",7,2012-12-18 11:00:00,2374.472,2012-12-18 10:14:10,2311.97,46.2,2358.17,73.99,
"2012-12-18",8,2012-12-18 11:30:00,2348.995,2012-12-18 10:44:36,2280.93,62.32,2343.25,70.6,
"2012-12-18",9,2012-12-18 12:00:00,2364.206,2012-12-18 11:14:34,2256.88,73.43,2330.31,67.82,
"2012-12-18",10,2012-12-18 12:30:00,2373.053,2012-12-18 11:44:55,2244.2,101.24,2345.44,65.76,
"2012-12-18",11,2012-12-18 13:00:00,2350.945,2012-12-18 12:14:54,2213.62,121.3,2334.92,64.21,
"2012-12-18",12,2012-12-18 13:30:00,2394.423,2012-12-18 12:44:50,2188.95,130.65,2319.6,64.42,
"2012-12-18",13,2012-12-18 14:00:00,2361.824,2012-12-18 13:14:42,2155.48,155.47,2310.95,40.18,
"2012-12-18",14,2012-12-18 14:30:00,2326.562,2012-12-18 13:44:43,2140.79,184.33,2325.12,40.17,
"2012-12-18",15,2012-12-18 15:00:00,2337.516,2012-12-18 14:14:46,2130.89,197.27,2328.16,40.15,
"2012-12-18",16,2012-12-18 15:30:00,2316.001,2012-12-18 14:44:57,2141.06,196.28,2337.34,40.19,
"2012-12-18",17,2012-12-18 16:00:00,2365.106,2012-12-18 15:09:54,2138.48,215.78,2354.26,40.25,
"2012-12-18",18,2012-12-18 16:30:00,2339.81,2012-12-18 15:40:03,2136,217.4,2353.4,40.3,
"2012-12-18",19,2012-12-18 17:00:00,2310.69,2012-12-18 16:10:23,2093.51,226.76,2320.27,40.34,
"2012-12-18",20,2012-12-18 17:30:00,2305.654,2012-12-18 16:40:38,2075.92,224.48,2300.4,40.36,
"2012-12-18",21,2012-12-18 18:00:00,2264.89,2012-12-18 17:10:18,2042.84,215.92,2258.76,40.36,
"2012-12-18",22,2012-12-18 18:30:00,2246.195,2012-12-18 17:40:25,2035.71,223.78,2259.49,40.36,
"2012-12-18",23,2012-12-18 19:00:00,2262.742,2012-12-18 18:10:29,1997.28,262.55,2259.83,40.37,
"2012-12-18",24,2012-12-18 19:30:00,2276.663,2012-12-18 18:40:49,1990.11,304.18,2294.29,40.37,
"2012-12-18",25,2012-12-18 20:00:00,2223.432,2012-12-18 19:10:34,1932.83,306.22,2239.05,40.37,
"2012-12-18",26,2012-12-18 20:30:00,2162.07,2012-12-18 19:40:39,1858.54,287.79,2146.33,40.38,
"2012-12-18",27,2012-12-18 21:00:00,2057.361,2012-12-18 20:11:11,1780.58,280.64,2061.22,40.41,
"2012-12-18",28,2012-12-18 21:30:00,1983.82,2012-12-18 20:41:04,1691.51,272.24,1963.75,31.59,
"2012-12-18",29,2012-12-18 22:00:00,1875.527,2012-12-18 21:11:16,1639.35,232.65,1872,40.64,
"2012-12-18",30,2012-12-18 22:30:00,1773.26,2012-12-18 21:41:13,1590.74,213.91,1804.65,53.42,
"2012-12-18",31,2012-12-18 23:00:00,1736.629,2012-12-18 22:11:20,1444.36,273.9,1718.26,23.91,
"2012-12-18",32,2012-12-18 23:30:00,1670.203,2012-12-18 22:41:36,1349.38,311.12,1660.5,-19.84,
"2012-12-18",33,2012-12-19 00:00:00,1626.92,2012-12-18 23:11:13,1323.49,285.61,1609.1,-12.18,
"2012-12-18",34,2012-12-19 00:30:00,1587.721,2012-12-18 23:11:13,1297.32,275.88,1573.2,-40.71,
"2012-12-18",35,2012-12-19 01:00:00,1561.975,2012-12-18 23:11:13,1308.47,257.59,1566.06,-33.96,
"2012-12-18",36,2012-12-19 01:30:00,1518.702,2012-12-19 00:41:30,1292.84,256.84,1549.68,-35.79,
"2012-12-18",37,2012-12-19 02:00:00,1537.875,2012-12-19 01:11:46,1282.77,254.61,1537.38,-31.99,
"2012-12-18",38,2012-12-19 02:30:00,1561.732,2012-12-19 01:42:02,1275.63,254.51,1530.14,-39.99,
"2012-12-18",39,2012-12-19 03:00:00,1526.604,2012-12-19 02:11:43,1297.42,251.98,1549.4,-31.86,
"2012-12-18",40,2012-12-19 03:30:00,1528.55,2012-12-19 02:41:52,1299.24,240.6,1539.84,-31.86,
"2012-12-18",41,2012-12-19 04:00:00,1545.835,2012-12-19 03:12:24,1320.98,235.49,1556.47,-32.05,
"2012-12-18",42,2012-12-19 04:30:00,1565.669,2012-12-19 03:42:01,1314.8,248.67,1563.47,-38.17,
"2012-12-18",43,2012-12-19 05:00:00,1628.693,2012-12-19 04:12:06,1383.3,229.32,1612.62,-12.73,
"2012-12-18",44,2012-12-19 05:30:00,1735.208,2012-12-19 04:42:42,1426.31,257.17,1683.48,6.55,
"2012-12-18",45,2012-12-19 06:00:00,1861.899,2012-12-19 05:12:44,1586.04,233.08,1819.12,24.71,
"2012-12-18",46,2012-12-19 06:30:00,1986.119,2012-12-19 05:42:30,1706.08,207.97,1914.05,41.54,
"2012-12-18",47,2012-12-19 07:00:00,2097.509,2012-12-19 06:12:45,1817.01,186.06,2003.07,40.68,
"2012-12-18",48,2012-12-19 07:30:00,2126.708,2012-12-19 06:42:57,1871.28,187.73,2059.01,40.37,
"2012-12-19",1,2012-12-19 08:00:00,2161.593,2012-12-19 07:12:57,1972.23,133.94,2106.17,40.35,
"2012-12-19",2,2012-12-19 08:30:00,2187.974,2012-12-19 07:42:44,2040.21,109.66,2149.87,40.33,
"2012-12-19",3,2012-12-19 09:00:00,2173.683,2012-12-19 08:13:13,2009.45,126.24,2135.69,40.34,
"2012-12-19",4,2012-12-19 09:30:00,2193.531,2012-12-19 08:42:57,2034.92,112.85,2147.77,40.35,
"2012-12-19",5,2012-12-19 10:00:00,2213.802,2012-12-19 09:13:24,2068.11,108.36,2176.47,40.36,
"2012-12-19",6,2012-12-19 10:30:00,2219.646,2012-12-19 09:43:02,2056.28,103.11,2159.39,40.37,
"2012-12-19",7,2012-12-19 11:00:00,2202.499,2012-12-19 10:13:21,2046.15,97.27,2143.42,40.37,
"2012-12-19",8,2012-12-19 11:30:00,2246.43,2012-12-19 10:43:30,2127.36,97.93,2225.29,40.37,
"2012-12-19",9,2012-12-19 12:00:00,2228.571,2012-12-19 11:13:33,2111.39,106.86,2218.25,40.37,
"2012-12-19",10,2012-12-19 12:30:00,2255.8,2012-12-19 11:43:24,2116.6,126.09,2242.69,40.37,
"2012-12-19",11,2012-12-19 13:00:00,2278.151,2012-12-19 12:13:53,2140.53,132.57,2273.1,57.99,
"2012-12-19",12,2012-12-19 13:30:00,2293.418,2012-12-19 12:44:01,2092.97,129.89,2222.86,40.31,
"2012-12-19",13,2012-12-19 14:00:00,2308.171,2012-12-19 13:13:41,2082.43,170.71,2253.14,55.73,
"2012-12-19",14,2012-12-19 14:30:00,2359.732,2012-12-19 13:43:47,2075.43,173.97,2249.4,55.42,
"2012-12-19",15,2012-12-19 15:00:00,2366.858,2012-12-19 14:13:51,2205.47,180.75,2386.22,58.17,
"2012-12-19",16,2012-12-19 15:30:00,2339.15,2012-12-19 14:44:20,2244.81,173.49,2418.3,60.05,
"2012-12-19",17,2012-12-19 16:00:00,2434.08,2012-12-19 15:13:59,2250.29,166.37,2416.66,61.83,
"2012-12-19",18,2012-12-19 16:30:00,2424.309,2012-12-19 15:44:20,2245.57,166.46,2412.03,63.72,
"2012-12-19",19,2012-12-19 17:00:00,2393.651,2012-12-19 16:14:09,2261.14,161.47,2422.61,70.2,
"2012-12-19",20,2012-12-19 17:30:00,2392.485,2012-12-19 16:44:13,2252.51,160.89,2413.4,78.77,
"2012-12-19",21,2012-12-19 18:00:00,2344.409,2012-12-19 17:14:16,2205.15,167.7,2372.85,70.2,
"2012-12-19",22,2012-12-19 18:30:00,2335.577,2012-12-19 17:14:16,2189.25,166.29,2355.54,68.66,
"2012-12-19",23,2012-12-19 19:00:00,2356.233,2012-12-19 17:14:16,2191.49,175.37,2366.86,68.66,
"2012-12-19",24,2012-12-19 19:30:00,2382.813,2012-12-19 18:44:30,2185.93,211.58,2397.51,68.13,
"2012-12-19",25,2012-12-19 20:00:00,2349.257,2012-12-19 19:14:40,2089.41,224.95,2314.36,43.32,
"2012-12-19",26,2012-12-19 20:30:00,2264.308,2012-12-19 19:44:41,2025.52,246.49,2272.01,39.26,
"2012-12-19",27,2012-12-19 21:00:00,2168.757,2012-12-19 20:14:51,1874.76,279.48,2154.24,34.68,
"2012-12-19",28,2012-12-19 21:30:00,2077.831,2012-12-19 20:44:49,1789.71,287.69,2077.4,33.88,
"2012-12-19",29,2012-12-19 22:00:00,1981.748,2012-12-19 21:14:56,1697.34,288.67,1986.01,43.97,
"2012-12-19",30,2012-12-19 22:30:00,1901.939,2012-12-19 21:40:29,1605.39,291.97,1897.36,53.42,
"2012-12-19",31,2012-12-19 23:00:00,1831.197,2012-12-19 22:10:33,1528.6,271.18,1799.78,43.61,
"2012-12-19",32,2012-12-19 23:30:00,1815.244,2012-12-19 22:40:10,1460.56,270.28,1730.84,34.97,
"2012-12-19",33,2012-12-20 00:00:00,1772.551,2012-12-19 23:10:29,1421.73,273.07,1694.8,34.82,
"2012-12-19",34,2012-12-20 00:30:00,1727.348,2012-12-19 23:10:29,1364.35,289.92,1654.27,34.99,
"2012-12-19",35,2012-12-20 01:00:00,1694.248,2012-12-19 23:10:29,1329.42,299.39,1628.81,6.51,
"2012-12-19",36,2012-12-20 01:30:00,1606.594,2012-12-20 00:40:33,1305.53,303.45,1608.98,-9.89,
"2012-12-19",37,2012-12-20 02:00:00,1618.385,2012-12-20 01:11:02,1288.06,295.59,1583.65,-13.75,
"2012-12-19",38,2012-12-20 02:30:00,1609.545,2012-12-20 01:40:46,1289.31,285.85,1575.16,-30.13,
"2012-12-19",39,2012-12-20 03:00:00,1610.813,2012-12-20 02:10:59,1290.55,274.92,1565.47,-28.08,
"2012-12-19",40,2012-12-20 03:30:00,1588.095,2012-12-20 02:40:57,1296.92,265.64,1562.56,-29.74,
"2012-12-19",41,2012-12-20 04:00:00,1605.793,2012-12-20 03:11:54,1299.84,291.77,1591.61,-36.33,
"2012-12-19",42,2012-12-20 04:30:00,1611.749,2012-12-20 03:41:36,1303.9,290.54,1594.44,-32.92,
"2012-12-19",43,2012-12-20 05:00:00,1683.808,2012-12-20 04:11:28,1362.92,286.18,1649.1,-11.88,
"2012-12-19",44,2012-12-20 05:30:00,1762.535,2012-12-20 04:41:46,1434.09,284.34,1718.43,22.98,
"2012-12-19",45,2012-12-20 06:00:00,1875.846,2012-12-20 05:11:22,1564.08,285.49,1849.57,36.2,
"2012-12-19",46,2012-12-20 06:30:00,2025.186,2012-12-20 05:41:26,1643.24,290.16,1933.4,36.29,
"2012-12-19",47,2012-12-20 07:00:00,2159.736,2012-12-20 06:12:14,1748.62,291.47,2040.09,27.28,
"2012-12-19",48,2012-12-20 07:30:00,2223.569,2012-12-20 06:41:50,1824.85,285.56,2110.41,45.67,
"2012-12-20",1,2012-12-20 08:00:00,2269.195,2012-12-20 07:11:57,1926.13,241.8,2167.93,40.28,
"2012-12-20",2,2012-12-20 08:30:00,2290.457,2012-12-20 07:42:10,2006.19,217.25,2223.44,40.3,
"2012-12-20",3,2012-12-20 09:00:00,2337.887,2012-12-20 08:11:58,2058.94,161.56,2220.5,40.19,
"2012-12-20",4,2012-12-20 09:30:00,2299.248,2012-12-20 08:42:13,2140.64,116.58,2257.22,44.55,
"2012-12-20",5,2012-12-20 10:00:00,2301.091,2012-12-20 09:12:22,2220.04,81.46,2301.5,44.48,
"2012-12-20",6,2012-12-20 10:30:00,2347.112,2012-12-20 09:42:22,2280.15,60.5,2340.65,40.18,
"2012-12-20",7,2012-12-20 11:00:00,2383.659,2012-12-20 10:12:15,2332.82,58.71,2391.53,40.22,
"2012-12-20",8,2012-12-20 11:30:00,2425.435,2012-12-20 10:42:13,2381.84,70.81,2452.65,52.07,
"2012-12-20",9,2012-12-20 12:00:00,2440.987,2012-12-20 11:12:27,2426.94,67.07,2494.01,50.9,
"2012-12-20",10,2012-12-20 12:30:00,2485.462,2012-12-20 11:42:25,2477.46,65.94,2543.4,55.72,
"2012-12-20",11,2012-12-20 13:00:00,2557.214,2012-12-20 12:12:32,2491.93,86.93,2578.86,55.89,
"2012-12-20",12,2012-12-20 13:30:00,2656.43,2012-12-20 12:43:06,2514.69,119.17,2633.86,56.19,
"2012-12-20",13,2012-12-20 14:00:00,2692.746,2012-12-20 13:13:08,2516,127.31,2643.31,55.06,
"2012-12-20",14,2012-12-20 14:30:00,2779.706,2012-12-20 13:43:20,2615.04,136.03,2751.07,58.17,
"2012-12-20",15,2012-12-20 15:00:00,2678.844,2012-12-20 14:13:08,2641.93,143.96,2785.89,58.17,
"2012-12-20",16,2012-12-20 15:30:00,2749.82,2012-12-20 14:42:53,2657.78,151.55,2809.33,58.17,
"2012-12-20",17,2012-12-20 16:00:00,2803.244,2012-12-20 15:13:03,2675.02,143.64,2818.66,58.17,
"2012-12-20",18,2012-12-20 16:30:00,2783.23,2012-12-20 15:43:24,2665.34,144.32,2809.66,58.17,
"2012-12-20",19,2012-12-20 17:00:00,2739.701,2012-12-20 16:13:11,2672.87,120.91,2793.78,59.11,
"2012-12-20",20,2012-12-20 17:30:00,2765.845,2012-12-20 16:43:33,2616.95,119.96,2736.91,58.17,
"2012-12-20",21,2012-12-20 18:00:00,2668.14,2012-12-20 17:13:40,2571,113.24,2684.24,56.19,
"2012-12-20",22,2012-12-20 18:30:00,2727.835,2012-12-20 17:43:31,2517.21,106.26,2623.47,50.86,
"2012-12-20",23,2012-12-20 19:00:00,2646.288,2012-12-20 18:13:39,2474.65,122.74,2597.39,47.39,
"2012-12-20",24,2012-12-20 19:30:00,2653.752,2012-12-20 18:43:53,2448.15,149.41,2597.56,44.01,
"2012-12-20",25,2012-12-20 20:00:00,2596.805,2012-12-20 19:13:48,2340.66,197.44,2538.1,40.07,
"2012-12-20",26,2012-12-20 20:30:00,2536.118,2012-12-20 19:43:53,2234.47,229.94,2464.41,39.92,
"2012-12-20",27,2012-12-20 21:00:00,2351.888,2012-12-20 20:14:06,2141.41,219.84,2361.25,40.1,
"2012-12-20",28,2012-12-20 21:30:00,2274.585,2012-12-20 20:44:03,1999.96,248.29,2248.25,37.94,
"2012-12-20",29,2012-12-20 22:00:00,2137.129,2012-12-20 21:14:08,1909.82,229.1,2138.92,39.26,
"2012-12-20",30,2012-12-20 22:30:00,2026.75,2012-12-20 21:44:19,1792.64,237.64,2030.28,53.42,
"2012-12-20",31,2012-12-20 23:00:00,1934.614,2012-12-20 22:14:16,1720.52,224.08,1944.6,58.93,
"2012-12-20",32,2012-12-20 23:30:00,1871.134,2012-12-20 22:44:19,1652.07,211.66,1863.73,58.17,
"2012-12-20",33,2012-12-21 00:00:00,1809.76,2012-12-20 23:14:28,1611.16,211.45,1822.61,54.68,
"2012-12-20",34,2012-12-21 00:30:00,1767.277,2012-12-20 23:14:28,1578.9,210.99,1789.89,54.67,
"2012-12-20",35,2012-12-21 01:00:00,1718.991,2012-12-20 23:14:28,1548.57,211.42,1759.99,54.69,
"2012-12-20",36,2012-12-21 01:30:00,1690.811,2012-12-21 00:44:39,1522.69,229.03,1751.72,54.69,
"2012-12-20",37,2012-12-21 02:00:00,1687.564,2012-12-21 01:09:46,1513.24,218.53,1731.77,58.17,
"2012-12-20",38,2012-12-21 02:30:00,1690.228,2012-12-21 01:39:52,1507.54,214.91,1722.45,58.17,
"2012-12-20",39,2012-12-21 03:00:00,1710.271,2012-12-21 02:14:59,1494.72,219.52,1714.24,58.17,
"2012-12-20",40,2012-12-21 03:30:00,1723.523,2012-12-21 02:40:05,1467.72,247.33,1715.05,53.42,
"2012-12-20",41,2012-12-21 04:00:00,1706.585,2012-12-21 03:10:31,1462.13,245.59,1707.72,53.42,
"2012-12-20",42,2012-12-21 04:30:00,1735.132,2012-12-21 03:40:15,1450.5,245.5,1696,58.17,
"2012-12-20",43,2012-12-21 05:00:00,1778.442,2012-12-21 04:10:20,1501.09,233.27,1734.36,60.69,
"2012-12-20",44,2012-12-21 05:30:00,1837.612,2012-12-21 04:40:58,1599.46,216.17,1815.63,60.8,
"2012-12-20",45,2012-12-21 06:00:00,1942.9,2012-12-21 05:10:52,1775.68,190.7,1966.38,65.14,
"2012-12-20",46,2012-12-21 06:30:00,2036.133,2012-12-21 05:41:08,1888.56,166.86,2055.42,68.93,
"2012-12-20",47,2012-12-21 07:00:00,2178.91,2012-12-21 06:11:20,1961.89,194.24,2156.13,60.05,
"2012-12-20",48,2012-12-21 07:30:00,2251.336,2012-12-21 06:40:42,2025.03,212.19,2237.22,64.14,
"2012-12-21",1,2012-12-21 08:00:00,2310.419,2012-12-21 07:10:50,2128.6,199.27,2327.87,67.97,
"2012-12-21",2,2012-12-21 08:30:00,2330.63,2012-12-21 07:40:59,2203.44,183.46,2386.9,81.86,
"2012-12-21",3,2012-12-21 09:00:00,2350.955,2012-12-21 08:11:11,2232.4,172.52,2404.92,85.34,
"2012-12-21",4,2012-12-21 09:30:00,2430.325,2012-12-21 08:41:05,2269.05,172.3,2441.35,97.98,
"2012-12-21",5,2012-12-21 10:00:00,2422.703,2012-12-21 09:11:24,2249.12,183.77,2432.89,70.7,
"2012-12-21",6,2012-12-21 10:30:00,2472.527,2012-12-21 09:41:17,2264.33,207.79,2472.12,65.6,
"2012-12-21",7,2012-12-21 11:00:00,2476.988,2012-12-21 10:11:20,2289.29,206.58,2495.87,70.9,
"2012-12-21",8,2012-12-21 11:30:00,2533.889,2012-12-21 10:41:48,2260.14,231.72,2491.86,60.05,
"2012-12-21",9,2012-12-21 12:00:00,2555.864,2012-12-21 11:11:31,2262.51,202.46,2464.97,60.05,
"2012-12-21",10,2012-12-21 12:30:00,2527.619,2012-12-21 11:41:31,2273.56,195.08,2468.64,59.11,
"2012-12-21",11,2012-12-21 13:00:00,2536.377,2012-12-21 12:11:58,2266.63,203.92,2470.55,58.17,
"2012-12-21",12,2012-12-21 13:30:00,2578.956,2012-12-21 12:42:06,2337.18,158.06,2495.24,61.24,
"2012-12-21",13,2012-12-21 14:00:00,2547.275,2012-12-21 13:11:50,2295.92,195.52,2491.44,58.17,
"2012-12-21",14,2012-12-21 14:30:00,2520.831,2012-12-21 13:41:51,2335.71,181.83,2517.54,58.17,
"2012-12-21",15,2012-12-21 15:00:00,2562.573,2012-12-21 14:11:58,2354.32,189.91,2544.23,58.17,
"2012-12-21",16,2012-12-21 15:30:00,2549.066,2012-12-21 14:42:11,2335.63,223.52,2559.15,58.45,
"2012-12-21",17,2012-12-21 16:00:00,2540.301,2012-12-21 15:12:48,2390.5,217.35,2607.85,60.05,
"2012-12-21",18,2012-12-21 16:30:00,2513.529,2012-12-21 15:42:16,2295.81,256.33,2552.14,58.17,
"2012-12-21",19,2012-12-21 17:00:00,2531.25,2012-12-21 16:12:28,2270.55,256.76,2527.31,58.17,
"2012-12-21",20,2012-12-21 17:30:00,2493.235,2012-12-21 16:43:16,2239.37,216.03,2455.4,71.74,
"2012-12-21",21,2012-12-21 18:00:00,2400.513,2012-12-21 17:12:26,2133.75,237.72,2371.47,59.11,
"2012-12-21",22,2012-12-21 18:30:00,2346.821,2012-12-21 17:42:32,2070.1,284.96,2355.06,56.85,
"2012-12-21",23,2012-12-21 19:00:00,2319.327,2012-12-21 18:12:36,2083.78,281.41,2365.19,58.17,
"2012-12-21",24,2012-12-21 19:30:00,2345.878,2012-12-21 18:42:51,2085.02,293.77,2378.79,57.33,
"2012-12-21",25,2012-12-21 20:00:00,2314.197,2012-12-21 19:12:51,2066.32,282.18,2348.5,57.33,
"2012-12-21",26,2012-12-21 20:30:00,2333.097,2012-12-21 19:42:50,1991.58,277.03,2268.61,39.95,
"2012-12-21",27,2012-12-21 21:00:00,2181.797,2012-12-21 20:12:57,1932.77,238.06,2170.83,40.07,
"2012-12-21",28,2012-12-21 21:30:00,2155.843,2012-12-21 20:43:48,1901.79,187.45,2089.24,40.37,
"2012-12-21",29,2012-12-21 22:00:00,2035.084,2012-12-21 21:13:17,1818.74,193.31,2012.05,44.92,
"2012-12-21",30,2012-12-21 22:30:00,1984.68,2012-12-21 21:43:15,1737.2,194.32,1931.52,40.44,
"2012-12-21",31,2012-12-21 23:00:00,1853.328,2012-12-21 22:13:21,1665.17,157.08,1822.25,40.55,
"2012-12-21",32,2012-12-21 23:30:00,1757.457,2012-12-21 22:43:24,1631.92,144.3,1776.22,53.42,
"2012-12-21",33,2012-12-22 00:00:00,1775.719,2012-12-21 23:13:48,1553.8,141.58,1695.38,40.42,
"2012-12-21",34,2012-12-22 00:30:00,1737.329,2012-12-21 23:13:48,1525.74,134.02,1659.76,40.43,
"2012-12-21",35,2012-12-22 01:00:00,1701.641,2012-12-21 23:13:48,1509.79,126.79,1636.58,40.44,
"2012-12-21",36,2012-12-22 01:30:00,1594.783,2012-12-22 00:43:40,1497.08,159.73,1656.81,40.45,
"2012-12-21",37,2012-12-22 02:00:00,1569.175,2012-12-22 01:14:06,1483.27,157.92,1641.19,40.57,
"2012-12-21",38,2012-12-22 02:30:00,1571.782,2012-12-22 01:44:26,1461.05,160.04,1621.09,31.79,
"2012-12-21",39,2012-12-22 03:00:00,1639.566,2012-12-22 02:14:46,1428.19,179.5,1607.69,31.81,
"2012-12-21",40,2012-12-22 03:30:00,1615.48,2012-12-22 02:44:05,1447.16,149.11,1596.27,31.89,
"2012-12-21",41,2012-12-22 04:00:00,1620.551,2012-12-22 03:14:31,1500.56,109.83,1610.39,40.64,
"2012-12-21",42,2012-12-22 04:30:00,1627.097,2012-12-22 03:44:13,1467.39,127.13,1594.52,40.65,
"2012-12-21",43,2012-12-22 05:00:00,1638.571,2012-12-22 04:14:34,1462.05,122.86,1584.91,40.67,
"2012-12-21",44,2012-12-22 05:30:00,1567.238,2012-12-22 04:44:49,1505.1,87.26,1592.36,40.66,
"2012-12-21",45,2012-12-22 06:00:00,1654.224,2012-12-22 05:14:31,1560.41,74.24,1634.65,40.63,
"2012-12-21",46,2012-12-22 06:30:00,1715.479,2012-12-22 05:44:50,1612.99,84.85,1697.84,40.59,
"2012-12-21",47,2012-12-22 07:00:00,1806.302,2012-12-22 06:14:59,1662.59,93.33,1755.92,40.55,
"2012-12-21",48,2012-12-22 07:30:00,1869.453,2012-12-22 06:39:51,1741.92,69.38,1811.3,40.54,
"2012-12-22",1,2012-12-22 08:00:00,1928.292,2012-12-22 07:14:58,1827.98,59.76,1887.74,40.54,
"2012-12-22",2,2012-12-22 08:30:00,1967.952,2012-12-22 07:39:53,1871.84,39.76,1911.6,54.67,
"2012-12-22",3,2012-12-22 09:00:00,1962.568,2012-12-22 08:10:41,1864.56,45.03,1909.59,54.66,
"2012-12-22",4,2012-12-22 09:30:00,1927.38,2012-12-22 08:40:38,1873.69,58.02,1931.71,52.07,
"2012-12-22",5,2012-12-22 10:00:00,1941.125,2012-12-22 09:10:15,1859.07,66.61,1925.68,40.48,
"2012-12-22",6,2012-12-22 10:30:00,1938.886,2012-12-22 09:40:16,1859.79,93.46,1953.25,39.26,
"2012-12-22",7,2012-12-22 11:00:00,1939.365,2012-12-22 10:10:49,1874.64,96.47,1971.11,40.46,
"2012-12-22",8,2012-12-22 11:30:00,1940.772,2012-12-22 10:40:41,1888.51,84.63,1973.14,39.26,
"2012-12-22",9,2012-12-22 12:00:00,1973.452,2012-12-22 11:10:38,1871.5,98.39,1969.89,31.63,
"2012-12-22",10,2012-12-22 12:30:00,2001.396,2012-12-22 11:40:53,1857.3,127.27,1984.57,31.64,
"2012-12-22",11,2012-12-22 13:00:00,1984.873,2012-12-22 12:10:46,1850.74,135.33,1986.07,31.66,
"2012-12-22",12,2012-12-22 13:30:00,2013.611,2012-12-22 12:41:13,1851.63,141.27,1992.9,40.47,
"2012-12-22",13,2012-12-22 14:00:00,1993.967,2012-12-22 13:11:24,1845.64,152.5,1998.14,40.48,
"2012-12-22",14,2012-12-22 14:30:00,2055.601,2012-12-22 13:40:55,1821.98,185.64,2007.62,31.65,
"2012-12-22",15,2012-12-22 15:00:00,2032.925,2012-12-22 14:11:00,1823.6,219.06,2042.66,31.65,
"2012-12-22",16,2012-12-22 15:30:00,2021.078,2012-12-22 14:41:37,1853.7,214.73,2068.43,39.26,
"2012-12-22",17,2012-12-22 16:00:00,2033.825,2012-12-22 15:11:11,1875.37,221.16,2096.53,40.49,
"2012-12-22",18,2012-12-22 16:30:00,2089.05,2012-12-22 15:41:33,1924.68,213.37,2138.05,54.59,
"2012-12-22",19,2012-12-22 17:00:00,2098.238,2012-12-22 16:11:30,1934.13,214.32,2148.45,54.59,
"2012-12-22",20,2012-12-22 17:30:00,2138.691,2012-12-22 16:41:45,1992.01,177.31,2169.32,54.59,
"2012-12-22",21,2012-12-22 18:00:00,2159.365,2012-12-22 17:11:53,1993.91,162.39,2156.3,54.56,
"2012-12-22",22,2012-12-22 18:30:00,2130.283,2012-12-22 17:41:35,1999.1,151.29,2150.39,58.17,
"2012-12-22",23,2012-12-22 19:00:00,2103.598,2012-12-22 18:11:45,2012.29,147.4,2159.69,59.83,
"2012-12-22",24,2012-12-22 19:30:00,2124.923,2012-12-22 18:41:58,2051.03,131.25,2182.28,61.24,
"2012-12-22",25,2012-12-22 20:00:00,2127.361,2012-12-22 19:12:07,1986.72,157.61,2144.33,60.66,
"2012-12-22",26,2012-12-22 20:30:00,2160.454,2012-12-22 19:41:50,1932.97,154.6,2087.57,59.86,
"2012-12-22",27,2012-12-22 21:00:00,2015.744,2012-12-22 20:11:58,1869.87,154.57,2024.44,54.73,
"2012-12-22",28,2012-12-22 21:30:00,1972.316,2012-12-22 20:42:06,1821.14,152.12,1973.26,54.78,
"2012-12-22",29,2012-12-22 22:00:00,1898.691,2012-12-22 21:12:19,1749.5,141.25,1890.75,54.84,
"2012-12-22",30,2012-12-22 22:30:00,1851.503,2012-12-22 21:42:29,1666.55,159.67,1826.22,54.89,
"2012-12-22",31,2012-12-22 23:00:00,1767.129,2012-12-22 22:12:22,1590.54,174.55,1765.09,54.75,
"2012-12-22",32,2012-12-22 23:30:00,1691.948,2012-12-22 22:42:26,1546.35,167.06,1713.41,53.42,
"2012-12-22",33,2012-12-23 00:00:00,1643.001,2012-12-22 23:12:23,1521.76,145.05,1666.81,53.42,
"2012-12-22",34,2012-12-23 00:30:00,1604.22,2012-12-22 23:12:23,1531.59,108.51,1640.1,54.81,
"2012-12-22",35,2012-12-23 01:00:00,1575.103,2012-12-22 23:12:23,1513.65,105.29,1618.94,54.86,
"2012-12-22",36,2012-12-23 01:30:00,1585.673,2012-12-23 00:42:43,1490.76,104.15,1594.91,54.92,
"2012-12-22",37,2012-12-23 02:00:00,1549.288,2012-12-23 01:12:52,1484.99,107.67,1592.66,55.7,
"2012-12-22",38,2012-12-23 02:30:00,1526.581,2012-12-23 01:43:00,1451.03,126.75,1577.78,53.59,
"2012-12-22",39,2012-12-23 03:00:00,1552.454,2012-12-23 02:13:02,1414.32,144.26,1558.58,53.42,
"2012-12-22",40,2012-12-23 03:30:00,1566.179,2012-12-23 02:44:04,1402.33,146.43,1548.76,53.2,
"2012-12-22",41,2012-12-23 04:00:00,1573.453,2012-12-23 03:13:41,1425.93,151.95,1577.88,53.42,
"2012-12-22",42,2012-12-23 04:30:00,1512.812,2012-12-23 03:43:15,1417.76,139.35,1557.11,53.42,
"2012-12-22",43,2012-12-23 05:00:00,1554.298,2012-12-23 04:13:33,1406.52,134.23,1540.75,41.63,
"2012-12-22",44,2012-12-23 05:30:00,1576.051,2012-12-23 04:43:25,1421.88,131.17,1553.05,41.99,
"2012-12-22",45,2012-12-23 06:00:00,1612.105,2012-12-23 05:13:40,1491.48,90.16,1581.64,41.82,
"2012-12-22",46,2012-12-23 06:30:00,1643.323,2012-12-23 05:43:32,1530.58,79.2,1609.78,53.42,
"2012-12-22",47,2012-12-23 07:00:00,1694.657,2012-12-23 06:13:54,1593.79,84.41,1678.2,41.09,
"2012-12-22",48,2012-12-23 07:30:00,1767.362,2012-12-23 06:44:08,1659.47,93.52,1752.99,53.42,
"2012-12-23",1,2012-12-23 08:00:00,1796.955,2012-12-23 07:14:09,1688.96,88.15,1777.11,53.42,
"2012-12-23",2,2012-12-23 08:30:00,1820.449,2012-12-23 07:44:05,1720.73,77.92,1798.65,40.91,
"2012-12-23",3,2012-12-23 09:00:00,1832.03,2012-12-23 08:14:01,1752.32,69.96,1822.28,60.05,
"2012-12-23",4,2012-12-23 09:30:00,1869.857,2012-12-23 08:44:04,1789.65,69.18,1858.83,60.05,
"2012-12-23",5,2012-12-23 10:00:00,1889.289,2012-12-23 09:14:17,1810.26,68.66,1878.92,60.05,
"2012-12-23",6,2012-12-23 10:30:00,1912.635,2012-12-23 09:44:32,1813.97,71.01,1884.98,69.63,
"2012-12-23",7,2012-12-23 11:00:00,1929.202,2012-12-23 10:14:31,1817.81,82.13,1899.94,40.52,
"2012-12-23",8,2012-12-23 11:30:00,1945.337,2012-12-23 10:44:23,1785.09,116.62,1901.71,40.51,
"2012-12-23",9,2012-12-23 12:00:00,1963.746,2012-12-23 11:14:32,1789.89,134.12,1924.01,40.51,
"2012-12-23",10,2012-12-23 12:30:00,1943.305,2012-12-23 11:44:36,1816.21,122.5,1938.71,40.51,
"2012-12-23",11,2012-12-23 13:00:00,1998.315,2012-12-23 12:09:48,1813.86,124.26,1938.12,40.51,
"2012-12-23",12,2012-12-23 13:30:00,1948.454,2012-12-23 12:44:58,1788.61,133.89,1922.5,40.51,
"2012-12-23",13,2012-12-23 14:00:00,1950.149,2012-12-23 13:09:49,1795.02,141.79,1936.81,40.51,
"2012-12-23",14,2012-12-23 14:30:00,1951.053,2012-12-23 13:39:54,1806.83,151.44,1958.27,40.49,
"2012-12-23",15,2012-12-23 15:00:00,2007.761,2012-12-23 14:10:14,1837.43,160.63,1998.06,57.79,
"2012-12-23",16,2012-12-23 15:30:00,2024.563,2012-12-23 14:40:32,1858.1,173.41,2031.51,60.66,
"2012-12-23",17,2012-12-23 16:00:00,2030.638,2012-12-23 15:10:57,1891.01,179,2070.01,61.24,
"2012-12-23",18,2012-12-23 16:30:00,2044.831,2012-12-23 15:40:15,1897.66,188.81,2086.47,60.66,
"2012-12-23",19,2012-12-23 17:00:00,2069.265,2012-12-23 16:10:37,1929.1,183.66,2112.76,60.66,
"2012-12-23",20,2012-12-23 17:30:00,2115.574,2012-12-23 16:40:42,1920.36,190.67,2111.03,60.66,
"2012-12-23",21,2012-12-23 18:00:00,2136.99,2012-12-23 17:10:58,1905.95,198.92,2104.87,60.05,
"2012-12-23",22,2012-12-23 18:30:00,2124,2012-12-23 17:40:58,1915.17,193.06,2108.23,60.66,
"2012-12-23",23,2012-12-23 19:00:00,2136.21,2012-12-23 18:11:13,1943.76,171.72,2115.48,60.66,
"2012-12-23",24,2012-12-23 19:30:00,2130.408,2012-12-23 18:40:59,1977.17,191.49,2168.66,61.24,
"2012-12-23",25,2012-12-23 20:00:00,2095.854,2012-12-23 19:11:08,1917.28,211.27,2128.55,60.05,
"2012-12-23",26,2012-12-23 20:30:00,2037.526,2012-12-23 19:41:17,1808.62,279.49,2088.11,39.26,
"2012-12-23",27,2012-12-23 21:00:00,1973.864,2012-12-23 20:11:06,1715.99,292.17,2008.16,27.28,
"2012-12-23",28,2012-12-23 21:30:00,1915.896,2012-12-23 20:41:05,1665.91,278.39,1944.3,27.28,
"2012-12-23",29,2012-12-23 22:00:00,1858.718,2012-12-23 21:11:06,1586.52,281.4,1867.92,53.64,
"2012-12-23",30,2012-12-23 22:30:00,1813.145,2012-12-23 21:41:13,1508.12,272.53,1780.65,41.45,
"2012-12-23",31,2012-12-23 23:00:00,1745.513,2012-12-23 22:11:49,1438.75,271.05,1709.8,18.56,
"2012-12-23",32,2012-12-23 23:30:00,1648.525,2012-12-23 22:41:24,1375.28,300.54,1675.82,-15.19,
"2012-12-23",33,2012-12-24 00:00:00,1587.038,2012-12-23 23:11:47,1312.1,306.89,1618.99,-36.09,
"2012-12-23",34,2012-12-24 00:30:00,1551.92,2012-12-23 23:11:47,1272.36,314.57,1586.93,-40.63,
"2012-12-23",35,2012-12-24 01:00:00,1536.515,2012-12-23 23:11:47,1256.63,317.62,1574.25,-40.76,
"2012-12-23",36,2012-12-24 01:30:00,1541.009,2012-12-24 00:41:53,1251.3,312.25,1563.55,-40.73,
"2012-12-23",37,2012-12-24 02:00:00,1540.223,2012-12-24 01:11:46,1255.45,297.01,1552.46,-39.99,
"2012-12-23",38,2012-12-24 02:30:00,1541.665,2012-12-24 01:42:30,1250.46,295.02,1545.48,-39.99,
"2012-12-23",39,2012-12-24 03:00:00,1512.242,2012-12-24 02:12:15,1252.14,290.71,1542.85,-39.99,
"2012-12-23",40,2012-12-24 03:30:00,1502.739,2012-12-24 02:42:02,1272.08,278.06,1550.14,-39.99,
"2012-12-23",41,2012-12-24 04:00:00,1544.539,2012-12-24 03:12:24,1313.53,252.6,1566.13,-39.99,
"2012-12-23",42,2012-12-24 04:30:00,1578.317,2012-12-24 03:42:17,1313.39,249.34,1562.73,-39.99,
"2012-12-23",43,2012-12-24 05:00:00,1595.833,2012-12-24 04:12:52,1330.07,245.11,1575.18,-40,
"2012-12-23",44,2012-12-24 05:30:00,1697.576,2012-12-24 04:42:30,1330.35,253.08,1583.43,-38.05,
"2012-12-23",45,2012-12-24 06:00:00,1838.226,2012-12-24 05:13:14,1487.19,223.2,1710.39,-15.61,
"2012-12-23",46,2012-12-24 06:30:00,1980.59,2012-12-24 05:42:31,1555.76,244.63,1800.39,24.53,
"2012-12-23",47,2012-12-24 07:00:00,2039.844,2012-12-24 06:13:23,1674.37,229.48,1903.85,23.9,
"2012-12-23",48,2012-12-24 07:30:00,2151.148,2012-12-24 06:43:06,1733.46,222.1,1955.56,39.26,
"2012-12-24",1,2012-12-24 08:00:00,2227.969,2012-12-24 07:13:19,1819.38,184.55,2003.93,39.26,
"2012-12-24",2,2012-12-24 08:30:00,2166.929,2012-12-24 07:42:50,1907.19,167.66,2074.85,40.52,
"2012-12-24",3,2012-12-24 09:00:00,2103.677,2012-12-24 08:12:58,1925.21,132.09,2057.3,40.49,
"2012-12-24",4,2012-12-24 09:30:00,2093.303,2012-12-24 08:43:06,2014.48,97.68,2112.16,40.46,
"2012-12-24",5,2012-12-24 10:00:00,2123.576,2012-12-24 09:13:11,2053.03,87.68,2140.71,40.37,
"2012-12-24",6,2012-12-24 10:30:00,2140.171,2012-12-24 09:43:19,2087.67,92.31,2179.98,40.19,
"2012-12-24",7,2012-12-24 11:00:00,2205.277,2012-12-24 10:13:20,2145.3,91.84,2237.14,40.19,
"2012-12-24",8,2012-12-24 11:30:00,2197.154,2012-12-24 10:43:40,2213.94,93.11,2307.05,40.19,
"2012-12-24",9,2012-12-24 12:00:00,2263.127,2012-12-24 11:13:36,2227.68,78.02,2305.7,40.19,
"2012-12-24",10,2012-12-24 12:30:00,2365.291,2012-12-24 11:38:50,2286.75,86.07,2372.82,40.27,
"2012-12-24",11,2012-12-24 13:00:00,2418.135,2012-12-24 12:10:10,2324.98,85.58,2410.56,40.12,
"2012-12-24",12,2012-12-24 13:30:00,2387.198,2012-12-24 12:40:29,2301.27,121.32,2422.59,40.06,
"2012-12-24",13,2012-12-24 14:00:00,2404.694,2012-12-24 13:10:25,2320.67,146.47,2467.14,39.87,
"2012-12-24",14,2012-12-24 14:30:00,2477.288,2012-12-24 13:40:10,2338.98,166.67,2505.65,40.01,
"2012-12-24",15,2012-12-24 15:00:00,2490.698,2012-12-24 14:10:36,2361.51,174.77,2536.28,39.94,
"2012-12-24",16,2012-12-24 15:30:00,2563.077,2012-12-24 14:40:24,2364.51,184.68,2549.19,39.93,
"2012-12-24",17,2012-12-24 16:00:00,2574.846,2012-12-24 15:10:12,2392.58,180.26,2572.84,39.98,
"2012-12-24",18,2012-12-24 16:30:00,2525.039,2012-12-24 15:40:11,2387.77,173.5,2561.27,40.1,
"2012-12-24",19,2012-12-24 17:00:00,2507.694,2012-12-24 16:10:25,2389.37,187.02,2576.39,40.01,
"2012-12-24",20,2012-12-24 17:30:00,2453.461,2012-12-24 16:40:31,2330.42,172.26,2502.68,25.61,
"2012-12-24",21,2012-12-24 18:00:00,2387.944,2012-12-24 17:10:11,2276.87,161.74,2438.61,25.67,
"2012-12-24",22,2012-12-24 18:30:00,2374.272,2012-12-24 17:40:08,2215.18,168.24,2383.42,25.79,
"2012-12-24",23,2012-12-24 19:00:00,2388.819,2012-12-24 18:10:38,2156.8,174.2,2331,25.83,
"2012-12-24",24,2012-12-24 19:30:00,2367.309,2012-12-24 18:40:10,2155.58,184.45,2340.03,39.93,
"2012-12-24",25,2012-12-24 20:00:00,2249.609,2012-12-24 19:10:24,2099.01,213.19,2312.2,40.03,
"2012-12-24",26,2012-12-24 20:30:00,2190.57,2012-12-24 19:40:28,2038.69,229.67,2268.36,40.14,
"2012-12-24",27,2012-12-24 21:00:00,2045.687,2012-12-24 20:10:26,1943.17,246.8,2189.97,40.24,
"2012-12-24",28,2012-12-24 21:30:00,1988.489,2012-12-24 20:40:11,1880.42,231.96,2112.38,38.72,
"2012-12-24",29,2012-12-24 22:00:00,1938.952,2012-12-24 21:10:10,1781.35,236.84,2018.19,36.59,
"2012-12-24",30,2012-12-24 22:30:00,1902.99,2012-12-24 21:40:32,1696.18,254.87,1951.05,23.72,
"2012-12-24",31,2012-12-24 23:00:00,1843.294,2012-12-24 22:10:09,1596.4,246.45,1842.85,35.03,
"2012-12-24",32,2012-12-24 23:30:00,1789.664,2012-12-24 22:40:09,1536.5,233.7,1770.2,58.58,
"2012-12-24",33,2012-12-25 00:00:00,1742.361,2012-12-24 23:10:21,1421.34,242.82,1664.16,53.81,
"2012-12-24",34,2012-12-25 00:30:00,1671.984,2012-12-24 23:10:21,1372.76,244.47,1617.23,41.65,
"2012-12-24",35,2012-12-25 01:00:00,1630.745,2012-12-24 23:10:21,1354.44,259.63,1614.07,40.77,
"2012-12-24",36,2012-12-25 01:30:00,1571.905,2012-12-25 00:40:12,1335.84,269.76,1605.6,40.63,
"2012-12-24",37,2012-12-25 02:00:00,1543.066,2012-12-25 01:10:12,1299.11,280.02,1579.13,32.58,
"2012-12-24",38,2012-12-25 02:30:00,1616.369,2012-12-25 01:40:08,1267.62,286.58,1554.2,32.65,
"2012-12-24",39,2012-12-25 03:00:00,1570.556,2012-12-25 02:10:27,1291.29,272.29,1563.58,32.72,
"2012-12-24",40,2012-12-25 03:30:00,1540.769,2012-12-25 02:40:29,1276.73,288.92,1565.65,32.72,
"2012-12-24",41,2012-12-25 04:00:00,1558.871,2012-12-25 03:10:40,1284.45,289.57,1574.02,32.72,
"2012-12-24",42,2012-12-25 04:30:00,1547.402,2012-12-25 03:40:22,1256.69,298.31,1555,32.72,
"2012-12-24",43,2012-12-25 05:00:00,1587.171,2012-12-25 04:10:06,1250.76,301.03,1551.79,32.58,
"2012-12-24",44,2012-12-25 05:30:00,1660.017,2012-12-25 04:40:09,1288.89,298.24,1587.13,-54.12,
"2012-12-24",45,2012-12-25 06:00:00,1711.031,2012-12-25 05:10:08,1336,292.26,1628.26,-14.84,
"2012-12-24",46,2012-12-25 06:30:00,1832.377,2012-12-25 05:40:39,1416.51,276.67,1693.18,22.15,
"2012-12-24",47,2012-12-25 07:00:00,1957.059,2012-12-25 06:10:44,1498.38,277.16,1775.54,34.07,
"2012-12-24",48,2012-12-25 07:30:00,1949.773,2012-12-25 06:40:21,1544.65,289.29,1833.94,36.25,
"2012-12-25",1,2012-12-25 08:00:00,2002.872,2012-12-25 07:10:18,1663.91,271.7,1935.61,38.51,
"2012-12-25",2,2012-12-25 08:30:00,2026.315,2012-12-25 07:40:33,1783.01,247.89,2030.9,40.33,
"2012-12-25",3,2012-12-25 09:00:00,2089.872,2012-12-25 08:10:11,1917.96,212.82,2130.78,40.23,
"2012-12-25",4,2012-12-25 09:30:00,2146.607,2012-12-25 08:40:25,2046.83,160.32,2207.15,40.2,
"2012-12-25",5,2012-12-25 10:00:00,2223.635,2012-12-25 09:10:39,2230.63,109.47,2340.1,40.11,
"2012-12-25",6,2012-12-25 10:30:00,2343.905,2012-12-25 09:40:13,2322.45,96.49,2418.94,40.15,
"2012-12-25",7,2012-12-25 11:00:00,2471.184,2012-12-25 10:10:23,2395.78,78.02,2473.8,56.85,
"2012-12-25",8,2012-12-25 11:30:00,2551.366,2012-12-25 10:40:32,2434.85,64.59,2499.44,58.17,
"2012-12-25",9,2012-12-25 12:00:00,2542.258,2012-12-25 11:10:08,2417.51,76.4,2493.91,39.95,
"2012-12-25",10,2012-12-25 12:30:00,2564.238,2012-12-25 11:40:08,2391.24,81.97,2473.21,39.9,
"2012-12-25",11,2012-12-25 13:00:00,2610.953,2012-12-25 12:10:31,2348.03,117.56,2465.59,39.9,
"2012-12-25",12,2012-12-25 13:30:00,2619.69,2012-12-25 12:40:03,2327.52,129.18,2456.7,39.82,
"2012-12-25",13,2012-12-25 14:00:00,2593.859,2012-12-25 13:10:06,2337.09,138.2,2475.29,39.79,
"2012-12-25",14,2012-12-25 14:30:00,2551.684,2012-12-25 13:40:09,2352.4,143.94,2496.34,39.79,
"2012-12-25",15,2012-12-25 15:00:00,2544.835,2012-12-25 14:10:07,2374.4,161.51,2535.91,39.89,
"2012-12-25",16,2012-12-25 15:30:00,2574.149,2012-12-25 14:40:11,2403.36,167.86,2571.22,40.05,
"2012-12-25",17,2012-12-25 16:00:00,2568.21,2012-12-25 15:10:37,2424.39,165.45,2589.84,39.96,
"2012-12-25",18,2012-12-25 16:30:00,2548.909,2012-12-25 15:40:10,2435.19,164.84,2600.03,39.98,
"2012-12-25",19,2012-12-25 17:00:00,2556.577,2012-12-25 16:10:06,2428.36,171.84,2600.2,40.05,
"2012-12-25",20,2012-12-25 17:30:00,2497.986,2012-12-25 16:40:35,2389.11,163.52,2552.63,40.12,
"2012-12-25",21,2012-12-25 18:00:00,2457.706,2012-12-25 17:10:25,2310.45,171.09,2481.54,40.1,
"2012-12-25",22,2012-12-25 18:30:00,2486.069,2012-12-25 17:40:04,2236.46,167.72,2404.18,39.94,
"2012-12-25",23,2012-12-25 19:00:00,2477.21,2012-12-25 18:10:05,2211.3,174.4,2385.7,39.78,
"2012-12-25",24,2012-12-25 19:30:00,2488.328,2012-12-25 18:40:11,2247.11,167.18,2414.29,39.74,
"2012-12-25",25,2012-12-25 20:00:00,2391.835,2012-12-25 19:10:25,2198.37,185.3,2383.67,39.82,
"2012-12-25",26,2012-12-25 20:30:00,2279.304,2012-12-25 19:40:32,2166.62,189.32,2355.94,39.94,
"2012-12-25",27,2012-12-25 21:00:00,2207.85,2012-12-25 20:10:37,2128.21,175.06,2303.27,40.06,
"2012-12-25",28,2012-12-25 21:30:00,2134.474,2012-12-25 20:40:04,2080.47,153.02,2233.49,40.1,
"2012-12-25",29,2012-12-25 22:00:00,2113.866,2012-12-25 21:10:12,2015.13,148.02,2163.15,38.1,
"2012-12-25",30,2012-12-25 22:30:00,2065.678,2012-12-25 21:40:08,1923.81,143.04,2066.85,35.88,
"2012-12-25",31,2012-12-25 23:00:00,1980.6,2012-12-25 22:10:15,1774.65,194,1968.65,33.69,
"2012-12-25",32,2012-12-25 23:30:00,1921.568,2012-12-25 22:40:24,1730.01,174.48,1904.49,40.36,
"2012-12-25",33,2012-12-26 00:00:00,1882.992,2012-12-25 23:10:11,1667.07,171.95,1839.02,40.78,
"2012-12-25",34,2012-12-26 00:30:00,1830.132,2012-12-25 23:10:11,1607.15,175.15,1782.3,32.3,
"2012-12-25",35,2012-12-26 01:00:00,1781.425,2012-12-25 23:10:11,1558.61,190.8,1749.41,55.54,
"2012-12-25",36,2012-12-26 01:30:00,1706.307,2012-12-26 00:40:13,1503.8,213.04,1716.84,41.34,
"2012-12-25",37,2012-12-26 02:00:00,1713.868,2012-12-26 01:10:30,1488.76,210.02,1698.78,41.11,
"2012-12-25",38,2012-12-26 02:30:00,1704.852,2012-12-26 01:40:55,1508.74,177.91,1686.65,55.03,
"2012-12-25",39,2012-12-26 03:00:00,1689.51,2012-12-26 02:10:08,1501.26,183.63,1684.89,55.12,
"2012-12-25",40,2012-12-26 03:30:00,1668.566,2012-12-26 02:40:53,1480.6,190.45,1671.05,55.18,
"2012-12-25",41,2012-12-26 04:00:00,1693.241,2012-12-26 03:10:12,1490.27,181.47,1671.74,55.21,
"2012-12-25",42,2012-12-26 04:30:00,1692.722,2012-12-26 03:40:03,1461.63,186.8,1648.43,53.06,
"2012-12-25",43,2012-12-26 05:00:00,1705.407,2012-12-26 04:10:16,1405.55,219.04,1624.59,-39.99,
"2012-12-25",44,2012-12-26 05:30:00,1763.018,2012-12-26 04:40:29,1473.55,163.84,1637.39,2.94,
"2012-12-25",45,2012-12-26 06:00:00,1824.888,2012-12-26 05:10:15,1515.95,186.8,1702.75,0,
"2012-12-25",46,2012-12-26 06:30:00,1924.991,2012-12-26 05:40:04,1631.11,139.52,1770.63,41.27,
"2012-12-25",47,2012-12-26 07:00:00,2029.048,2012-12-26 06:10:17,1761.72,96.94,1858.66,39.45,
"2012-12-25",48,2012-12-26 07:30:00,2022.062,2012-12-26 06:40:45,1861.28,77.28,1938.56,40.79,
"2012-12-26",1,2012-12-26 08:00:00,2094.454,2012-12-26 07:10:14,1964.48,83.43,2047.91,40.77,
"2012-12-26",2,2012-12-26 08:30:00,2088.304,2012-12-26 07:40:02,2045.2,79.04,2124.24,40.18,
"2012-12-26",3,2012-12-26 09:00:00,2208.077,2012-12-26 08:10:05,2191.25,63.27,2254.52,40.16,
"2012-12-26",4,2012-12-26 09:30:00,2294.725,2012-12-26 08:40:10,2254.01,61.72,2315.73,40.15,
"2012-12-26",5,2012-12-26 10:00:00,2273.394,2012-12-26 09:10:13,2319.59,61.37,2380.96,39.99,
"2012-12-26",6,2012-12-26 10:30:00,2354.616,2012-12-26 09:40:01,2364.49,69.78,2434.27,39.86,
"2012-12-26",7,2012-12-26 11:00:00,2429.151,2012-12-26 10:10:28,2426.26,69.64,2495.9,50,
"2012-12-26",8,2012-12-26 11:30:00,2546.826,2012-12-26 10:40:08,2473.15,85.14,2558.29,53.03,
"2012-12-26",9,2012-12-26 12:00:00,2615.291,2012-12-26 11:10:37,2495.8,95.5,2591.3,52.45,
"2012-12-26",10,2012-12-26 12:30:00,2683.587,2012-12-26 11:40:01,2503.14,114.05,2617.19,39.83,
"2012-12-26",11,2012-12-26 13:00:00,2744.229,2012-12-26 12:10:29,2523.05,126.81,2649.86,43.9,
"2012-12-26",12,2012-12-26 13:30:00,2792.176,2012-12-26 12:40:38,2543.32,131.54,2674.86,47.93,
"2012-12-26",13,2012-12-26 14:00:00,2804.118,2012-12-26 13:10:30,2556.57,147.28,2703.85,50.7,
"2012-12-26",14,2012-12-26 14:30:00,2807.968,2012-12-26 13:40:32,2575.51,153.6,2729.11,52.43,
"2012-12-26",15,2012-12-26 15:00:00,2826.937,2012-12-26 14:10:33,2608.02,160.23,2768.25,53.99,
"2012-12-26",16,2012-12-26 15:30:00,2905.994,2012-12-26 14:40:08,2611.23,172.28,2783.51,53.66,
"2012-12-26",17,2012-12-26 16:00:00,2958.117,2012-12-26 15:10:47,2654.01,167.23,2821.24,54.17,
"2012-12-26",18,2012-12-26 16:30:00,2932.701,2012-12-26 15:40:24,2574.8,279.23,2854.03,52.35,
"2012-12-26",19,2012-12-26 17:00:00,2866.847,2012-12-26 16:10:10,2526.03,344.51,2870.54,52.26,
"2012-12-26",20,2012-12-26 17:30:00,2825.931,2012-12-26 16:40:05,2539.61,334.73,2874.34,52.48,
"2012-12-26",21,2012-12-26 18:00:00,2800.776,2012-12-26 17:10:31,2533.48,325.73,2859.21,52.73,
"2012-12-26",22,2012-12-26 18:30:00,2854.058,2012-12-26 17:40:33,2568.71,262.06,2830.77,52.83,
"2012-12-26",23,2012-12-26 19:00:00,2899.977,2012-12-26 18:10:32,2547.38,266.76,2814.14,52.76,
"2012-12-26",24,2012-12-26 19:30:00,2913.65,2012-12-26 18:40:09,2590.44,268.09,2858.53,54.84,
"2012-12-26",25,2012-12-26 20:00:00,2829.782,2012-12-26 19:10:24,2595.44,250.86,2846.3,52.67,
"2012-12-26",26,2012-12-26 20:30:00,2757.102,2012-12-26 19:40:12,2550.5,214.87,2765.37,55.38,
"2012-12-26",27,2012-12-26 21:00:00,2618.509,2012-12-26 20:10:03,2435,219.77,2654.77,50.08,
"2012-12-26",28,2012-12-26 21:30:00,2457.909,2012-12-26 20:41:07,2326.53,160.15,2486.68,44.05,
"2012-12-26",29,2012-12-26 22:00:00,2326.037,2012-12-26 21:10:34,2160.55,220.05,2380.6,40.05,
"2012-12-26",30,2012-12-26 22:30:00,2229.03,2012-12-26 21:40:04,1997.38,220.23,2217.61,35.96,
"2012-12-26",31,2012-12-26 23:00:00,2141.128,2012-12-26 22:10:07,1845.59,236.54,2082.13,35.96,
"2012-12-26",32,2012-12-26 23:30:00,2072.819,2012-12-26 22:40:04,1764.58,250.13,2014.71,33.82,
"2012-12-26",33,2012-12-27 00:00:00,1967.065,2012-12-26 23:10:05,1669.13,268.64,1937.77,31.56,
"2012-12-26",34,2012-12-27 00:30:00,1911.027,2012-12-26 23:10:05,1614.05,264.1,1878.15,40.42,
"2012-12-26",35,2012-12-27 01:00:00,1867.221,2012-12-26 23:10:05,1575.09,259.6,1834.69,40.46,
"2012-12-26",36,2012-12-27 01:30:00,1801.285,2012-12-27 00:40:36,1539.81,247.74,1787.55,40.48,
"2012-12-26",37,2012-12-27 02:00:00,1812.941,2012-12-27 01:10:36,1538.09,217.28,1755.37,40.53,
"2012-12-26",38,2012-12-27 02:30:00,1809.362,2012-12-27 01:40:56,1544.66,191.63,1736.29,54.71,
"2012-12-26",39,2012-12-27 03:00:00,1756.786,2012-12-27 02:10:04,1523.99,200.03,1724.02,52.22,
"2012-12-26",40,2012-12-27 03:30:00,1744.114,2012-12-27 02:40:47,1522.25,198.63,1720.88,52.31,
"2012-12-26",41,2012-12-27 04:00:00,1732.048,2012-12-27 03:10:16,1515.36,209.98,1725.34,54.88,
"2012-12-26",42,2012-12-27 04:30:00,1714.517,2012-12-27 03:40:39,1512.61,207.22,1719.83,54.99,
"2012-12-26",43,2012-12-27 05:00:00,1766.362,2012-12-27 04:10:38,1523.5,207.49,1730.99,55.37,
"2012-12-26",44,2012-12-27 05:30:00,1838.84,2012-12-27 04:40:16,1580.7,202.24,1782.94,40.81,
"2012-12-26",45,2012-12-27 06:00:00,1932.963,2012-12-27 05:10:38,1703.21,195.69,1898.9,34.43,
"2012-12-26",46,2012-12-27 06:30:00,2038.749,2012-12-27 05:40:41,1805.1,163.66,1968.76,40.64,
"2012-12-26",47,2012-12-27 07:00:00,2193.279,2012-12-27 06:11:10,1949.48,118.32,2067.8,38.42,
"2012-12-26",48,2012-12-27 07:30:00,2286.714,2012-12-27 06:40:13,2071.67,92.33,2164,40.37,
"2012-12-27",1,2012-12-27 08:00:00,2363.354,2012-12-27 07:10:08,2191.2,80.34,2271.54,40.26,
"2012-12-27",2,2012-12-27 08:30:00,2396.685,2012-12-27 07:40:28,2270.04,90.28,2360.32,44.11,
"2012-12-27",3,2012-12-27 09:00:00,2510.178,2012-12-27 08:10:07,2333.32,92.38,2425.7,50.27,
"2012-12-27",4,2012-12-27 09:30:00,2545.875,2012-12-27 08:40:35,2429.62,69.8,2499.42,54.16,
"2012-12-27",5,2012-12-27 10:00:00,2559.65,2012-12-27 09:10:38,2527.47,60.46,2587.93,59.11,
"2012-12-27",6,2012-12-27 10:30:00,2670.357,2012-12-27 09:40:33,2628.85,57.86,2686.71,65.5,
"2012-12-27",7,2012-12-27 11:00:00,2766.041,2012-12-27 10:10:37,2719.53,39.98,2759.51,70.8,
"2012-12-27",8,2012-12-27 11:30:00,2825.765,2012-12-27 10:40:04,2801.45,39,2840.45,74.39,
"2012-12-27",9,2012-12-27 12:00:00,2894.56,2012-12-27 11:10:04,2884.73,35.24,2919.97,77.95,
"2012-12-27",10,2012-12-27 12:30:00,2937.101,2012-12-27 11:40:08,2948.85,39.82,2988.67,78.65,
"2012-12-27",11,2012-12-27 13:00:00,2967.42,2012-12-27 12:10:11,3011.04,39.22,3050.26,77.34,
"2012-12-27",12,2012-12-27 13:30:00,3086.447,2012-12-27 12:40:27,3081.67,38.63,3120.3,76.51,
"2012-12-27",13,2012-12-27 14:00:00,3149.634,2012-12-27 13:10:09,3127.94,62.04,3189.98,85.64,
"2012-12-27",14,2012-12-27 14:30:00,3145.784,2012-12-27 13:40:01,3176.19,79.66,3255.85,81.66,
"2012-12-27",15,2012-12-27 15:00:00,3179.63,2012-12-27 14:10:05,3164.01,90.24,3254.25,79.84,
"2012-12-27",16,2012-12-27 15:30:00,3255.348,2012-12-27 14:40:32,3275.46,38.38,3313.84,84.6,
"2012-12-27",17,2012-12-27 16:00:00,3291.682,2012-12-27 15:10:06,3220.61,113.83,3334.44,79.57,
"2012-12-27",18,2012-12-27 16:30:00,3250.013,2012-12-27 15:40:04,3236.71,110.41,3347.12,81.49,
"2012-12-27",19,2012-12-27 17:00:00,3284.596,2012-12-27 16:10:09,3262.06,61.56,3323.62,84.97,
"2012-12-27",20,2012-12-27 17:30:00,3296.448,2012-12-27 16:40:33,3203.13,93.77,3296.9,76.06,
"2012-12-27",21,2012-12-27 18:00:00,3133.223,2012-12-27 17:10:35,3148.82,77.95,3226.77,71.69,
"2012-12-27",22,2012-12-27 18:30:00,3115.983,2012-12-27 17:40:33,3140.93,50.82,3191.75,76.65,
"2012-12-27",23,2012-12-27 19:00:00,3086.929,2012-12-27 18:10:08,3128.09,17.24,3145.33,80.95,
"2012-12-27",24,2012-12-27 19:30:00,3152.769,2012-12-27 18:40:37,3030.23,115.35,3145.58,60.53,
"2012-12-27",25,2012-12-27 20:00:00,3084.591,2012-12-27 19:10:14,2848.4,248.45,3096.85,60.85,
"2012-12-27",26,2012-12-27 20:30:00,3027.137,2012-12-27 19:40:01,2771.86,213.5,2985.36,60.89,
"2012-12-27",27,2012-12-27 21:00:00,2766.275,2012-12-27 20:10:11,2656.25,195.52,2851.77,60.18,
"2012-12-27",28,2012-12-27 21:30:00,2692.623,2012-12-27 20:40:07,2608.31,103.33,2711.64,57.9,
"2012-12-27",29,2012-12-27 22:00:00,2568.667,2012-12-27 21:10:22,2329.92,234.4,2564.32,50.87,
"2012-12-27",30,2012-12-27 22:30:00,2433.176,2012-12-27 21:40:32,2206.74,219.17,2425.91,42.44,
"2012-12-27",31,2012-12-27 23:00:00,2341.369,2012-12-27 22:10:06,2030.86,282.92,2313.78,35.93,
"2012-12-27",32,2012-12-27 23:30:00,2219.383,2012-12-27 22:40:11,1976.54,244.29,2220.83,41.87,
"2012-12-27",33,2012-12-28 00:00:00,2139.88,2012-12-27 23:10:24,1972.35,185.99,2158.34,60.66,
"2012-12-27",34,2012-12-28 00:30:00,2080.548,2012-12-27 23:10:24,1930.1,148.58,2078.68,65.2,
"2012-12-27",35,2012-12-28 01:00:00,2014.161,2012-12-27 23:10:24,1875.39,170.72,2046.11,65.59,
"2012-12-27",36,2012-12-28 01:30:00,2000.576,2012-12-28 00:40:05,1818.35,193.5,2011.85,61.24,
"2012-12-27",37,2012-12-28 02:00:00,1958.734,2012-12-28 01:10:40,1837.41,147.09,1984.5,63.55,
"2012-12-27",38,2012-12-28 02:30:00,1976.052,2012-12-28 01:40:07,1852.23,116.91,1969.14,63.58,
"2012-12-27",39,2012-12-28 03:00:00,1969.57,2012-12-28 02:10:02,1846,101.53,1947.53,63.64,
"2012-12-27",40,2012-12-28 03:30:00,1943.446,2012-12-28 02:40:14,1795.12,108.62,1903.74,62.38,
"2012-12-27",41,2012-12-28 04:00:00,1938.111,2012-12-28 03:10:48,1809.07,109.42,1918.49,63.82,
"2012-12-27",42,2012-12-28 04:30:00,1878.841,2012-12-28 03:40:29,1803.49,111.71,1915.2,64.17,
"2012-12-27",43,2012-12-28 05:00:00,1905.599,2012-12-28 04:10:12,1814.93,139.15,1954.08,64.15,
"2012-12-27",44,2012-12-28 05:30:00,1986.511,2012-12-28 04:40:46,1837.88,154.65,1992.53,55.66,
"2012-12-27",45,2012-12-28 06:00:00,2126.716,2012-12-28 05:10:12,1978.63,119.91,2098.54,57.33,
"2012-12-27",46,2012-12-28 06:30:00,2222.998,2012-12-28 05:40:12,2119.21,96.23,2215.44,64.08,
"2012-12-27",47,2012-12-28 07:00:00,2385.507,2012-12-28 06:10:05,2307.18,92.47,2399.65,65.52,
"2012-12-27",48,2012-12-28 07:30:00,2516.676,2012-12-28 06:10:05,2429.66,98.99,2528.65,60.66,
"2012-12-28",1,2012-12-28 08:00:00,2635.515,2012-12-28 06:10:05,2566.49,96.45,2662.94,58.17,
"2012-12-28",2,2012-12-28 08:30:00,2741.567,2012-12-28 06:10:05,2721.01,85.33,2806.34,62.23,
"2012-12-28",3,2012-12-28 09:00:00,2857.049,2012-12-28 06:10:05,2792.99,95.25,2888.24,62.83,
"2012-12-28",4,2012-12-28 09:30:00,2960.454,2012-12-28 08:32:52,2884.65,107.37,2992.02,75.28,
"2012-12-28",5,2012-12-28 10:00:00,3010.282,2012-12-28 09:10:37,2974.85,96.36,3071.21,73.34,
"2012-12-28",6,2012-12-28 10:30:00,3085.636,2012-12-28 09:40:04,3031.39,80.6,3111.99,72.24,
"2012-12-28",7,2012-12-28 11:00:00,3256.761,2012-12-28 10:10:08,3097.8,74.5,3172.3,73.22,
"2012-12-28",8,2012-12-28 11:30:00,3326.917,2012-12-28 10:40:27,3143.69,62.15,3205.84,76.79,
"2012-12-28",9,2012-12-28 12:00:00,3279.872,2012-12-28 11:10:37,3207,64.54,3271.54,79.45,
"2012-12-28",10,2012-12-28 12:30:00,3291.93,2012-12-28 11:40:04,3227.44,73.15,3300.59,79.36,
"2012-12-28",11,2012-12-28 13:00:00,3239.906,2012-12-28 12:10:04,3245.53,74.57,3320.1,87.04,
"2012-12-28",12,2012-12-28 13:30:00,3364.346,2012-12-28 12:40:06,3217.52,108.22,3325.74,79.55,
"2012-12-28",13,2012-12-28 14:00:00,3390.047,2012-12-28 13:10:07,3224.85,100.77,3325.62,81.18,
"2012-12-28",14,2012-12-28 14:30:00,3382.705,2012-12-28 13:40:10,3206.06,90.38,3296.44,76.28,
"2012-12-28",15,2012-12-28 15:00:00,3378.18,2012-12-28 14:10:04,3197.66,95.62,3293.28,71.55,
"2012-12-28",16,2012-12-28 15:30:00,3340.252,2012-12-28 14:40:45,3174.14,87.87,3262.01,71.33,
"2012-12-28",17,2012-12-28 16:00:00,3344.169,2012-12-28 15:10:47,3166.67,76.76,3243.43,85.33,
"2012-12-28",18,2012-12-28 16:30:00,3326.603,2012-12-28 15:40:22,3139.58,66.68,3206.26,111.57,
"2012-12-28",19,2012-12-28 17:00:00,3227.316,2012-12-28 16:10:01,3144.43,47.45,3191.88,108.43,
"2012-12-28",20,2012-12-28 17:30:00,3166.805,2012-12-28 16:40:30,3080.44,68.04,3148.48,106.14,
"2012-12-28",21,2012-12-28 18:00:00,3085.048,2012-12-28 17:10:07,3070.54,24.07,3094.61,106.95,
"2012-12-28",22,2012-12-28 18:30:00,2899.003,2012-12-28 17:40:33,2943.7,49.6,2993.3,65.97,
"2012-12-28",23,2012-12-28 19:00:00,2942.499,2012-12-28 18:10:39,2900.14,99.6,2999.74,65.14,
"2012-12-28",24,2012-12-28 19:30:00,3035.327,2012-12-28 18:40:29,2828.31,161.4,2989.71,65.43,
"2012-12-28",25,2012-12-28 20:00:00,2937.891,2012-12-28 19:10:04,2813.41,120.3,2933.71,65.64,
"2012-12-28",26,2012-12-28 20:30:00,2900.254,2012-12-28 19:40:27,2802.7,55.99,2858.69,59.45,
"2012-12-28",27,2012-12-28 21:00:00,2738.825,2012-12-28 20:10:23,2689.31,50.89,2740.2,59.97,
"2012-12-28",28,2012-12-28 21:30:00,2597.822,2012-12-28 20:40:15,2532.93,94.01,2626.94,52.28,
"2012-12-28",29,2012-12-28 22:00:00,2458.967,2012-12-28 21:10:25,2395.82,106.24,2502.06,55.05,
"2012-12-28",30,2012-12-28 22:30:00,2383.75,2012-12-28 21:40:02,2318.74,86.9,2405.64,53.42,
"2012-12-28",31,2012-12-28 23:00:00,2283.345,2012-12-28 22:10:03,2213.71,70.54,2284.25,59.52,
"2012-12-28",32,2012-12-28 23:30:00,2177.761,2012-12-28 22:40:28,2146.92,57.93,2204.85,60.66,
"2012-12-28",33,2012-12-29 00:00:00,2081.346,2012-12-28 23:10:03,2082.43,61.62,2144.05,59.52,
"2012-12-28",34,2012-12-29 00:30:00,2005.247,2012-12-28 23:10:03,2007.5,71.06,2078.56,59.52,
"2012-12-28",35,2012-12-29 01:00:00,1937.125,2012-12-28 23:10:03,1930.24,92.96,2023.2,55.77,
"2012-12-28",36,2012-12-29 01:30:00,1964.122,2012-12-29 00:40:17,1881.64,124.18,2005.82,53.42,
"2012-12-28",37,2012-12-29 02:00:00,1975.635,2012-12-29 01:10:06,1861.45,125.9,1987.35,59.13,
"2012-12-28",38,2012-12-29 02:30:00,1921.836,2012-12-29 01:40:42,1818.28,134,1952.28,58.09,
"2012-12-28",39,2012-12-29 03:00:00,1934.163,2012-12-29 02:10:35,1767.08,170.67,1937.75,57.11,
"2012-12-28",40,2012-12-29 03:30:00,1934.029,2012-12-29 02:40:07,1779.58,154.33,1933.91,56.42,
"2012-12-28",41,2012-12-29 04:00:00,1926.11,2012-12-29 03:10:34,1746.22,170.22,1916.44,55.83,
"2012-12-28",42,2012-12-29 04:30:00,1897.348,2012-12-29 03:40:29,1744.46,179.35,1923.81,56.38,
"2012-12-28",43,2012-12-29 05:00:00,1870.444,2012-12-29 04:10:34,1716.31,190.49,1906.8,57.84,
"2012-12-28",44,2012-12-29 05:30:00,1856.885,2012-12-29 04:40:28,1748.11,174.54,1922.65,57.57,
"2012-12-28",45,2012-12-29 06:00:00,1876.082,2012-12-29 05:10:10,1822.62,158.74,1981.36,58.27,
"2012-12-28",46,2012-12-29 06:30:00,1925.509,2012-12-29 05:40:06,1910.31,141.09,2051.4,58.81,
"2012-12-28",47,2012-12-29 07:00:00,2099.197,2012-12-29 06:10:08,2042.6,118.19,2160.79,59.16,
"2012-12-28",48,2012-12-29 07:30:00,2317.231,2012-12-29 06:40:38,2176.82,115.3,2292.12,61.28,
"2012-12-29",1,2012-12-29 08:00:00,2469.869,2012-12-29 07:10:34,2277.41,122.84,2400.25,63.34,
"2012-12-29",2,2012-12-29 08:30:00,2549.842,2012-12-29 07:40:04,2389.48,129.89,2519.37,67.71,
"2012-12-29",3,2012-12-29 09:00:00,2681.062,2012-12-29 08:10:02,2550,89.45,2639.45,78.77,
"2012-12-29",4,2012-12-29 09:30:00,2715.809,2012-12-29 08:40:23,2642.86,94.43,2737.29,78.77,
"2012-12-29",5,2012-12-29 10:00:00,2828.957,2012-12-29 09:10:05,2735.77,88.47,2824.24,85.33,
"2012-12-29",6,2012-12-29 10:30:00,2917.411,2012-12-29 09:40:10,2780.47,98.53,2879,94.27,
"2012-12-29",7,2012-12-29 11:00:00,3066.427,2012-12-29 10:10:25,2850.84,84.55,2935.39,100.72,
"2012-12-29",8,2012-12-29 11:30:00,3129.695,2012-12-29 10:40:31,2906.41,97.01,3003.42,78.73,
"2012-12-29",9,2012-12-29 12:00:00,3093.131,2012-12-29 11:10:31,2957.74,88.76,3046.5,83.67,
"2012-12-29",10,2012-12-29 12:30:00,3071.991,2012-12-29 11:40:34,3012.13,85.7,3097.83,106.35,
"2012-12-29",11,2012-12-29 13:00:00,3106.035,2012-12-29 12:10:37,3045.97,84.52,3130.49,106.44,
"2012-12-29",12,2012-12-29 13:30:00,3181.137,2012-12-29 12:40:35,3066.45,79.24,3145.69,108.57,
"2012-12-29",13,2012-12-29 14:00:00,3162.975,2012-12-29 13:10:27,3103.55,63.49,3167.04,107.57,
"2012-12-29",14,2012-12-29 14:30:00,3159.717,2012-12-29 13:40:33,3075.92,85.6,3161.52,83.7,
"2012-12-29",15,2012-12-29 15:00:00,3197.608,2012-12-29 14:10:31,3073.8,88.04,3161.84,82.59,
"2012-12-29",16,2012-12-29 15:30:00,3229.169,2012-12-29 14:40:41,3046.88,105.66,3152.54,82.99,
"2012-12-29",17,2012-12-29 16:00:00,3252.954,2012-12-29 15:10:41,3038.77,111.86,3150.63,84.15,
"2012-12-29",18,2012-12-29 16:30:00,3270.413,2012-12-29 15:40:01,3059.09,112.54,3171.63,85.55,
"2012-12-29",19,2012-12-29 17:00:00,3209.005,2012-12-29 16:10:19,2988.41,110.62,3099.03,83.39,
"2012-12-29",20,2012-12-29 17:30:00,3110.81,2012-12-29 16:40:03,2972.77,113.07,3085.84,79.07,
"2012-12-29",21,2012-12-29 18:00:00,3047.776,2012-12-29 17:10:06,2929.4,126.49,3055.89,72.87,
"2012-12-29",22,2012-12-29 18:30:00,2950.822,2012-12-29 17:40:23,2899.95,126.9,3026.85,64.67,
"2012-12-29",23,2012-12-29 19:00:00,2950.09,2012-12-29 18:10:29,2842.55,146.56,2989.11,64.53,
"2012-12-29",24,2012-12-29 19:30:00,2984.411,2012-12-29 18:40:25,2869.72,168.97,3038.69,61.67,
"2012-12-29",25,2012-12-29 20:00:00,2977.525,2012-12-29 19:10:26,2796.23,207.02,3003.25,60.05,
"2012-12-29",26,2012-12-29 20:30:00,2872.443,2012-12-29 19:40:31,2667.97,263.49,2931.46,60.05,
"2012-12-29",27,2012-12-29 21:00:00,2762.341,2012-12-29 20:10:12,2555.91,276.75,2832.66,65.6,
"2012-12-29",28,2012-12-29 21:30:00,2746.138,2012-12-29 20:40:09,2472.39,246.8,2719.19,65.6,
"2012-12-29",29,2012-12-29 22:00:00,2651.313,2012-12-29 21:10:31,2343.8,250.36,2594.16,60.66,
"2012-12-29",30,2012-12-29 22:30:00,2422.271,2012-12-29 21:40:29,2271.04,211.67,2482.71,61.24,
"2012-12-29",31,2012-12-29 23:00:00,2271.255,2012-12-29 22:10:09,2158.46,213.81,2372.27,64.3,
"2012-12-29",32,2012-12-29 23:30:00,2223.456,2012-12-29 22:40:02,2034.2,228.78,2262.98,64.77,
"2012-12-29",33,2012-12-30 00:00:00,2238.223,2012-12-29 23:10:03,1955.61,221,2176.61,63.46,
"2012-12-29",34,2012-12-30 00:30:00,2175.576,2012-12-29 23:10:03,1862.49,232.27,2094.76,60.84,
"2012-12-29",35,2012-12-30 01:00:00,2121.056,2012-12-29 23:10:04,1811.56,235.1,2046.66,60.06,
"2012-12-29",36,2012-12-30 01:30:00,2033.128,2012-12-30 00:40:11,1751.28,228.59,1979.87,60.16,
"2012-12-29",37,2012-12-30 02:00:00,1951.731,2012-12-30 01:10:36,1704.09,241.15,1945.24,60.24,
"2012-12-29",38,2012-12-30 02:30:00,1983.281,2012-12-30 01:40:31,1706.95,233.85,1940.8,60.39,
"2012-12-29",39,2012-12-30 03:00:00,1929.061,2012-12-30 02:10:14,1673.63,245.06,1918.69,59.91,
"2012-12-29",40,2012-12-30 03:30:00,1885.751,2012-12-30 02:40:34,1657.69,243.23,1900.92,58.78,
"2012-12-29",41,2012-12-30 04:00:00,1895.18,2012-12-30 03:10:30,1648.31,235.31,1883.62,57.89,
"2012-12-29",42,2012-12-30 04:30:00,1863.318,2012-12-30 03:40:11,1661.92,215.51,1877.43,59.22,
"2012-12-29",43,2012-12-30 05:00:00,1845.012,2012-12-30 04:10:35,1632.84,202.79,1835.63,58.09,
"2012-12-29",44,2012-12-30 05:30:00,1847.208,2012-12-30 04:40:07,1680.87,167.13,1848,59.13,
"2012-12-29",45,2012-12-30 06:00:00,1863.932,2012-12-30 05:10:11,1717.48,168.99,1886.47,58.93,
"2012-12-29",46,2012-12-30 06:30:00,1918.006,2012-12-30 05:40:30,1786.66,164.4,1951.06,56.4,
"2012-12-29",47,2012-12-30 07:00:00,2015.636,2012-12-30 06:10:55,1842.16,197.67,2039.83,56.88,
"2012-12-29",48,2012-12-30 07:30:00,2150.567,2012-12-30 06:40:07,1915.04,204.12,2119.16,57.01,
"2012-12-30",1,2012-12-30 08:00:00,2237.996,2012-12-30 07:10:04,2028.2,218.37,2246.57,57.97,
"2012-12-30",2,2012-12-30 08:30:00,2320.01,2012-12-30 07:40:32,2126.33,244.09,2370.42,58.85,
"2012-12-30",3,2012-12-30 09:00:00,2420.657,2012-12-30 08:10:09,2265.51,229.08,2494.59,59.71,
"2012-12-30",4,2012-12-30 09:30:00,2474.108,2012-12-30 08:40:09,2423.11,194.85,2617.96,63.38,
"2012-12-30",5,2012-12-30 10:00:00,2656.448,2012-12-30 09:10:07,2533.41,190.41,2723.82,60.05,
"2012-12-30",6,2012-12-30 10:30:00,2771.6,2012-12-30 09:40:03,2605.52,177.19,2782.71,64.1,
"2012-12-30",7,2012-12-30 11:00:00,2871.397,2012-12-30 10:10:26,2627.34,182.08,2809.42,65.11,
"2012-12-30",8,2012-12-30 11:30:00,2970.841,2012-12-30 10:40:31,2671.44,154.91,2826.35,67.46,
"2012-12-30",9,2012-12-30 12:00:00,2980.468,2012-12-30 11:10:14,2716.77,122.87,2839.64,66.03,
"2012-12-30",10,2012-12-30 12:30:00,2959.665,2012-12-30 11:40:07,2759.85,120.42,2880.27,74.09,
"2012-12-30",11,2012-12-30 13:00:00,2930.386,2012-12-30 12:10:04,2783.67,131.17,2914.84,74.6,
"2012-12-30",12,2012-12-30 13:30:00,2960.418,2012-12-30 12:40:24,2729.89,195.89,2925.78,73.13,
"2012-12-30",13,2012-12-30 14:00:00,2924.991,2012-12-30 13:10:27,2764.65,171.55,2936.2,77.64,
"2012-12-30",14,2012-12-30 14:30:00,2940.991,2012-12-30 13:40:32,2826.56,125.58,2952.14,83.21,
"2012-12-30",15,2012-12-30 15:00:00,3005.728,2012-12-30 14:10:03,2912.11,96.77,3008.88,83.41,
"2012-12-30",16,2012-12-30 15:30:00,3016.381,2012-12-30 14:40:05,2939.22,90.04,3029.26,88.74,
"2012-12-30",17,2012-12-30 16:00:00,3059.629,2012-12-30 15:10:05,2981.49,80.49,3061.98,86.28,
"2012-12-30",18,2012-12-30 16:30:00,3142.364,2012-12-30 15:40:10,3011.42,55.6,3067.02,90.68,
"2012-12-30",19,2012-12-30 17:00:00,3074.274,2012-12-30 16:10:11,2989.4,53.55,3042.95,91.11,
"2012-12-30",20,2012-12-30 17:30:00,3028.741,2012-12-30 16:40:21,2964.01,50.21,3014.22,88.6,
"2012-12-30",21,2012-12-30 18:00:00,3029.221,2012-12-30 17:10:08,2915.22,63.28,2978.5,81.14,
"2012-12-30",22,2012-12-30 18:30:00,2991.597,2012-12-30 17:40:10,2836.93,106.08,2943.01,73.66,
"2012-12-30",23,2012-12-30 19:00:00,3003.15,2012-12-30 18:10:37,2773.26,138.13,2911.39,62.36,
"2012-12-30",24,2012-12-30 19:30:00,2951.339,2012-12-30 18:40:05,2763.59,204.29,2967.88,59.77,
"2012-12-30",25,2012-12-30 20:00:00,2897.974,2012-12-30 19:10:03,2835.17,128.06,2963.23,62.17,
"2012-12-30",26,2012-12-30 20:30:00,2791.7,2012-12-30 19:40:24,2797.83,114.81,2912.64,60.66,
"2012-12-30",27,2012-12-30 21:00:00,2696.612,2012-12-30 20:10:03,2704.02,97.1,2801.12,61.09,
"2012-12-30",28,2012-12-30 21:30:00,2657.263,2012-12-30 20:40:11,2579.54,92.09,2671.63,58.62,
"2012-12-30",29,2012-12-30 22:00:00,2523.923,2012-12-30 21:10:22,2356.67,182.75,2539.42,46.72,
"2012-12-30",30,2012-12-30 22:30:00,2418.857,2012-12-30 21:40:12,2196.24,195.53,2391.77,40.26,
"2012-12-30",31,2012-12-30 23:00:00,2297.175,2012-12-30 22:10:08,2094.91,195.17,2290.08,42.95,
"2012-12-30",32,2012-12-30 23:30:00,2191.562,2012-12-30 22:40:04,2035.92,187.27,2223.19,59.31,
"2012-12-30",33,2012-12-31 00:00:00,2170.162,2012-12-30 23:10:07,2009.86,126.65,2136.51,59.68,
"2012-12-30",34,2012-12-31 00:30:00,2128.564,2012-12-30 23:10:07,1968.39,105.64,2074.03,60.66,
"2012-12-30",35,2012-12-31 01:00:00,2084.311,2012-12-30 23:10:07,1907.09,115.15,2022.24,60.13,
"2012-12-30",36,2012-12-31 01:30:00,2007.529,2012-12-31 00:40:27,1851.76,129.18,1980.94,60.38,
"2012-12-30",37,2012-12-31 02:00:00,1986.716,2012-12-31 01:10:22,1809.28,139.93,1949.21,54.4,
"2012-12-30",38,2012-12-31 02:30:00,1952.469,2012-12-31 01:40:48,1789.14,140.54,1929.68,54.47,
"2012-12-30",39,2012-12-31 03:00:00,1973.34,2012-12-31 02:10:07,1761.65,155.02,1916.67,40.46,
"2012-12-30",40,2012-12-31 03:30:00,1925.935,2012-12-31 02:40:17,1763.56,152.01,1915.57,40.48,
"2012-12-30",41,2012-12-31 04:00:00,1923.701,2012-12-31 03:10:06,1757.36,154.3,1911.66,40.55,
"2012-12-30",42,2012-12-31 04:30:00,1928.147,2012-12-31 03:40:05,1756.87,167.56,1924.43,40.58,
"2012-12-30",43,2012-12-31 05:00:00,1997.345,2012-12-31 04:10:26,1770.62,157.39,1928.01,54.75,
"2012-12-30",44,2012-12-31 05:30:00,2085.096,2012-12-31 04:40:21,1830.52,158.88,1989.4,40.57,
"2012-12-30",45,2012-12-31 06:00:00,2207.515,2012-12-31 05:10:30,1942.2,146.7,2088.9,40.49,
"2012-12-30",46,2012-12-31 06:30:00,2351.514,2012-12-31 05:40:07,2066.94,131.6,2198.54,56.85,
"2012-12-30",47,2012-12-31 07:00:00,2462.649,2012-12-31 06:10:41,2243.41,121.14,2364.55,61.22,
"2012-12-30",48,2012-12-31 07:30:00,2458.02,2012-12-31 06:40:06,2380.25,121.74,2501.99,68.1,
"2012-12-31",1,2012-12-31 08:00:00,2600.033,2012-12-31 07:10:46,2539.92,120.3,2660.22,74.18,
"2012-12-31",2,2012-12-31 08:30:00,2706.359,2012-12-31 07:40:03,2629.45,137.83,2767.28,83.58,
"2012-12-31",3,2012-12-31 09:00:00,2813.211,2012-12-31 08:10:10,2732.6,134.27,2866.87,92.25,
"2012-12-31",4,2012-12-31 09:30:00,2897.592,2012-12-31 08:40:04,2790.28,141.6,2931.88,95.96,
"2012-12-31",5,2012-12-31 10:00:00,2910.608,2012-12-31 09:10:04,2884.71,138.82,3023.53,100.88,
"2012-12-31",6,2012-12-31 10:30:00,3058.797,2012-12-31 09:40:20,2903.51,145.74,3049.25,69.04,
"2012-12-31",7,2012-12-31 11:00:00,3137.042,2012-12-31 10:10:32,2977.56,137.81,3115.37,92.31,
"2012-12-31",8,2012-12-31 11:30:00,3215.752,2012-12-31 10:40:10,3029.9,124.76,3154.66,76.55,
"2012-12-31",9,2012-12-31 12:00:00,3267.048,2012-12-31 11:10:06,3086.58,117.21,3203.79,82.31,
"2012-12-31",10,2012-12-31 12:30:00,3294.167,2012-12-31 11:40:08,3132.55,97.98,3230.53,83.76,
"2012-12-31",11,2012-12-31 13:00:00,3293.912,2012-12-31 12:10:03,3171.42,97.26,3268.68,79.21,
"2012-12-31",12,2012-12-31 13:30:00,3359.533,2012-12-31 12:40:25,3233.13,77.2,3310.33,79.16,
"2012-12-31",13,2012-12-31 14:00:00,3363.791,2012-12-31 13:10:01,3251.14,85.52,3336.66,79.01,
"2012-12-31",14,2012-12-31 14:30:00,3381.943,2012-12-31 13:40:08,3282.05,104.49,3386.54,78.68,
"2012-12-31",15,2012-12-31 15:00:00,3413.591,2012-12-31 14:10:13,3274,134.81,3408.81,78.68,
"2012-12-31",16,2012-12-31 15:30:00,3458.195,2012-12-31 14:40:15,3338.54,108.44,3446.98,78.68,
"2012-12-31",17,2012-12-31 16:00:00,3469.252,2012-12-31 15:10:05,3366.24,86.82,3453.06,82.55,
"2012-12-31",18,2012-12-31 16:30:00,3437.981,2012-12-31 15:40:25,3380.32,58.85,3439.17,83.39,
"2012-12-31",19,2012-12-31 17:00:00,3425.367,2012-12-31 16:10:22,3398.37,40.43,3438.8,85.33,
"2012-12-31",20,2012-12-31 17:30:00,3410.985,2012-12-31 16:40:31,3312.63,39.78,3352.41,85.77,
"2012-12-31",21,2012-12-31 18:00:00,3266.23,2012-12-31 17:10:31,3221.19,48.2,3269.39,81.46,
"2012-12-31",22,2012-12-31 18:30:00,3286.937,2012-12-31 17:40:03,3153.46,38.74,3192.2,79.72,
"2012-12-31",23,2012-12-31 19:00:00,3175.495,2012-12-31 18:10:35,3081.88,60.97,3142.85,76.29,
"2012-12-31",24,2012-12-31 19:30:00,3162.03,2012-12-31 18:40:03,3072.49,65.65,3138.14,80.29,
"2012-12-31",25,2012-12-31 20:00:00,3034.437,2012-12-31 19:10:28,3003.03,57.61,3060.64,74.09,
"2012-12-31",26,2012-12-31 20:30:00,2964.12,2012-12-31 19:40:26,2939.66,47.94,2987.6,70.06,
"2012-12-31",27,2012-12-31 21:00:00,2824.611,2012-12-31 20:10:04,2827.6,42.31,2869.91,67.84,
"2012-12-31",28,2012-12-31 21:30:00,2693.365,2012-12-31 20:40:26,2765.69,27.59,2793.28,80.03,
"2012-12-31",29,2012-12-31 22:00:00,2522.201,2012-12-31 21:10:09,2690.86,18.72,2709.58,69.43,
"2012-12-31",30,2012-12-31 22:30:00,2461.546,2012-12-31 21:40:07,2608.65,15.35,2624,70.27,
"2012-12-31",31,2012-12-31 23:00:00,2407.478,2012-12-31 22:10:28,2506.07,18.94,2525.01,80.29,
"2012-12-31",32,2012-12-31 23:30:00,2370.779,2012-12-31 22:40:22,2434.03,38.94,2472.97,128.66,
"2012-12-31",33,2013-01-01 00:00:00,2561.14,2012-12-31 23:10:30,2330.56,57.77,2388.33,71.97,
"2012-12-31",34,2013-01-01 00:30:00,2551.705,2012-12-31 23:10:30,2255.49,79.98,2335.47,74.73,
"2012-12-31",35,2013-01-01 01:00:00,2427.7,2012-12-31 23:10:30,2196.5,100.41,2296.91,66.3,
"2012-12-31",36,2013-01-01 01:30:00,2341.326,2013-01-01 00:40:10,2135.72,109.79,2245.51,64.04,
"2012-12-31",37,2013-01-01 02:00:00,2536.588,2013-01-01 01:10:22,2085.38,108.82,2194.2,62.59,
"2012-12-31",38,2013-01-01 02:30:00,2138.514,2013-01-01 01:40:06,2064.86,94.22,2159.08,62.01,
"2012-12-31",39,2013-01-01 03:00:00,2024.082,2013-01-01 02:10:19,2030.41,85.44,2115.85,65.6,
"2012-12-31",40,2013-01-01 03:30:00,2081.657,2013-01-01 02:40:06,2010.93,72.56,2083.49,62.81,
"2012-12-31",41,2013-01-01 04:00:00,2089.745,2013-01-01 03:10:32,1996.09,82.49,2078.58,63.51,
"2012-12-31",42,2013-01-01 04:30:00,2080.985,2013-01-01 03:40:24,1998.69,63.97,2062.66,65.6,
"2012-12-31",43,2013-01-01 05:00:00,2059.715,2013-01-01 04:10:05,1949.46,57.79,2007.25,65.6,
"2012-12-31",44,2013-01-01 05:30:00,2006.823,2013-01-01 04:40:27,1953.27,48.22,2001.49,61.61,
"2012-12-31",45,2013-01-01 06:00:00,2068.936,2013-01-01 05:10:04,2026.27,42,2068.27,64.15,
"2012-12-31",46,2013-01-01 06:30:00,2088.129,2013-01-01 05:40:30,2104.38,27.09,2131.47,66.04,
"2012-12-31",47,2013-01-01 07:00:00,2182.423,2013-01-01 06:10:53,2214.29,34.74,2249.03,65.85,
"2012-12-31",48,2013-01-01 07:30:00,2328.291,2013-01-01 06:40:04,2293.69,25.78,2319.47,65.49,
